-- MySQL dump 10.13  Distrib 5.5.31, for debian-linux-gnu (x86_64)
--
-- Host: localhost    Database: otherbu
-- ------------------------------------------------------
-- Server version	5.5.31-0+wheezy1-log

/*!40101 SET @OLD_CHARACTER_SET_CLIENT=@@CHARACTER_SET_CLIENT */;
/*!40101 SET @OLD_CHARACTER_SET_RESULTS=@@CHARACTER_SET_RESULTS */;
/*!40101 SET @OLD_COLLATION_CONNECTION=@@COLLATION_CONNECTION */;
/*!40101 SET NAMES utf8 */;
/*!40103 SET @OLD_TIME_ZONE=@@TIME_ZONE */;
/*!40103 SET TIME_ZONE='+00:00' */;
/*!40014 SET @OLD_UNIQUE_CHECKS=@@UNIQUE_CHECKS, UNIQUE_CHECKS=0 */;
/*!40014 SET @OLD_FOREIGN_KEY_CHECKS=@@FOREIGN_KEY_CHECKS, FOREIGN_KEY_CHECKS=0 */;
/*!40101 SET @OLD_SQL_MODE=@@SQL_MODE, SQL_MODE='NO_AUTO_VALUE_ON_ZERO' */;
/*!40111 SET @OLD_SQL_NOTES=@@SQL_NOTES, SQL_NOTES=0 */;

--
-- Table structure for table `auth_group`
--

DROP TABLE IF EXISTS `auth_group`;
/*!40101 SET @saved_cs_client     = @@character_set_client */;
/*!40101 SET character_set_client = utf8 */;
CREATE TABLE `auth_group` (
  `id` int(11) NOT NULL AUTO_INCREMENT,
  `name` varchar(80) NOT NULL,
  PRIMARY KEY (`id`),
  UNIQUE KEY `name` (`name`)
) ENGINE=MyISAM DEFAULT CHARSET=utf8;
/*!40101 SET character_set_client = @saved_cs_client */;

--
-- Dumping data for table `auth_group`
--

LOCK TABLES `auth_group` WRITE;
/*!40000 ALTER TABLE `auth_group` DISABLE KEYS */;
/*!40000 ALTER TABLE `auth_group` ENABLE KEYS */;
UNLOCK TABLES;

--
-- Table structure for table `auth_group_permissions`
--

DROP TABLE IF EXISTS `auth_group_permissions`;
/*!40101 SET @saved_cs_client     = @@character_set_client */;
/*!40101 SET character_set_client = utf8 */;
CREATE TABLE `auth_group_permissions` (
  `id` int(11) NOT NULL AUTO_INCREMENT,
  `group_id` int(11) NOT NULL,
  `permission_id` int(11) NOT NULL,
  PRIMARY KEY (`id`),
  UNIQUE KEY `group_id` (`group_id`,`permission_id`),
  KEY `auth_group_permissions_bda51c3c` (`group_id`),
  KEY `auth_group_permissions_1e014c8f` (`permission_id`)
) ENGINE=MyISAM DEFAULT CHARSET=utf8;
/*!40101 SET character_set_client = @saved_cs_client */;

--
-- Dumping data for table `auth_group_permissions`
--

LOCK TABLES `auth_group_permissions` WRITE;
/*!40000 ALTER TABLE `auth_group_permissions` DISABLE KEYS */;
/*!40000 ALTER TABLE `auth_group_permissions` ENABLE KEYS */;
UNLOCK TABLES;

--
-- Table structure for table `auth_message`
--

DROP TABLE IF EXISTS `auth_message`;
/*!40101 SET @saved_cs_client     = @@character_set_client */;
/*!40101 SET character_set_client = utf8 */;
CREATE TABLE `auth_message` (
  `id` int(11) NOT NULL AUTO_INCREMENT,
  `user_id` int(11) NOT NULL,
  `message` longtext COLLATE utf8_unicode_ci NOT NULL,
  PRIMARY KEY (`id`),
  KEY `auth_message_403f60f` (`user_id`)
) ENGINE=MyISAM DEFAULT CHARSET=utf8 COLLATE=utf8_unicode_ci;
/*!40101 SET character_set_client = @saved_cs_client */;

--
-- Dumping data for table `auth_message`
--

LOCK TABLES `auth_message` WRITE;
/*!40000 ALTER TABLE `auth_message` DISABLE KEYS */;
/*!40000 ALTER TABLE `auth_message` ENABLE KEYS */;
UNLOCK TABLES;

--
-- Table structure for table `auth_permission`
--

DROP TABLE IF EXISTS `auth_permission`;
/*!40101 SET @saved_cs_client     = @@character_set_client */;
/*!40101 SET character_set_client = utf8 */;
CREATE TABLE `auth_permission` (
  `id` int(11) NOT NULL AUTO_INCREMENT,
  `name` varchar(50) NOT NULL,
  `content_type_id` int(11) NOT NULL,
  `codename` varchar(100) NOT NULL,
  PRIMARY KEY (`id`),
  UNIQUE KEY `content_type_id` (`content_type_id`,`codename`),
  KEY `auth_permission_e4470c6e` (`content_type_id`)
) ENGINE=MyISAM AUTO_INCREMENT=49 DEFAULT CHARSET=utf8;
/*!40101 SET character_set_client = @saved_cs_client */;

--
-- Dumping data for table `auth_permission`
--

LOCK TABLES `auth_permission` WRITE;
/*!40000 ALTER TABLE `auth_permission` DISABLE KEYS */;
INSERT INTO `auth_permission` VALUES (1,'Can add permission',1,'add_permission'),(2,'Can change permission',1,'change_permission'),(3,'Can delete permission',1,'delete_permission'),(4,'Can add group',2,'add_group'),(5,'Can change group',2,'change_group'),(6,'Can delete group',2,'delete_group'),(7,'Can add user',3,'add_user'),(8,'Can change user',3,'change_user'),(9,'Can delete user',3,'delete_user'),(10,'Can add content type',4,'add_contenttype'),(11,'Can change content type',4,'change_contenttype'),(12,'Can delete content type',4,'delete_contenttype'),(13,'Can add session',5,'add_session'),(14,'Can change session',5,'change_session'),(15,'Can delete session',5,'delete_session'),(16,'Can add site',6,'add_site'),(17,'Can change site',6,'change_site'),(18,'Can delete site',6,'delete_site'),(19,'Can add migration history',7,'add_migrationhistory'),(20,'Can change migration history',7,'change_migrationhistory'),(21,'Can delete migration history',7,'delete_migrationhistory'),(22,'Can add category',8,'add_category'),(23,'Can change category',8,'change_category'),(24,'Can delete category',8,'delete_category'),(25,'Can add category color',9,'add_categorycolor'),(26,'Can change category color',9,'change_categorycolor'),(27,'Can delete category color',9,'delete_categorycolor'),(28,'Can add bookmark',10,'add_bookmark'),(29,'Can change bookmark',10,'change_bookmark'),(30,'Can delete bookmark',10,'delete_bookmark'),(31,'Can add design',11,'add_design'),(32,'Can change design',11,'change_design'),(33,'Can delete design',11,'delete_design'),(34,'Can add user',12,'add_user'),(35,'Can change user',12,'change_user'),(36,'Can delete user',12,'delete_user'),(37,'Can add passport',13,'add_passport'),(38,'Can change passport',13,'change_passport'),(39,'Can delete passport',13,'delete_passport'),(40,'Can add page',14,'add_page'),(41,'Can change page',14,'change_page'),(42,'Can delete page',14,'delete_page'),(43,'Can add delete manager',15,'add_deletemanager'),(44,'Can change delete manager',15,'change_deletemanager'),(45,'Can delete delete manager',15,'delete_deletemanager'),(46,'Can add exception traceback',16,'add_exceptiontraceback'),(47,'Can change exception traceback',16,'change_exceptiontraceback'),(48,'Can delete exception traceback',16,'delete_exceptiontraceback');
/*!40000 ALTER TABLE `auth_permission` ENABLE KEYS */;
UNLOCK TABLES;

--
-- Table structure for table `auth_user`
--

DROP TABLE IF EXISTS `auth_user`;
/*!40101 SET @saved_cs_client     = @@character_set_client */;
/*!40101 SET character_set_client = utf8 */;
CREATE TABLE `auth_user` (
  `id` int(11) NOT NULL AUTO_INCREMENT,
  `username` varchar(30) NOT NULL,
  `first_name` varchar(30) NOT NULL,
  `last_name` varchar(30) NOT NULL,
  `email` varchar(75) NOT NULL,
  `password` varchar(128) NOT NULL,
  `is_staff` tinyint(1) NOT NULL,
  `is_active` tinyint(1) NOT NULL,
  `is_superuser` tinyint(1) NOT NULL,
  `last_login` datetime NOT NULL,
  `date_joined` datetime NOT NULL,
  PRIMARY KEY (`id`),
  UNIQUE KEY `username` (`username`)
) ENGINE=MyISAM DEFAULT CHARSET=utf8;
/*!40101 SET character_set_client = @saved_cs_client */;

--
-- Dumping data for table `auth_user`
--

LOCK TABLES `auth_user` WRITE;
/*!40000 ALTER TABLE `auth_user` DISABLE KEYS */;
/*!40000 ALTER TABLE `auth_user` ENABLE KEYS */;
UNLOCK TABLES;

--
-- Table structure for table `auth_user_groups`
--

DROP TABLE IF EXISTS `auth_user_groups`;
/*!40101 SET @saved_cs_client     = @@character_set_client */;
/*!40101 SET character_set_client = utf8 */;
CREATE TABLE `auth_user_groups` (
  `id` int(11) NOT NULL AUTO_INCREMENT,
  `user_id` int(11) NOT NULL,
  `group_id` int(11) NOT NULL,
  PRIMARY KEY (`id`),
  UNIQUE KEY `user_id` (`user_id`,`group_id`),
  KEY `auth_user_groups_fbfc09f1` (`user_id`),
  KEY `auth_user_groups_bda51c3c` (`group_id`)
) ENGINE=MyISAM DEFAULT CHARSET=utf8;
/*!40101 SET character_set_client = @saved_cs_client */;

--
-- Dumping data for table `auth_user_groups`
--

LOCK TABLES `auth_user_groups` WRITE;
/*!40000 ALTER TABLE `auth_user_groups` DISABLE KEYS */;
/*!40000 ALTER TABLE `auth_user_groups` ENABLE KEYS */;
UNLOCK TABLES;

--
-- Table structure for table `auth_user_user_permissions`
--

DROP TABLE IF EXISTS `auth_user_user_permissions`;
/*!40101 SET @saved_cs_client     = @@character_set_client */;
/*!40101 SET character_set_client = utf8 */;
CREATE TABLE `auth_user_user_permissions` (
  `id` int(11) NOT NULL AUTO_INCREMENT,
  `user_id` int(11) NOT NULL,
  `permission_id` int(11) NOT NULL,
  PRIMARY KEY (`id`),
  UNIQUE KEY `user_id` (`user_id`,`permission_id`),
  KEY `auth_user_user_permissions_fbfc09f1` (`user_id`),
  KEY `auth_user_user_permissions_1e014c8f` (`permission_id`)
) ENGINE=MyISAM DEFAULT CHARSET=utf8;
/*!40101 SET character_set_client = @saved_cs_client */;

--
-- Dumping data for table `auth_user_user_permissions`
--

LOCK TABLES `auth_user_user_permissions` WRITE;
/*!40000 ALTER TABLE `auth_user_user_permissions` DISABLE KEYS */;
/*!40000 ALTER TABLE `auth_user_user_permissions` ENABLE KEYS */;
UNLOCK TABLES;

--
-- Table structure for table `django_content_type`
--

DROP TABLE IF EXISTS `django_content_type`;
/*!40101 SET @saved_cs_client     = @@character_set_client */;
/*!40101 SET character_set_client = utf8 */;
CREATE TABLE `django_content_type` (
  `id` int(11) NOT NULL AUTO_INCREMENT,
  `name` varchar(100) NOT NULL,
  `app_label` varchar(100) NOT NULL,
  `model` varchar(100) NOT NULL,
  PRIMARY KEY (`id`),
  UNIQUE KEY `app_label` (`app_label`,`model`)
) ENGINE=MyISAM AUTO_INCREMENT=17 DEFAULT CHARSET=utf8;
/*!40101 SET character_set_client = @saved_cs_client */;

--
-- Dumping data for table `django_content_type`
--

LOCK TABLES `django_content_type` WRITE;
/*!40000 ALTER TABLE `django_content_type` DISABLE KEYS */;
INSERT INTO `django_content_type` VALUES (1,'permission','auth','permission'),(2,'group','auth','group'),(3,'user','auth','user'),(4,'content type','contenttypes','contenttype'),(5,'session','sessions','session'),(6,'site','sites','site'),(7,'migration history','south','migrationhistory'),(8,'category','setting','category'),(9,'category color','setting','categorycolor'),(10,'bookmark','setting','bookmark'),(11,'design','setting','design'),(12,'user','oauth','user'),(13,'passport','oauth','passport'),(14,'page','setting','page'),(15,'delete manager','setting','deletemanager'),(16,'exception traceback','misc','exceptiontraceback');
/*!40000 ALTER TABLE `django_content_type` ENABLE KEYS */;
UNLOCK TABLES;

--
-- Table structure for table `django_session`
--

DROP TABLE IF EXISTS `django_session`;
/*!40101 SET @saved_cs_client     = @@character_set_client */;
/*!40101 SET character_set_client = utf8 */;
CREATE TABLE `django_session` (
  `session_key` varchar(40) NOT NULL,
  `session_data` longtext NOT NULL,
  `expire_date` datetime NOT NULL,
  PRIMARY KEY (`session_key`),
  KEY `django_session_c25c2c28` (`expire_date`)
) ENGINE=MyISAM DEFAULT CHARSET=utf8;
/*!40101 SET character_set_client = @saved_cs_client */;

--
-- Dumping data for table `django_session`
--

LOCK TABLES `django_session` WRITE;
/*!40000 ALTER TABLE `django_session` DISABLE KEYS */;
INSERT INTO `django_session` VALUES ('0a813b158ad2157c7b3e3aaefcf03852','NDg1ODIxZjk4NjZmZTM0Njk1YzllYjZiZTRkMjA3YzQwNmJhMDNlZjqAAn1xAShVDGFjY2Vzc190\nb2tlbnECY3R3ZWVweS5vYXV0aApPQXV0aFRva2VuCnEDKYFxBH1xBShVBnNlY3JldHEGVSljWXZa\nTUY3MWY4d3NWa2lmSEtvWllGekp5T2V4Y3BDZHNOcjFaV29XY3EHVQNrZXlxCFUyMTMxNzA5MzE4\nMi1kRFAyNGxQcEJ0R29QdGt0c01oWElzc2VqbWVFdE5BTWRvRjhFWWFxCXViVSlLaTRCc2lJMUF4\nSEZCY2d2U244SDFxY3Jia2tmYnltNDIyMWVUR3BIY3EKVSVYYUIxNVdmSUJma2VvdkRBd2VHQmJU\nYUpnM1BNcjlyR1h2VldJcQtVK3ZkbE5KV2JyamZndGVJSlpOdDhHZlVMMWg0YjhNZmV4TWNRbXh2\nSUJodlVxDFUrcVFaVW80NHFBbHZYM0p3aTFkMERvTGtkOTVHdHgzb1VodmF1VDVyYzd5WXENVQR1\nc2VycQ5jZGphbmdvLmRiLm1vZGVscy5iYXNlCm1vZGVsX3VucGlja2xlCnEPY21vZHVsZS5vYXV0\naC5tb2RlbHMKVXNlcgpxEF1jZGphbmdvLmRiLm1vZGVscy5iYXNlCnNpbXBsZV9jbGFzc19mYWN0\nb3J5CnERh1JxEn1xEyhVCHVzZXJfZGlycRRYDQAAAHJ5by5mdWppbW90bzJxFVUEbmFtZXEWWA0A\nAABSeW8gIEZ1amltb3RvcRdVB3R5cGVfaWRxGFgPAAAAMTAwMDAyNjU2NjAwNDg4cRlVE2FjY2Vz\nc190b2tlbl9zZWNyZXRxGlgAAAAAVQpjcmVhdGVkX2F0cRtjZGF0ZXRpbWUKZGF0ZXRpbWUKcRxV\nCgfcBQsBOxsAAACFUnEdVQZfc3RhdGVxHmNkamFuZ28uZGIubW9kZWxzLmJhc2UKTW9kZWxTdGF0\nZQpxHymBcSB9cSEoVQZhZGRpbmdxIolVAmRicSNVB2RlZmF1bHRxJHViVRBhY2Nlc3NfdG9rZW5f\na2V5cSVYpQAAAENBQUNiSnVIU2pGSUJBSVVFT1hPSE1HNDg5WWprdlVST2FnZEVNNkJaQ01DR0ZE\nSlVjSlpBVFR5cmNqU2hvUVdjeWhKWkFKQ2gydTNGZlpBN1pCaHVOTzkzRnZnRlQ0bFFSa3BYRUZt\ncHZKYlc3OHVURmZqWkM5U3FXaEhOSDlyaTh0ZHdicWN4U0tXdXQyalZSclpDVWhQY0VkWExkN0p5\ndXdaRHEmVQdwYWdlX2lkcSeKAQFVBHR5cGVxKFgIAAAAZmFjZWJvb2txKVUCaWRxKooBAXViVSlr\nclg0bXBiR3NhZXpTVTQ0TkxvaXJTdTVpbmJpYnhoZ213Z2JpZEY5RXErVSlmNTdkRlJUS1NnWG9W\ndGdJUE41T1pkMDBJMkt0WmVYYUlKRDhxODd6c3EsdS4=\n','2013-05-30 00:58:02'),('6f0e5c04ff26d82b20dc309099d8889e','ZDliMWEwMDFjMDliYTI0NjYwZGQ2ZWIzMWYwYzBlYzVlMDFhZmEzNjqAAn1xAVUEdXNlcnECY2Rq\nYW5nby5kYi5tb2RlbHMuYmFzZQptb2RlbF91bnBpY2tsZQpxA2Ntb2R1bGUub2F1dGgubW9kZWxz\nClVzZXIKcQRdY2RqYW5nby5kYi5tb2RlbHMuYmFzZQpzaW1wbGVfY2xhc3NfZmFjdG9yeQpxBYdS\ncQZ9cQcoVQh1c2VyX2RpcnEIWA0AAAByeW8uZnVqaW1vdG8ycQlVBG5hbWVxClgNAAAAUnlvICBG\ndWppbW90b3ELVQd0eXBlX2lkcQxYDwAAADEwMDAwMjY1NjYwMDQ4OHENVRNhY2Nlc3NfdG9rZW5f\nc2VjcmV0cQ5YAAAAAFUKY3JlYXRlZF9hdHEPY2RhdGV0aW1lCmRhdGV0aW1lCnEQVQoH3AULATsb\nAAAAhVJxEVUGX3N0YXRlcRJjZGphbmdvLmRiLm1vZGVscy5iYXNlCk1vZGVsU3RhdGUKcRMpgXEU\nfXEVKFUGYWRkaW5ncRaJVQJkYnEXVQdkZWZhdWx0cRh1YlUQYWNjZXNzX3Rva2VuX2tleXEZWGwA\nAABBQUFDYkp1SFNqRklCQU10d2UxNW5QanlYSW1jenN4dFdGR05nRGp5SzdVUmsxeG5hdGZBbW1N\nZklTaU0zcGEyZk41WXowUjJtcWo1ZXZ3TXVaQUZVd0xUSjlsczduVFdrd3B3dWZhZ1pEWkRxGlUH\ncGFnZV9pZHEbigEBVQR0eXBlcRxYCAAAAGZhY2Vib29rcR1VAmlkcR6KAQF1YnMu\n','2013-04-14 00:03:36'),('b6127d81c808d437788a4b48a4199ac7','ZDliNDc2MzhjMzJiZTk3OTY1MmEzM2Y1MWY4ZjFjMjllODIxZWRjNDqAAn1xAVUEdXNlcnECY2Rq\nYW5nby5kYi5tb2RlbHMuYmFzZQptb2RlbF91bnBpY2tsZQpxA2Ntb2R1bGUub2F1dGgubW9kZWxz\nClVzZXIKcQRdY2RqYW5nby5kYi5tb2RlbHMuYmFzZQpzaW1wbGVfY2xhc3NfZmFjdG9yeQpxBYdS\ncQZ9cQcoVQh1c2VyX2RpcnEIWA0AAAByeW8uZnVqaW1vdG8ycQlVBG5hbWVxClgNAAAAUnlvICBG\ndWppbW90b3ELVQd0eXBlX2lkcQxYDwAAADEwMDAwMjY1NjYwMDQ4OHENVRNhY2Nlc3NfdG9rZW5f\nc2VjcmV0cQ5YAAAAAFUKY3JlYXRlZF9hdHEPY2RhdGV0aW1lCmRhdGV0aW1lCnEQVQoH3AULATsb\nAAAAhVJxEVUGX3N0YXRlcRJjZGphbmdvLmRiLm1vZGVscy5iYXNlCk1vZGVsU3RhdGUKcRMpgXEU\nfXEVKFUGYWRkaW5ncRaJVQJkYnEXVQdkZWZhdWx0cRh1YlUQYWNjZXNzX3Rva2VuX2tleXEZWKUA\nAABDQUFDYkp1SFNqRklCQUlVRU9YT0hNRzQ4OVlqa3ZVUk9hZ2RFTTZCWkNNQ0dGREpVY0paQVRU\neXJjalNob1FXY3loSlpBSkNoMnUzRmZaQTdaQmh1Tk85M0Z2Z0ZUNGxRUmtwWEVGbXB2SmJXNzh1\nVEZmalpDOVNxV2hITkg5cmk4dGR3YnFjeFNLV3V0MmpWUnJaQ1VoUGNFZFhMZDdKeXV3WkRxGlUH\ncGFnZV9pZHEbigEBVQR0eXBlcRxYCAAAAGZhY2Vib29rcR1VAmlkcR6KAQF1YnMu\n','2013-06-05 03:06:51'),('5fd5207f03de45912ddefc94650a4eae','MGFiMTU0ZTEzODAxYzY5ODcxM2IxOGE0OGVjOTE5NDQ0NDI0YmNjMzqAAn1xAShVDGFjY2Vzc190\nb2tlbnECY3R3ZWVweS5vYXV0aApPQXV0aFRva2VuCnEDKYFxBH1xBShVBnNlY3JldHEGVStiZnpp\nb05zalQ4bVB4ZVd3UlBlcG1HTEhDdTF4NXA4TnRkUGdZR1pqdnZFcQdVA2tleXEIVTI0MzMxMjc0\nMDYtdEM0Rzh5Vk5sWDdOM0NJYWU1b0lUUHVBT0ppMmtxNTFSbHlZaVhhdHEJdWJVKmZXMFlNanJn\neTRKSHBPblZ4aDRjS21iSHZvclNqUFBmR29RRHR4bnhaUXEKVSpHcU00MWdPeFhnMmREcjJVZHZ1\nWHRUaU96WXFzUzZKRDU3RXBJR0Z6aDRxC1UEdXNlcnEMY2RqYW5nby5kYi5tb2RlbHMuYmFzZQpt\nb2RlbF91bnBpY2tsZQpxDWNtb2R1bGUub2F1dGgubW9kZWxzClVzZXIKcQ5dY2RqYW5nby5kYi5t\nb2RlbHMuYmFzZQpzaW1wbGVfY2xhc3NfZmFjdG9yeQpxD4dScRB9cREoVQh1c2VyX2RpcnESWAsA\nAABhdHN1a28uYW5hbnETVQRuYW1lcRRYCwAAAEF0c3VrbyBBbmFucRVVB3R5cGVfaWRxFlgPAAAA\nMTAwMDAwNDg4NjQ1Njc4cRdVE2FjY2Vzc190b2tlbl9zZWNyZXRxGFgAAAAAVQpjcmVhdGVkX2F0\ncRljZGF0ZXRpbWUKZGF0ZXRpbWUKcRpVCgfcDAcUIBMAAACFUnEbVQZfc3RhdGVxHGNkamFuZ28u\nZGIubW9kZWxzLmJhc2UKTW9kZWxTdGF0ZQpxHSmBcR59cR8oVQZhZGRpbmdxIIlVAmRicSFVB2Rl\nZmF1bHRxInViVRBhY2Nlc3NfdG9rZW5fa2V5cSNYlAAAAENBQUNiSnVIU2pGSUJBSDJBdjN0QzlD\naWhVOUt5ejdVRFFXUWVXbzVLYmpNTEZYb051U0RiWWd0T3NIS0dhb3R5R2FOdVRuRVN2UlpDYkZp\nQmpwb2JKZnlqenRMd0taQ3RhdVRFT3p2U3d4WWsxVXVkRjBkeTRRd3ZCdkRaQ3NTS1dLcW9YNzg4\nTjZOcEUzRDAza2ZxJFUHcGFnZV9pZHEligBVBHR5cGVxJlgIAAAAZmFjZWJvb2txJ1UCaWRxKIoB\nA3VidS4=\n','2013-07-11 17:39:47'),('05d56831250e6caef0854ed111c05939','OWFjYmNlM2VjZWJjNTQyZDNjNWE3MTU4OWExNWQ3ZGIzNzExYjBkMjqAAn1xAVUEdXNlcnECY2Rq\nYW5nby5kYi5tb2RlbHMuYmFzZQptb2RlbF91bnBpY2tsZQpxA2Ntb2R1bGUub2F1dGgubW9kZWxz\nClVzZXIKcQRdY2RqYW5nby5kYi5tb2RlbHMuYmFzZQpzaW1wbGVfY2xhc3NfZmFjdG9yeQpxBYdS\ncQZ9cQcoVQh1c2VyX2RpcnEIWA0AAAByeW8uZnVqaW1vdG8ycQlVBG5hbWVxClgNAAAAUnlvICBG\ndWppbW90b3ELVQd0eXBlX2lkcQxYDwAAADEwMDAwMjY1NjYwMDQ4OHENVRNhY2Nlc3NfdG9rZW5f\nc2VjcmV0cQ5YAAAAAFUKY3JlYXRlZF9hdHEPY2RhdGV0aW1lCmRhdGV0aW1lCnEQVQoH3AULATsb\nAAAAhVJxEVUGX3N0YXRlcRJjZGphbmdvLmRiLm1vZGVscy5iYXNlCk1vZGVsU3RhdGUKcRMpgXEU\nfXEVKFUGYWRkaW5ncRaJVQJkYnEXVQdkZWZhdWx0cRh1YlUQYWNjZXNzX3Rva2VuX2tleXEZWHAA\nAABBQUFDYkp1SFNqRklCQUkyUjJybDhhVUJmVXV4d1pBNTZDdFF6R2FjMFdYSFd2QVBqYnpaQm9I\nSzVXVTk4R2Z3WWVRWkJaQkJwOEoyV0pUTlBHaUNJWkFhWGd4MlRiQU9oZXBMSTloNGhqN0FaRFpE\ncRpVBHR5cGVxG1gIAAAAZmFjZWJvb2txHFUCaWRxHYoBAXVicy4=\n','2013-02-28 01:55:21'),('4aa4ae703a8eb624ef447250c51e8e1b','N2EzYjc4YjE1OWM2ZGExNTU4Y2I2OTM5YmIyMjc4ZTc2ZTRkOTQ4ZjqAAn1xAVUrdzQyWm1ybDB1\neDM4VlMwaTVncW1qVE5JRVJhZkk4dzhjOVNSbG5TNUNWa3ECVStoc202aGxhTXJWZEM3d2lKRDdS\nRzZhSG5VWFR3aVdhOHFwQkRNUmEzcGVNcQNzLg==\n','2013-04-17 03:52:19'),('4d7d295391cff39792c19bf1fd19cc04','YjBjYmVhNThlYzlmZjA1ZjA0NjJiM2NiYzQxMDc1NDE5NzJhMmRlZjqAAn1xAVUEdXNlcnECY2Rq\nYW5nby5kYi5tb2RlbHMuYmFzZQptb2RlbF91bnBpY2tsZQpxA2Ntb2R1bGUub2F1dGgubW9kZWxz\nClVzZXIKcQRdY2RqYW5nby5kYi5tb2RlbHMuYmFzZQpzaW1wbGVfY2xhc3NfZmFjdG9yeQpxBYdS\ncQZ9cQcoVQh1c2VyX2RpcnEIWAsAAABhdHN1a28uYW5hbnEJVQRuYW1lcQpYCwAAAEF0c3VrbyBB\nbmFucQtVB3R5cGVfaWRxDFgPAAAAMTAwMDAwNDg4NjQ1Njc4cQ1VE2FjY2Vzc190b2tlbl9zZWNy\nZXRxDlgAAAAAVQpjcmVhdGVkX2F0cQ9jZGF0ZXRpbWUKZGF0ZXRpbWUKcRBVCgfcDAcUIBMAAACF\nUnERVQZfc3RhdGVxEmNkamFuZ28uZGIubW9kZWxzLmJhc2UKTW9kZWxTdGF0ZQpxEymBcRR9cRUo\nVQZhZGRpbmdxFolVAmRicRdVB2RlZmF1bHRxGHViVRBhY2Nlc3NfdG9rZW5fa2V5cRlYdQAAAEFB\nQUNiSnVIU2pGSUJBQVdwMWlmUFFaQVlwOHhyTlpCUXIyUE52RTBjWkFlOUU4NXZTS0VtdTlDRzZy\ndmN0MjJtWkJlWkNma3VDaURaQkdwanh6SDgyOU1UVGZyMHNaQnkzS0tCWkNaQnBvdlNaQXNRWkRa\nRHEaVQdwYWdlX2lkcRuKAFUEdHlwZXEcWAgAAABmYWNlYm9va3EdVQJpZHEeigEDdWJzLg==\n','2013-03-05 14:12:33'),('a487e98f303deafea44803bc1fd2527f','OTI0MGVkYWQ5YmY3MjFiNjg1MWZjNjU3N2U3MWVhN2Y4YTk5ODVkMjqAAn1xAVUqZ3l4QVNFT1Fn\nZkJueHNkWXV4bkFqVkNTY3lTTm5sUnFhOFdnUkRhWDkwcQJVKXVZMTY5UTdmNFVyWGh3ZlFDSklj\neDFndE9FRzlTMnp3Z014NlZIdHhzcQNzLg==\n','2013-03-07 07:00:43'),('737ae96134dd3055e710fae8c97ec7c9','ZGMwMThiN2ZjNzhmYmY4NGQ5NzY3Y2UxZGQ3ODhmMjY0MTc4ZmRjNzqAAn1xAVUnbzlsS3pkOE5L\neDlraEtXclA2UlcyMU1VMmN6ZmNuNUhuR0Y0MUt3cQJVKmdFeUpUUUdTdXVxUjlqU0lKZEVtcVRq\nblVtUWN0RU1sZlVRZ2VVRGxtRXEDcy4=\n','2013-03-09 03:37:19'),('8252edbe92acaf9d3632aff1b88b4df7','YzA1ZjE2OGE3NDg0YjE3Mzk5YWU1YzQyYTQ0MzYzNzVmYmUyZWI0YzqAAn1xAVUpZlpMa1hVeUUw\nYmJnRUszSUEzeW4yRDRQdUpoTlJ3d0hRbVRra2pKazhxAlUqQUlZVDlWUkFUZFZ3UEFuOFhlSkxB\nRDJRelZldHNtMkpQSTZGY3dkcUtJcQNzLg==\n','2013-03-16 12:14:16'),('a37af377206a83f6a274736d8996a7b4','ZDliMWEwMDFjMDliYTI0NjYwZGQ2ZWIzMWYwYzBlYzVlMDFhZmEzNjqAAn1xAVUEdXNlcnECY2Rq\nYW5nby5kYi5tb2RlbHMuYmFzZQptb2RlbF91bnBpY2tsZQpxA2Ntb2R1bGUub2F1dGgubW9kZWxz\nClVzZXIKcQRdY2RqYW5nby5kYi5tb2RlbHMuYmFzZQpzaW1wbGVfY2xhc3NfZmFjdG9yeQpxBYdS\ncQZ9cQcoVQh1c2VyX2RpcnEIWA0AAAByeW8uZnVqaW1vdG8ycQlVBG5hbWVxClgNAAAAUnlvICBG\ndWppbW90b3ELVQd0eXBlX2lkcQxYDwAAADEwMDAwMjY1NjYwMDQ4OHENVRNhY2Nlc3NfdG9rZW5f\nc2VjcmV0cQ5YAAAAAFUKY3JlYXRlZF9hdHEPY2RhdGV0aW1lCmRhdGV0aW1lCnEQVQoH3AULATsb\nAAAAhVJxEVUGX3N0YXRlcRJjZGphbmdvLmRiLm1vZGVscy5iYXNlCk1vZGVsU3RhdGUKcRMpgXEU\nfXEVKFUGYWRkaW5ncRaJVQJkYnEXVQdkZWZhdWx0cRh1YlUQYWNjZXNzX3Rva2VuX2tleXEZWGwA\nAABBQUFDYkp1SFNqRklCQU10d2UxNW5QanlYSW1jenN4dFdGR05nRGp5SzdVUmsxeG5hdGZBbW1N\nZklTaU0zcGEyZk41WXowUjJtcWo1ZXZ3TXVaQUZVd0xUSjlsczduVFdrd3B3dWZhZ1pEWkRxGlUH\ncGFnZV9pZHEbigEBVQR0eXBlcRxYCAAAAGZhY2Vib29rcR1VAmlkcR6KAQF1YnMu\n','2013-03-17 04:00:59'),('8045c13c4211fbf52b9d3f832c1d2091','ZDliMWEwMDFjMDliYTI0NjYwZGQ2ZWIzMWYwYzBlYzVlMDFhZmEzNjqAAn1xAVUEdXNlcnECY2Rq\nYW5nby5kYi5tb2RlbHMuYmFzZQptb2RlbF91bnBpY2tsZQpxA2Ntb2R1bGUub2F1dGgubW9kZWxz\nClVzZXIKcQRdY2RqYW5nby5kYi5tb2RlbHMuYmFzZQpzaW1wbGVfY2xhc3NfZmFjdG9yeQpxBYdS\ncQZ9cQcoVQh1c2VyX2RpcnEIWA0AAAByeW8uZnVqaW1vdG8ycQlVBG5hbWVxClgNAAAAUnlvICBG\ndWppbW90b3ELVQd0eXBlX2lkcQxYDwAAADEwMDAwMjY1NjYwMDQ4OHENVRNhY2Nlc3NfdG9rZW5f\nc2VjcmV0cQ5YAAAAAFUKY3JlYXRlZF9hdHEPY2RhdGV0aW1lCmRhdGV0aW1lCnEQVQoH3AULATsb\nAAAAhVJxEVUGX3N0YXRlcRJjZGphbmdvLmRiLm1vZGVscy5iYXNlCk1vZGVsU3RhdGUKcRMpgXEU\nfXEVKFUGYWRkaW5ncRaJVQJkYnEXVQdkZWZhdWx0cRh1YlUQYWNjZXNzX3Rva2VuX2tleXEZWGwA\nAABBQUFDYkp1SFNqRklCQU10d2UxNW5QanlYSW1jenN4dFdGR05nRGp5SzdVUmsxeG5hdGZBbW1N\nZklTaU0zcGEyZk41WXowUjJtcWo1ZXZ3TXVaQUZVd0xUSjlsczduVFdrd3B3dWZhZ1pEWkRxGlUH\ncGFnZV9pZHEbigEBVQR0eXBlcRxYCAAAAGZhY2Vib29rcR1VAmlkcR6KAQF1YnMu\n','2013-03-17 04:02:56'),('197ab289323e265581655d34514a506f','ZDliMWEwMDFjMDliYTI0NjYwZGQ2ZWIzMWYwYzBlYzVlMDFhZmEzNjqAAn1xAVUEdXNlcnECY2Rq\nYW5nby5kYi5tb2RlbHMuYmFzZQptb2RlbF91bnBpY2tsZQpxA2Ntb2R1bGUub2F1dGgubW9kZWxz\nClVzZXIKcQRdY2RqYW5nby5kYi5tb2RlbHMuYmFzZQpzaW1wbGVfY2xhc3NfZmFjdG9yeQpxBYdS\ncQZ9cQcoVQh1c2VyX2RpcnEIWA0AAAByeW8uZnVqaW1vdG8ycQlVBG5hbWVxClgNAAAAUnlvICBG\ndWppbW90b3ELVQd0eXBlX2lkcQxYDwAAADEwMDAwMjY1NjYwMDQ4OHENVRNhY2Nlc3NfdG9rZW5f\nc2VjcmV0cQ5YAAAAAFUKY3JlYXRlZF9hdHEPY2RhdGV0aW1lCmRhdGV0aW1lCnEQVQoH3AULATsb\nAAAAhVJxEVUGX3N0YXRlcRJjZGphbmdvLmRiLm1vZGVscy5iYXNlCk1vZGVsU3RhdGUKcRMpgXEU\nfXEVKFUGYWRkaW5ncRaJVQJkYnEXVQdkZWZhdWx0cRh1YlUQYWNjZXNzX3Rva2VuX2tleXEZWGwA\nAABBQUFDYkp1SFNqRklCQU10d2UxNW5QanlYSW1jenN4dFdGR05nRGp5SzdVUmsxeG5hdGZBbW1N\nZklTaU0zcGEyZk41WXowUjJtcWo1ZXZ3TXVaQUZVd0xUSjlsczduVFdrd3B3dWZhZ1pEWkRxGlUH\ncGFnZV9pZHEbigEBVQR0eXBlcRxYCAAAAGZhY2Vib29rcR1VAmlkcR6KAQF1YnMu\n','2013-03-17 04:05:58'),('2d4e1d3985f3f5b2b7100a922cbcd966','ZDliMWEwMDFjMDliYTI0NjYwZGQ2ZWIzMWYwYzBlYzVlMDFhZmEzNjqAAn1xAVUEdXNlcnECY2Rq\nYW5nby5kYi5tb2RlbHMuYmFzZQptb2RlbF91bnBpY2tsZQpxA2Ntb2R1bGUub2F1dGgubW9kZWxz\nClVzZXIKcQRdY2RqYW5nby5kYi5tb2RlbHMuYmFzZQpzaW1wbGVfY2xhc3NfZmFjdG9yeQpxBYdS\ncQZ9cQcoVQh1c2VyX2RpcnEIWA0AAAByeW8uZnVqaW1vdG8ycQlVBG5hbWVxClgNAAAAUnlvICBG\ndWppbW90b3ELVQd0eXBlX2lkcQxYDwAAADEwMDAwMjY1NjYwMDQ4OHENVRNhY2Nlc3NfdG9rZW5f\nc2VjcmV0cQ5YAAAAAFUKY3JlYXRlZF9hdHEPY2RhdGV0aW1lCmRhdGV0aW1lCnEQVQoH3AULATsb\nAAAAhVJxEVUGX3N0YXRlcRJjZGphbmdvLmRiLm1vZGVscy5iYXNlCk1vZGVsU3RhdGUKcRMpgXEU\nfXEVKFUGYWRkaW5ncRaJVQJkYnEXVQdkZWZhdWx0cRh1YlUQYWNjZXNzX3Rva2VuX2tleXEZWGwA\nAABBQUFDYkp1SFNqRklCQU10d2UxNW5QanlYSW1jenN4dFdGR05nRGp5SzdVUmsxeG5hdGZBbW1N\nZklTaU0zcGEyZk41WXowUjJtcWo1ZXZ3TXVaQUZVd0xUSjlsczduVFdrd3B3dWZhZ1pEWkRxGlUH\ncGFnZV9pZHEbigEBVQR0eXBlcRxYCAAAAGZhY2Vib29rcR1VAmlkcR6KAQF1YnMu\n','2013-03-17 04:11:04'),('8fdfe8e2f06495fb1d75fa07eb03c908','MjUyMWI1Zjg0NGM3Yzc4MDA5YTUzZmQ2YTllMThlNjQ3MTdlNjNlMjqAAn1xAVUrdDdqRTdudEJG\nTFlFRFZlVTh5VDJsTzBtbEhYM2ZDcThHVW9QOHpyamhDRXECVStZWXhIenBST1BPckU5QVhudVp2\naTRoNmpQY2w5Z2NyblFrMWVSRTZ4WWRVcQNzLg==\n','2013-03-23 23:02:32'),('2bfa231d4532605e6a3f126ed14f055c','ZDliMWEwMDFjMDliYTI0NjYwZGQ2ZWIzMWYwYzBlYzVlMDFhZmEzNjqAAn1xAVUEdXNlcnECY2Rq\nYW5nby5kYi5tb2RlbHMuYmFzZQptb2RlbF91bnBpY2tsZQpxA2Ntb2R1bGUub2F1dGgubW9kZWxz\nClVzZXIKcQRdY2RqYW5nby5kYi5tb2RlbHMuYmFzZQpzaW1wbGVfY2xhc3NfZmFjdG9yeQpxBYdS\ncQZ9cQcoVQh1c2VyX2RpcnEIWA0AAAByeW8uZnVqaW1vdG8ycQlVBG5hbWVxClgNAAAAUnlvICBG\ndWppbW90b3ELVQd0eXBlX2lkcQxYDwAAADEwMDAwMjY1NjYwMDQ4OHENVRNhY2Nlc3NfdG9rZW5f\nc2VjcmV0cQ5YAAAAAFUKY3JlYXRlZF9hdHEPY2RhdGV0aW1lCmRhdGV0aW1lCnEQVQoH3AULATsb\nAAAAhVJxEVUGX3N0YXRlcRJjZGphbmdvLmRiLm1vZGVscy5iYXNlCk1vZGVsU3RhdGUKcRMpgXEU\nfXEVKFUGYWRkaW5ncRaJVQJkYnEXVQdkZWZhdWx0cRh1YlUQYWNjZXNzX3Rva2VuX2tleXEZWGwA\nAABBQUFDYkp1SFNqRklCQU10d2UxNW5QanlYSW1jenN4dFdGR05nRGp5SzdVUmsxeG5hdGZBbW1N\nZklTaU0zcGEyZk41WXowUjJtcWo1ZXZ3TXVaQUZVd0xUSjlsczduVFdrd3B3dWZhZ1pEWkRxGlUH\ncGFnZV9pZHEbigEBVQR0eXBlcRxYCAAAAGZhY2Vib29rcR1VAmlkcR6KAQF1YnMu\n','2013-04-26 00:35:29'),('a67af82cf85f28624b50ef3b7d652577','ZDliMWEwMDFjMDliYTI0NjYwZGQ2ZWIzMWYwYzBlYzVlMDFhZmEzNjqAAn1xAVUEdXNlcnECY2Rq\nYW5nby5kYi5tb2RlbHMuYmFzZQptb2RlbF91bnBpY2tsZQpxA2Ntb2R1bGUub2F1dGgubW9kZWxz\nClVzZXIKcQRdY2RqYW5nby5kYi5tb2RlbHMuYmFzZQpzaW1wbGVfY2xhc3NfZmFjdG9yeQpxBYdS\ncQZ9cQcoVQh1c2VyX2RpcnEIWA0AAAByeW8uZnVqaW1vdG8ycQlVBG5hbWVxClgNAAAAUnlvICBG\ndWppbW90b3ELVQd0eXBlX2lkcQxYDwAAADEwMDAwMjY1NjYwMDQ4OHENVRNhY2Nlc3NfdG9rZW5f\nc2VjcmV0cQ5YAAAAAFUKY3JlYXRlZF9hdHEPY2RhdGV0aW1lCmRhdGV0aW1lCnEQVQoH3AULATsb\nAAAAhVJxEVUGX3N0YXRlcRJjZGphbmdvLmRiLm1vZGVscy5iYXNlCk1vZGVsU3RhdGUKcRMpgXEU\nfXEVKFUGYWRkaW5ncRaJVQJkYnEXVQdkZWZhdWx0cRh1YlUQYWNjZXNzX3Rva2VuX2tleXEZWGwA\nAABBQUFDYkp1SFNqRklCQU10d2UxNW5QanlYSW1jenN4dFdGR05nRGp5SzdVUmsxeG5hdGZBbW1N\nZklTaU0zcGEyZk41WXowUjJtcWo1ZXZ3TXVaQUZVd0xUSjlsczduVFdrd3B3dWZhZ1pEWkRxGlUH\ncGFnZV9pZHEbigEBVQR0eXBlcRxYCAAAAGZhY2Vib29rcR1VAmlkcR6KAQF1YnMu\n','2013-04-13 23:52:02'),('78109b19095c2151fc9c3ed842988f31','YTJiY2U3Yzc2ZGQyMDg0NjdjMDRiNzJhNWIzOTk2MjU2ODdjZjMzZjqAAn1xAVUpeUZNUU93Z2JQ\nNnVmdUZHOTdkVmNMT1BpUW5MUzJlNnAwSTJxZnRFNm9xAlUrWDdiWm4wZ1VtWUxqWTNsNElNdUdE\nUnhuVmxPVTBkSWtkTmlkNnJsNWx1b3EDcy4=\n','2013-03-30 19:02:32'),('7398305d9f3300420943f24a73bd78ef','ZDliMWEwMDFjMDliYTI0NjYwZGQ2ZWIzMWYwYzBlYzVlMDFhZmEzNjqAAn1xAVUEdXNlcnECY2Rq\nYW5nby5kYi5tb2RlbHMuYmFzZQptb2RlbF91bnBpY2tsZQpxA2Ntb2R1bGUub2F1dGgubW9kZWxz\nClVzZXIKcQRdY2RqYW5nby5kYi5tb2RlbHMuYmFzZQpzaW1wbGVfY2xhc3NfZmFjdG9yeQpxBYdS\ncQZ9cQcoVQh1c2VyX2RpcnEIWA0AAAByeW8uZnVqaW1vdG8ycQlVBG5hbWVxClgNAAAAUnlvICBG\ndWppbW90b3ELVQd0eXBlX2lkcQxYDwAAADEwMDAwMjY1NjYwMDQ4OHENVRNhY2Nlc3NfdG9rZW5f\nc2VjcmV0cQ5YAAAAAFUKY3JlYXRlZF9hdHEPY2RhdGV0aW1lCmRhdGV0aW1lCnEQVQoH3AULATsb\nAAAAhVJxEVUGX3N0YXRlcRJjZGphbmdvLmRiLm1vZGVscy5iYXNlCk1vZGVsU3RhdGUKcRMpgXEU\nfXEVKFUGYWRkaW5ncRaJVQJkYnEXVQdkZWZhdWx0cRh1YlUQYWNjZXNzX3Rva2VuX2tleXEZWGwA\nAABBQUFDYkp1SFNqRklCQU10d2UxNW5QanlYSW1jenN4dFdGR05nRGp5SzdVUmsxeG5hdGZBbW1N\nZklTaU0zcGEyZk41WXowUjJtcWo1ZXZ3TXVaQUZVd0xUSjlsczduVFdrd3B3dWZhZ1pEWkRxGlUH\ncGFnZV9pZHEbigEBVQR0eXBlcRxYCAAAAGZhY2Vib29rcR1VAmlkcR6KAQF1YnMu\n','2013-04-07 06:27:01'),('6affc60f8621144e8d6e26ea2ee308cb','ZTdiNjBiYzRiYjcyNTBjNzY5Y2IzODAxMGY3MjkwYmMzYTFkNDM5NTqAAn1xAVUrOVJ1SFFRalMy\nVTB2ZXM0ZDM2bU1ndUhGUzdQRnN2OFp2RHJQQVNsU2xmc3ECVSdJSjAyWEpPUkZZMENUc2dXTXdH\nWEpodWVicEcxbWNvMWpPWGRnMnNxA3Mu\n','2013-04-09 10:08:18'),('f635ea282d96b52d9a233608b7c0c214','NDUxZDQzMzZiNjVjOTA4NmQ0NjdhMzYxM2Y2OGFmM2U1ZTYxZmZkNzqAAn1xAVUqZGVlOE02OGg0\nQlp4Z25EQmFiMnMwZ3dwTnVFM0JONEhJSmV0empOZ3IwcQJVKW9jV3ZUektPWlhJenJLbG1PdVdn\nTUdnVWl3U1E0dUpDc1lhRkVCMHhZcQNzLg==\n','2013-04-09 10:27:48'),('ea7ad9f72ae5158420101c7ac06fc3d1','YWNmM2FhYzhhZTBkYjVjZjYwOWY5YWQ2OGE4YWI4NmJhOGNlMjM1OTqAAn1xAVUEdXNlcnECY2Rq\nYW5nby5kYi5tb2RlbHMuYmFzZQptb2RlbF91bnBpY2tsZQpxA2Ntb2R1bGUub2F1dGgubW9kZWxz\nClVzZXIKcQRdY2RqYW5nby5kYi5tb2RlbHMuYmFzZQpzaW1wbGVfY2xhc3NfZmFjdG9yeQpxBYdS\ncQZ9cQcoVQh1c2VyX2RpcnEIWAsAAABhdHN1a28uYW5hbnEJVQRuYW1lcQpYCwAAAEF0c3VrbyBB\nbmFucQtVB3R5cGVfaWRxDFgPAAAAMTAwMDAwNDg4NjQ1Njc4cQ1VE2FjY2Vzc190b2tlbl9zZWNy\nZXRxDlgAAAAAVQpjcmVhdGVkX2F0cQ9jZGF0ZXRpbWUKZGF0ZXRpbWUKcRBVCgfcDAcUIBMAAACF\nUnERVQZfc3RhdGVxEmNkamFuZ28uZGIubW9kZWxzLmJhc2UKTW9kZWxTdGF0ZQpxEymBcRR9cRUo\nVQZhZGRpbmdxFolVAmRicRdVB2RlZmF1bHRxGHViVRBhY2Nlc3NfdG9rZW5fa2V5cRlYcQAAAEFB\nQUNiSnVIU2pGSUJBR1pDNzhPMXBnRFFrN1RuVndvaTVaQ255a3YxWkNhZlRCWUdRcXhlR2NSdE5G\ncVdHTzJtRFFQVTkyUW9EWkJmaG9aQUF4OFRLcUlnaFBLMWNCbnVaQ2htUmFhbnBhZ1FaRFpEcRpV\nB3BhZ2VfaWRxG4oAVQR0eXBlcRxYCAAAAGZhY2Vib29rcR1VAmlkcR6KAQN1YnMu\n','2013-04-27 12:09:56'),('a182f540a8ba5fd273944c1a83187e88','MTk1YTQwYjc3ZTM5NjE5ODk3MmRlZmI4ZTc5ZTA1NTA0NjZhMzFhYTqAAn1xAVUJREVNT19QQUdF\ncQKIcy4=\n','2013-04-17 03:52:24'),('3f96e8a72071961a749d94ae86c96798','MTk1YTQwYjc3ZTM5NjE5ODk3MmRlZmI4ZTc5ZTA1NTA0NjZhMzFhYTqAAn1xAVUJREVNT19QQUdF\ncQKIcy4=\n','2013-04-21 18:04:24'),('5ae6964841a09205708072619c57c7a9','NDY0MTkwNTU1MzcwY2VmZWUwY2M1NGJmYTUwNjQ0N2ZlNzIwMTVmMTqAAn1xAVUqMmNsNVRqOU1n\nNjM4MFZqd0JWRGNvWUlnRzBSRm0xc3I3VldTVDFMbkNzcQJVK1QzUGloR2t2Q21hTTIwSGVFMHp1\nQW05TmlGMmo2d0FFVmVadFZVT05DVlFxA3Mu\n','2013-04-26 09:43:18'),('3088a77ff926cd50535dccca28aabefb','MTk1YTQwYjc3ZTM5NjE5ODk3MmRlZmI4ZTc5ZTA1NTA0NjZhMzFhYTqAAn1xAVUJREVNT19QQUdF\ncQKIcy4=\n','2013-04-28 12:22:13'),('f98106354a52c45bb171b903b1064805','ZmJiMjgzNTA5NDcxMmRjMjA2N2QwMDY0NDUxNjJiYTE2ZDA0Y2Q5YjqAAn1xAVUqSFNPYWVxN2c2\nZ2RUSjBSZHEwb0hVczlOdXdCUTdDUU9NU3BlUm5NbUlJcQJVK0s1aUZxTlhqdnFjMUJjR2c1aG1i\nSHpnaTh0MmdKakQxb1Vhc2owbFZQWklxA3Mu\n','2013-06-08 16:59:06'),('e3000912622e608610d1b80aafab1b9f','NzgzOWE3OWY1YmMxY2JiNWZkZmEzMGMwNWRiMmVmNTQ5YzdiNGU4ZjqAAn1xAVUrWHNsQXc4UjJ2\ncm9sRjBrU045Ykw0d29xeWZsTXFEZ1VJNW1mUG1aYWE2Z3ECVSlSYnNVWHIzaVRHQWtTUk5wY1NU\nRGRaZkE2SlA2b2ZEVUdjc1p6MW9FWXEDcy4=\n','2013-04-29 07:42:07'),('ecc1d6183f31a11d13da4b68ae1579e5','MTk1YTQwYjc3ZTM5NjE5ODk3MmRlZmI4ZTc5ZTA1NTA0NjZhMzFhYTqAAn1xAVUJREVNT19QQUdF\ncQKIcy4=\n','2013-05-01 05:02:57'),('8b6d2025fc7dfe95900e60b3234b954f','NTI5NzhlNzViNDY3ZGNhOWI3ZmI4OTY3ZjBjZjZhMjEzNWZhYzFmZTqAAn1xAVUpNW5hbGRIbVdi\nYnpRVUpjWGh5NDBUbmdiS2E4Y0NXbW9Wek1SMDdqd2txAlUrdXdBMWRCZklYbGpzY1k3RFpmbW9p\na1NoS3hGcDZrVnd0dzF3YzBTRHVUZ3EDcy4=\n','2013-05-01 05:03:00'),('fa3c213cb2f1a6935cba3f72b0369261','MTk1YTQwYjc3ZTM5NjE5ODk3MmRlZmI4ZTc5ZTA1NTA0NjZhMzFhYTqAAn1xAVUJREVNT19QQUdF\ncQKIcy4=\n','2013-05-02 02:24:08'),('063191761f4ed7bf22f781ac156d6128','NmFkMWNlZDliYjNhYTIzMTBhNjQ4ZjA5YWRmMzUwMDE1NTZjZDg3NjqAAn1xAVUpNTdWZmZXbjE5\nVWV1ZWJPek1xUVZYM09UNmJxTURYVnk5ampzb09CaGdxAlUreHYwZUs0VXQ0S0lIMzl6ZzNMOGlZ\nSEtLNTJtQ3Y0Z1E0UVpXS2NQRlhZMHEDcy4=\n','2013-05-03 21:27:06'),('c5ca61274448af244cd3c4c440007c2f','MTk1YTQwYjc3ZTM5NjE5ODk3MmRlZmI4ZTc5ZTA1NTA0NjZhMzFhYTqAAn1xAVUJREVNT19QQUdF\ncQKIcy4=\n','2013-05-06 01:54:08'),('bceae93307644f388ee596f37ee939c6','MjUzYTcwZDU2OTQ4MjA2ZjdiMGNlZmFjYjM5MTg4YTQ3NGE5ZGNhMTqAAn1xAVUrc3pqbDVpeUtZ\nenJ5eEpUU2hyWFJEd2plSUxqQ0w0bEo5Tm1KM3pBeVJvd3ECVStTOGlMeWw0MDJPUU82SkJSTEdq\nWm1TcHROVzd2bjBRVUZaOXZIWWZ4R1NFcQNzLg==\n','2013-05-06 16:13:50'),('c199de18495ddb3c5248119fa06b487c','NzAzYWI4ZmIwZjRhMjQwZGVlYWYyNmY2NDA4M2Y4MzZlMjhiODI4OTqAAn1xAVUEdXNlcnECY2Rq\nYW5nby5kYi5tb2RlbHMuYmFzZQptb2RlbF91bnBpY2tsZQpxA2Ntb2R1bGUub2F1dGgubW9kZWxz\nClVzZXIKcQRdY2RqYW5nby5kYi5tb2RlbHMuYmFzZQpzaW1wbGVfY2xhc3NfZmFjdG9yeQpxBYdS\ncQZ9cQcoVQh1c2VyX2RpcnEIWAsAAABhdHN1a28uYW5hbnEJVQRuYW1lcQpYCwAAAEF0c3VrbyBB\nbmFucQtVB3R5cGVfaWRxDFgPAAAAMTAwMDAwNDg4NjQ1Njc4cQ1VE2FjY2Vzc190b2tlbl9zZWNy\nZXRxDlgAAAAAVQpjcmVhdGVkX2F0cQ9jZGF0ZXRpbWUKZGF0ZXRpbWUKcRBVCgfcDAcUIBMAAACF\nUnERVQZfc3RhdGVxEmNkamFuZ28uZGIubW9kZWxzLmJhc2UKTW9kZWxTdGF0ZQpxEymBcRR9cRUo\nVQZhZGRpbmdxFolVAmRicRdVB2RlZmF1bHRxGHViVRBhY2Nlc3NfdG9rZW5fa2V5cRlYxAAAAEJB\nQUNiSnVIU2pGSUJBQnNtWUVrdXh2Yk1aQXhRR01keFVLT2M0b2pMUXNMVEZjNDNvc1V0UkpJTU5R\nZ2FoNVpCeTdxNHREdjBPSTFHT0tHWkI2d2ZBbmpqVlBHOFk2NW9UODkzTm03dE1XbEJaQmN6NUVY\nNld4MDgyMk1WazA4cXdWU21uWVAxd0VUQ3czcDM1WkJoSmp0TmNMS3QwbjdGaWV1VVNFNG1RanFZ\neG5oYzBJSTJrYlpBTTJSRG03Z1Q0WkRxGlUHcGFnZV9pZHEbigBVBHR5cGVxHFgIAAAAZmFjZWJv\nb2txHVUCaWRxHooBA3Vicy4=\n','2013-05-07 15:07:31'),('a3f4c0c02caa67a105f657039f10b21e','M2QzZmNkODBiMTA1MmVlNDE0NmQ5ZjRhYWZkZDY1OGEwY2M3Yjg1OTqAAn1xAVUrOWhrcFhkRmZ4\neVJYSHNyazdCT3B5RmVySDY3ZVlrU3dqa0lKdmJXTHlhNHECVSpoV2R6djdlenlIWkJoVWxRQjFV\nbGlRU0JvdkV5VnprS0JqakZ0WEtDZVFxA3Mu\n','2013-06-24 21:03:56'),('499ba6322ea7c32732bdea20eebe388b','MDBiNzI0M2E0NDBhN2U5NmY4YzBjOTU3MTk0MDExZWQ4NDI5Y2FhZTqAAn1xAVUpZWFJZk81Q0Fy\ncllYSmNRaHV3VGo1RlZFdVVZWTRpQjhxQ3p0Zm5CcDBxAlUqclNtajJoT01vM3BFNlA2UXFGc28x\nbDVzU3BJTWoxYkRFMzU0eGlKZUdRcQNzLg==\n','2013-05-09 22:19:53'),('7d36d3188fbcfdbb2181ad0a1bc6e00f','NWVlMzg3N2NjOWY3M2Y3MjA2MWU5MmJjN2RkMmVmMTg3ZTc2MTE1MzqAAn1xAVUpMURkVENzSVpq\ndmVGWEJEcXVKVGx6VGNINVp1SWZiNWViZUozZmJCRE1xAlUqWG5BQXdmdlZyWWg2T1JmcjcwZXpq\nY0VUTGozVWxPZUs3Z2xNTEtSZ1RjcQNzLg==\n','2013-05-10 06:08:18'),('cae61d7abd314cb9e0151fb07f2cfe3f','MTk1YTQwYjc3ZTM5NjE5ODk3MmRlZmI4ZTc5ZTA1NTA0NjZhMzFhYTqAAn1xAVUJREVNT19QQUdF\ncQKIcy4=\n','2013-05-12 20:41:36'),('8e33f2236ace1cb3c4e9c7e2f15f63f2','YWY2YjMwZDQ3ZWQwMWYwODZjZTk4N2UwYmIxNjkzMDM3NmZlZmJjMDqAAn1xAVUrRGpVbkdneDdN\nTTRJeDNtMnBJdGRuS1RPd2t0bFIyakhLbHZKajR5RXQ2WXECVSl1TXdiZnd1cENSRFhnaUhCeTdh\neDBjZEJtaW9PUnVURWhCRmhpd3pEWXEDcy4=\n','2013-05-13 11:14:42'),('bb0097d5bc2e2670ee086d30279d2294','ZTI4YWZiNTU5YTc4ZWNlMjgwMjFiZWE0NzE2NWY5NjNjMTA1NDNkZDqAAn1xAVUqaVE1UGJwbzZm\nWHRMYWlxT2lIMGFBdjcyTzZYcXBlUkcxZTI0NjRkMUhncQJVK3FHaTZXQU02SkYyYWNBRWNXZndn\nWDN1MEtxQ0FyZElHRjY4N0I1NTVWbk1xA3Mu\n','2013-05-13 14:32:29'),('431ec5cf8694e1a9895a644bf35aa433','NDQ2OTg1ZjAzNGRkZGY3YjA2Yzg2OGUwMDI5NDM4YWNiZmQxYzY5MjqAAn1xAVUqS1I2MWROR05D\nQTh4a0laR2Z2SjNIM0xoQTczV2FBZzRkVG5NMFVQOW40cQJVKnBNTmVscTZiSnczSWh0Q0xTOTNB\nMmlzUTQ0dTlXRHpPVDVTWGQyZ1pQMHEDcy4=\n','2013-05-16 08:35:22'),('e525d594e44eda66d3fe6f4fa53703d1','YjM2NzVjOGMyNWI3ZDJiZTczNWE5MzdhOGU1Yjg0NWM5ZmRiNmUwMDqAAn1xAVUqZ1VDS0FBOFp0\nSDhMSXhaOXFTRVVtNjJwbTNuQTNNc3FkeWl4b0NvTTZrcQJVK1A0TFJxMUxaRVduY3RmYTVhOFh3\nRXlwY2xaU3o4T2VVSkRrMW1DZEd0TTRxA3Mu\n','2013-05-18 15:42:37'),('13c60ca53c2c627493bd614d88ff28fc','NGVkMGNiNmM3NGVlZGJmYTBiM2ExZjBiYTBiZDVhNDBkMTg3ODU2ODqAAn1xAVUrOGJISmhRcjJC\na2dSZGRlM3BrYTVXeFNyMW9wVEtEbFlnaHZEMDAwOHp6d3ECVStkbjdpNWNoS0FkUDBva2JhQXJs\nMUZYMDBmcXhDU2xuMmVOS0hGeVJ4UTMwcQNzLg==\n','2013-05-21 09:52:51'),('b15b716956f9404f6e28537da02e0ef6','ZmE2OTA3YTM5YzBiNDk2MWFjZDhhZGQ1YWVmMzU5ODVhYTE1ZWEzYjqAAn1xAVUrTHNsYkowOVhp\nbklPSHUyUktYT1ZyTW85azIxTnJPcDFCdW1lRjhVQWpEd3ECVSpTS1BPNGJkeVZaWmg1MWZPUjlp\nbmxGWDdDVUJVWWRTMTBHREVZR1RST3NxA3Mu\n','2013-05-25 02:07:37'),('32d3bb5bf494192af6a79406f44df253','OTdhYWFmZTJmODkzZTU3ZDA3YmY2ZGVkOTYwZjA1NzA2Y2I0MjVlNjqAAn1xAVUEdXNlcnECY2Rq\nYW5nby5kYi5tb2RlbHMuYmFzZQptb2RlbF91bnBpY2tsZQpxA2Ntb2R1bGUub2F1dGgubW9kZWxz\nClVzZXIKcQRdY2RqYW5nby5kYi5tb2RlbHMuYmFzZQpzaW1wbGVfY2xhc3NfZmFjdG9yeQpxBYdS\ncQZ9cQcoVQh1c2VyX2RpcnEIWA0AAAByeW8uZnVqaW1vdG8ycQlVBG5hbWVxClgNAAAAUnlvICBG\ndWppbW90b3ELVQd0eXBlX2lkcQxYDwAAADEwMDAwMjY1NjYwMDQ4OHENVRNhY2Nlc3NfdG9rZW5f\nc2VjcmV0cQ5YAAAAAFUKY3JlYXRlZF9hdHEPY2RhdGV0aW1lCmRhdGV0aW1lCnEQVQoH3AULATsb\nAAAAhVJxEVUGX3N0YXRlcRJjZGphbmdvLmRiLm1vZGVscy5iYXNlCk1vZGVsU3RhdGUKcRMpgXEU\nfXEVKFUGYWRkaW5ncRaJVQJkYnEXVQdkZWZhdWx0cRh1YlUQYWNjZXNzX3Rva2VuX2tleXEZWKQA\nAABDQUFDYkp1SFNqRklCQUcxMFZFNExJWUg5UUR5Vk4wSEhxaWl5cmQ2VWRtYWswM1pCMkliblFh\nWGxGdjdLNVpDUW5mWXlqRGV1WkM3VE9wODZmdVpCM2RrUkljRHFFZDJYcGhQVEdZVGFIenNwWTl3\nenFVU2FCUjFEU2pqcE1IeGNEdTJJWkNpWkFITm1WM1dCeTRqeXhFVkRqc0dMb1JOMThaRHEaVQdw\nYWdlX2lkcRuKAQFVBHR5cGVxHFgIAAAAZmFjZWJvb2txHVUCaWRxHooBAXVicy4=\n','2013-05-27 04:04:53'),('7a258d9b933ce18a0f12a95969af945d','ZWQ2YmIzNzdiMWM1Mzk1ZWM2YjVmMWYxYTAxNjg3MzcwOWNlNmQ2YTqAAn1xAVUEdXNlcmNkamFu\nZ28uZGIubW9kZWxzLmJhc2UKbW9kZWxfdW5waWNrbGUKcQJjbW9kdWxlLm9hdXRoLm1vZGVscwpV\nc2VyCnEDXWNkamFuZ28uZGIubW9kZWxzLmJhc2UKc2ltcGxlX2NsYXNzX2ZhY3RvcnkKcQSHUnEF\nfXEGKFUIdXNlcl9kaXJxB1gNAAAAcnlvLmZ1amltb3RvMlUEbmFtZXEIWA0AAABSeW8gIEZ1amlt\nb3RvVQd0eXBlX2lkcQlYDwAAADEwMDAwMjY1NjYwMDQ4OFUTYWNjZXNzX3Rva2VuX3NlY3JldHEK\nWAAAAABVCmNyZWF0ZWRfYXRxC2NkYXRldGltZQpkYXRldGltZQpxDFUKB9wFCwE7GwAAAIVScQ1V\nBl9zdGF0ZXEOY2RqYW5nby5kYi5tb2RlbHMuYmFzZQpNb2RlbFN0YXRlCnEPKYFxEH1xEShVBmFk\nZGluZ3ESiVUCZGJxE1UHZGVmYXVsdHEUdWJVEGFjY2Vzc190b2tlbl9rZXlxFVijAAAAQ0FBQ2JK\ndUhTakZJQkFEU3FQdHVrRUJycTBGVExheG9QQ0o4WkNMRnhld004blhhcUltQmRtTkpSNVk5emNh\nTXJaQTlRU1JOS09DZFpDMXdFdHZFWEZ1NEVScFZUcmt6amVLa3NRU2xSQXl2eWo2dzVESEE1UGI3\nNDhoTTRrVGtXcmRJWkNxeTNRSm5tdWhaQ0FleERqVnFmSExnanVXMG9aRFUHcGFnZV9pZHEWigEQ\nVQR0eXBlcRdYCAAAAGZhY2Vib29rVQJpZHEYigEBdWJzLg==\n','2013-09-06 18:24:33'),('40f5c6a9b381a384dc0c53595f32cc23','MWMxMTFkNzQ3ZmFiOWJhNmVmY2E3MWUxYmUwZWRiOWE1NjY1ZTcxNTqAAn1xAVUrd2FMS0VIdG0z\nR0JUQlRqSzZ6bU5DeExCN25qaHN5ZUpwTGhGWGx6M1E3QVUrWnByZGlwVUNoZndWbW0yZ1ZQME1i\nOGJaQzZKb1dranFIdmt2UkltSGVwOHMu\n','2013-07-24 21:36:51'),('2913385420af63752bceaca2f92b9537','YjA1MTFhM2VlZTg4MWViZjEzZWFjNjliNWM3ZDNkOWIxYThlYmUwNjqAAn1xAVUpWGVxY3IzNGFo\nNVQ2RHEweDNpS1I1NXJtU0xMNXNNQU5iMElZbDV1VXNxAlUnUFdnRzVpTEZMbGlrYVJQbVR1dWlF\nYnA1WUJoNU40eENUWmdtS2hvcQNzLg==\n','2013-05-30 09:32:38'),('37c50825c79ad2c2b21a735b0e142161','ZDU1MzQ1YWNkOGJlMDUwZjA0NmNjODBiZGU0Mjg5M2EwY2IyZmZlZDqAAn1xAVUpVHlDazU1Tng5\nOFdDbVZ4TGpGYU5xWlF6YW1sN212NGlZdTZpdWlGVTRxAlUpQ3loMUNsRWxtclYyb3liTDQ2NG1h\nWDJNU2FJbndIQURLeDF5ekJ4R2NxA3Mu\n','2013-05-30 17:04:37'),('9900eb20873b14e22f367304d2a53a3d','MTk1YTQwYjc3ZTM5NjE5ODk3MmRlZmI4ZTc5ZTA1NTA0NjZhMzFhYTqAAn1xAVUJREVNT19QQUdF\ncQKIcy4=\n','2013-06-02 06:34:42'),('0777437789668f3b09be277f5fbb98cb','MWFmMTBiZDQzNmIzM2UxNTZkYTM3MjY2MzdlMjkyMmI0ZGY1ZGMxMDqAAn1xAVUpek5ydFZVZ3Zz\nTDk2QjVsZ0xrOVB3NFFRNUp0RnVKMDZuRXdIY3V2WTRxAlUqeGdSQnNWSm1IdGxVSGxvRzlZcGxG\ndHdLMWg4bnNOVjM4aUNjbVFTcXU4cQNzLg==\n','2013-06-02 06:34:44'),('a411b870b00f8cdab15c5503d0e448cd','MzcwODg1N2E3YzNkODg2NjQ1OTFkMTQyMGUzZWFiNTRlNTdlMTMzMjqAAn1xAVUEdXNlcnECY2Rq\nYW5nby5kYi5tb2RlbHMuYmFzZQptb2RlbF91bnBpY2tsZQpxA2Ntb2R1bGUub2F1dGgubW9kZWxz\nClVzZXIKcQRdY2RqYW5nby5kYi5tb2RlbHMuYmFzZQpzaW1wbGVfY2xhc3NfZmFjdG9yeQpxBYdS\ncQZ9cQcoVQh1c2VyX2RpcnEIWAsAAABhdHN1a28uYW5hbnEJVQRuYW1lcQpYCwAAAEF0c3VrbyBB\nbmFucQtVB3R5cGVfaWRxDFgPAAAAMTAwMDAwNDg4NjQ1Njc4cQ1VE2FjY2Vzc190b2tlbl9zZWNy\nZXRxDlgAAAAAVQpjcmVhdGVkX2F0cQ9jZGF0ZXRpbWUKZGF0ZXRpbWUKcRBVCgfcDAcUIBMAAACF\nUnERVQZfc3RhdGVxEmNkamFuZ28uZGIubW9kZWxzLmJhc2UKTW9kZWxTdGF0ZQpxEymBcRR9cRUo\nVQZhZGRpbmdxFolVAmRicRdVB2RlZmF1bHRxGHViVRBhY2Nlc3NfdG9rZW5fa2V5cRlYlAAAAENB\nQUNiSnVIU2pGSUJBSDJBdjN0QzlDaWhVOUt5ejdVRFFXUWVXbzVLYmpNTEZYb051U0RiWWd0T3NI\nS0dhb3R5R2FOdVRuRVN2UlpDYkZpQmpwb2JKZnlqenRMd0taQ3RhdVRFT3p2U3d4WWsxVXVkRjBk\neTRRd3ZCdkRaQ3NTS1dLcW9YNzg4TjZOcEUzRDAza2ZxGlUHcGFnZV9pZHEbigBVBHR5cGVxHFgI\nAAAAZmFjZWJvb2txHVUCaWRxHooBA3Vicy4=\n','2013-07-06 05:08:48'),('02d4bd0a546ddfe6b4cb767af646aefb','MTk1YTQwYjc3ZTM5NjE5ODk3MmRlZmI4ZTc5ZTA1NTA0NjZhMzFhYTqAAn1xAVUJREVNT19QQUdF\ncQKIcy4=\n','2013-06-23 03:28:01'),('76640a7aea672cacbc59e45fbb09dd7a','MTk1YTQwYjc3ZTM5NjE5ODk3MmRlZmI4ZTc5ZTA1NTA0NjZhMzFhYTqAAn1xAVUJREVNT19QQUdF\ncQKIcy4=\n','2013-06-25 10:54:48'),('d89ca24da01876ba18f7c34423f8e89e','MDcxYzkxMjZjYmE5ZGNhMTE2NTBiZDI4Y2VkYjdlMGU1YzM5YjkyNjqAAn1xAVUqeWg5UWc5WWY4\nRDdvUjBsbm5pN3FXSlJQMFJhaktsSG81Wk1xeTdJQUd3cQJVKVp1ZWVJUW9wdkJqMFZic1lBSG1N\nRGFDcnU0QktyZGM0cXBQc3dXSkVvcQNzLg==\n','2013-06-25 10:54:51'),('8cf6783cfb2959ada64c7a6530b8f5c3','MTk1YTQwYjc3ZTM5NjE5ODk3MmRlZmI4ZTc5ZTA1NTA0NjZhMzFhYTqAAn1xAVUJREVNT19QQUdF\ncQKIcy4=\n','2013-06-28 02:30:14'),('2ed52f624b3a1bf6743af783a99ccb66','OGYyYzBkMzJmYWNhYjFhYThlNzZhM2E1YjgzZmI4ZWY5ZmRkYmY0NDqAAn1xAVUrMThjSnpnS2k4\nazRhOWhOS1g1Z3JOR2x6SnVJS09YczlhVUNrQnJtSlJETXECVSl3MG1PdzlEUWtjM2FqQ0tNaElw\nZzl6YzR6dnZOb2U0VkMxVlBjeWF4SXEDcy4=\n','2013-07-05 20:48:20'),('2fd2acdde5e5c9d1156165235609b3fc','N2JiYjRkMDRmZjNiOWVhYzAzY2U3MjI2ZTliYTM1N2M0ZjZmYTg3ZDqAAn1xAVUpOWVxcHM1WlRK\nazJEc09QQmZCVGQyNXNOVVZpbVFwWUxlN0JWZnNYNllxAlUnUFBDMThPY084Sk55RWFVRU1UT2Ew\neTVyaE0wbWdDbktBejZ4NmY4cQNzLg==\n','2013-07-07 20:46:29'),('08d8f2d54d4b783ad3e184a331012ee8','Njc2NDU0ZjJjZDI4Y2I0MmYwNzJkMjc5YzAzODlhYjQ4Y2QzMzhhOTqAAn1xAVUqbjZjcTYwN3Zk\nejg2Zk5ueHpYR2VUZ3M1Unh0S0FyZDBRWFByTE9VN2NjcQJVKlVTc3RFYWJJMVUzMDlLQTQ1c2VT\nQ2NqS3d2djNOYlhrem05RDNDY1M0RXEDcy4=\n','2013-07-11 15:11:17'),('d92c03ac352e1cbdcef7a95b3a8f8fb6','OGY4YTdiMGRiMDI0NTNiYWFjZDgzNGRjYTRkNmQ1ZTMwY2NjMWM1MzqAAn1xAVUqMWZTQzQyTWd2\nekl4WnpKZWJkTHpGQk5KZjFTR0ZFbnltV3J3bVRxNzlBcQJVKlJtVWNOSWJEemt6YzFudDhIb2ZW\nZ0NqdGZVOUlHVktSU0x0R1ZwYWhyQXEDcy4=\n','2013-07-12 21:00:57'),('913066df88607322bb8abc148c651e33','MzU2NmI3MGM3NTE0ZGY5YjJlZDQ3NzMyYjg5NjUzZDZlNzYwZTA5YTqAAn1xAShVK2dubFhLQUdE\nWndjallLS2Z4YTlkV0hrRDZEak11eHVtNEd5MEZ5UXFFN3NVKUV1Z1R3R3pTOU1Vb250aEljTUJP\nR2ZtM2w3aUl6SktIR1VNNlVQVmtZVStUd0Nickw2OGVlOXY0RDIwM21XQlM4UDRVQWJFN0VqZU1j\nSGltdGtNMWNzVSkwMnNENE1qdExPZlZiTjdseXRrZVNibmFvTU1PSG1XeWJtM2FGZWppc1UpRzVW\nUkRoVGpHbkpqSUtNN0c1TzhsMHhxU2xzclB5TEpQRnZTTUY5aGdVKk9kZVJXMUpNVENicWpiS0Uw\nOFZRdVE5aks1NHJ5RUc1V0dzcTVqS3BBOFUMYWNjZXNzX3Rva2VuY3R3ZWVweS5vYXV0aApPQXV0\naFRva2VuCnECKYFxA31xBChVBnNlY3JldHEFVSc3Z01DQ3JJeUJoRGh2SGh0MWRXVVo3NDhzSGxm\nYUxsM2ZwS2VSTXNVA2tleXEGVTIzMzA2Mjc4NzItNmNQQjA1TE5PN3VnZHdHQ3V1TkhKZGVhd3lr\nMHJHT3JjOEYzRHR4SnViVStIZ0R1TXNOWldBMUg3YlM1ZU9TaHkwV2RUQnN5Q0s4enVpanRIUUtX\nQjM4VSo0YUpqM3c0Y2l6YXFwVTRkeDhrelo2OTFLN1pGNEx5SXcyM0ZMWlRBek1VKkRFNUhudjFY\naDd2TEk3VU5xSXJuUjU3OXc1aTBaYmo3cG9tTUlHRkZyc1UrWVZ1ZXRjWUdDalZleGRRNHhYdjNz\nSzJDTjdmTnZoN3lsWktyZWZFcDNZUVUrU0hQQWg4TVZLdGpVdEQ3bnN6U1dRdmluTFNWNmhzUjNN\nSEo1eUIyU0hjUVUrVWlwUUxJSWhidGJDNnViM1VmWWxKNmFJS1RCNUg0M3ViS005VFluMTlFSVUo\nSlhvdjZHcnpraHdmTzZabDExMXJGVGlVRnhvVURlZGVaem51RGI1OFUpQnZsSVpTUVJXUUIyMklU\nNFI3cWVkY2RDbTZVc3lQZ0I2R09hSWhvbXdVKjZDWUVKc1RlNEpqWXpNTHVmRUtHb2UydlIzU3I2\nSkJhTEFDQUtyZjhia1UpWnlhekxkOHpNOVN3THNldGo0QkNoQXh4Vk05bHhucExTQlJQM3pGSVFV\nBHVzZXJjZGphbmdvLmRiLm1vZGVscy5iYXNlCm1vZGVsX3VucGlja2xlCnEHY21vZHVsZS5vYXV0\naC5tb2RlbHMKVXNlcgpxCF1jZGphbmdvLmRiLm1vZGVscy5iYXNlCnNpbXBsZV9jbGFzc19mYWN0\nb3J5CnEJh1JxCn1xCyhVCHVzZXJfZGlycQxYDQAAAHJ5by5mdWppbW90bzJVBG5hbWVxDVgNAAAA\nUnlvICBGdWppbW90b1UHdHlwZV9pZHEOWA8AAAAxMDAwMDI2NTY2MDA0ODhVE2FjY2Vzc190b2tl\nbl9zZWNyZXRxD1gAAAAAVQpjcmVhdGVkX2F0cRBjZGF0ZXRpbWUKZGF0ZXRpbWUKcRFVCgfcBQsB\nOxsAAACFUnESVQZfc3RhdGVxE2NkamFuZ28uZGIubW9kZWxzLmJhc2UKTW9kZWxTdGF0ZQpxFCmB\ncRV9cRYoVQZhZGRpbmdxF4lVAmRicRhVB2RlZmF1bHRxGXViVRBhY2Nlc3NfdG9rZW5fa2V5cRpY\nugAAAENBQUNiSnVIU2pGSUJBRWRQejVlVWRwVnR4bFNJd0ZRUm93dUV1WkFjT0dBRWtZRUtWbElE\nVHo5Qms5QVJqOVVMdUpCRDJvc2lmWkM3MHh2OVpDUGZqbWpOM25QTVd3NklrcDJaQ1ZTQlRkc2Va\nQlZaQklxQTNGSUF6WkJRSExIdU4zOU1hUUNtSk9NeWJwZXFxM3paQlV2M2hjMUdaQU5GZXB2NlFT\nQXF2WXVPUTZhT29LTEswSDJ5UlUHcGFnZV9pZHEbigESVQR0eXBlcRxYCAAAAGZhY2Vib29rVQJp\nZHEdigEBdWJVKWw2T1FxQmlOaW1zNTluNzQxQjNrTVNVNXpJQWRJQzVCNlFQSFRaVVRBVSlXdEVl\nQ2N6U1dsV0lyQk82RlVHNlY0RWZsbXhUVjhudmJYU1RkQlZYWVUpYlhSZnMyQXFkWWRnS1c0ejl6\nbDhRNTB1bHhZaFlNaVhOVmxwMkNMUEVVK0ptWmhtMGh6anRCV1dSY0lOTE5TSnFzYXN2SVJyYkJL\nSnFGNXJCbWUwbVVVKmdvY0lDOG5ldGlTeFk1VHd6YktqQ2N6T2EzcTBZc0g2dVFLeEM4cXhIa1Uq\nblZYeUtSR1dKSU1YQ29qdnoyVlJhdFFkZml2eTlOSW5JNkNyZUpjckI0VStKU0sxQWhLdVdWbDZF\nMHM3T3JaREt4WmJqSVh6TnF3T3hsS2NEM2MyYjQwVSowN20zVW5jU2gwSEhZdFk1TE04ZXZ3ZVBa\ncDUxakNPbnZkOTNWRExvallVKkFPUWNPZUNrQnRtNE53ajV0N3FzWmNRWFdnSG03VFRjUElpM2l3\naXl2QVUqN2Zid2tObDA5WXhWSnlKRmNQVTFPdmdhbTFPWVNEOUt0dGdRd0R5MTljdS4=\n','2014-01-30 16:17:28'),('e8ad6c52e793582767525cb64e9360ae','MTk1YTQwYjc3ZTM5NjE5ODk3MmRlZmI4ZTc5ZTA1NTA0NjZhMzFhYTqAAn1xAVUJREVNT19QQUdF\ncQKIcy4=\n','2013-07-15 02:34:38'),('52cfee1a402676970a7425c4e5eb1c66','YWVmMDAwZjYyZjg2OWVjMWJmMzkwYWM1NzMwMWQ3Y2Y1NGYxOGI5ODqAAn1xAVUEdXNlcmNkamFu\nZ28uZGIubW9kZWxzLmJhc2UKbW9kZWxfdW5waWNrbGUKcQJjbW9kdWxlLm9hdXRoLm1vZGVscwpV\nc2VyCnEDXWNkamFuZ28uZGIubW9kZWxzLmJhc2UKc2ltcGxlX2NsYXNzX2ZhY3RvcnkKcQSHUnEF\nfXEGKFUIdXNlcl9kaXJxB1gNAAAAcnlvLmZ1amltb3RvMlUEbmFtZXEIWA0AAABSeW8gIEZ1amlt\nb3RvVQd0eXBlX2lkcQlYDwAAADEwMDAwMjY1NjYwMDQ4OFUTYWNjZXNzX3Rva2VuX3NlY3JldHEK\nWAAAAABVCmNyZWF0ZWRfYXRxC2NkYXRldGltZQpkYXRldGltZQpxDFUKB9wFCwE7GwAAAIVScQ1V\nBl9zdGF0ZXEOY2RqYW5nby5kYi5tb2RlbHMuYmFzZQpNb2RlbFN0YXRlCnEPKYFxEH1xEShVBmFk\nZGluZ3ESiVUCZGJxE1UHZGVmYXVsdHEUdWJVEGFjY2Vzc190b2tlbl9rZXlxFViUAAAAQ0FBQ2JK\ndUhTakZJQkFNTnFCcURuY3U0bU9FSE1UTG02dEVIcThUSTNZcE5XMjdNTEczbzZSZTJJN2dDQ2RB\nc04yMnNiWkJtZDB1R3ZyakFVeG1uSlZnZm5CV2cwNGU2OUwxbDhydFQxbkVGUWVzRXFWZnhIWkJL\ncmEyc0VuQnpaQ0JJVE1XeHJESmp0cnJ0WDY4OVUHcGFnZV9pZHEWigEBVQR0eXBlcRdYCAAAAGZh\nY2Vib29rVQJpZHEYigEBdWJzLg==\n','2013-07-15 12:08:55'),('4d1425f2c2befcf2acb5cb4575de5d61','MWJmNmRhMTY0OTVkN2ZkZWU4MmY2OTNiYzAyOWMxMjc5MWQ5YjU1MjqAAn1xAVUpVEVnczdjM3NT\nWmQ4Y0NBb21CTHpvbnY2VHVwSEE0NHV1WDVoaUlhQ1FVKkZnbWZ0TFVKOUp6cEFtaDVTeUVzZ013\nRXBNUENJMjJsMVJ1bmRXMm1Bc3Mu\n','2013-07-15 21:22:06'),('d87b7716b70b69536b345c467a324c08','MTk1YTQwYjc3ZTM5NjE5ODk3MmRlZmI4ZTc5ZTA1NTA0NjZhMzFhYTqAAn1xAVUJREVNT19QQUdF\ncQKIcy4=\n','2013-07-16 21:16:25'),('d4b526aca05c944e1d42a467c232485f','NGU3ZDk3ODc1YzI5N2ZiZTEzNDZjYjY2MzRjY2E2MjkzNzQ2NGVkNTqAAn1xAVUpWlQ0c2NsUGRZ\nY2dobVN5ZUxRMnd6ZG1RVjQ2VXZBaWhBNkJiSHNTdWtVK0dsQ3pKakVKdk1pOGR0YlVHMmVWU2Y5\nRVo4cndtNjNGWW9KRlBHVVZJS1lzLg==\n','2013-07-18 21:14:51'),('e9512762b333cb58782e7c5fb015ae55','MTk1YTQwYjc3ZTM5NjE5ODk3MmRlZmI4ZTc5ZTA1NTA0NjZhMzFhYTqAAn1xAVUJREVNT19QQUdF\ncQKIcy4=\n','2013-07-20 00:45:12'),('1b61ac3be23523d675b4035866affe6a','MGMyNzJhMDJkYTRjYjdmODEyYWEzY2ZmNTk4ZDE3ZDQ1MTJlMjQ4ZTqAAn1xAVUnYWN3SnZyMDZn\nWnljNHFLRlE1alY5ZWVvSTh4YTlUeVhjTGJQWmhJVSpQN2tRQ1A5dzd3WDlHclFMT292STVRYlJF\nSmZuN3lJaVl5eEp4eUxodXNzLg==\n','2013-07-21 21:22:39'),('2cd9cb4d0f02da0c87498b7bb1af29f9','MTk1YTQwYjc3ZTM5NjE5ODk3MmRlZmI4ZTc5ZTA1NTA0NjZhMzFhYTqAAn1xAVUJREVNT19QQUdF\ncQKIcy4=\n','2013-07-24 23:31:57'),('f6928fd08275fc2f8e7d29b776c76235','Y2JmMDVjMDJiMjZkOWNkYmIyMmYyMGYxMzMxMGQ4MDE3NmNiZWViNzqAAn1xAVUqOGdZVWJrNkdT\nWUJEeE9ndDVFa2JtMXdmT1loeUtZVFJ5cU83UVNQOUxNVSpQcktGd1BPSEVNOUMyQ3I0YmNpN2Uw\nb1N2bzFNR1FoWFAxM1dGNUE5RnNzLg==\n','2013-07-27 14:11:36'),('10459ad127af995d0395e16a3b0ad070','NDNhM2FiNzVkZmI5YzdkYWFmM2YxZDRmMTQ0MTlkOGI3NTM1NjVhMzqAAn1xAVUpdFRsNFU4elFt\nTnptVEZuOXlBZzREeDBvejIwYkRtaGY5Qms2SW14aVlVKnlaTzl1V21rRjZUdWNZV01GUXJvdmNy\nTXk2VVNSaHJ1aE1aVVVlZEUwZ3Mu\n','2013-07-28 08:52:48'),('39ace609db2f50e0d06eb155a55406a2','MTk1YTQwYjc3ZTM5NjE5ODk3MmRlZmI4ZTc5ZTA1NTA0NjZhMzFhYTqAAn1xAVUJREVNT19QQUdF\ncQKIcy4=\n','2013-07-29 13:45:14'),('02c575af40e17d00c5b8a4f27b81976a','MzE4MGZkMmI5MDAzZGQ1Y2VlNTY1MmNlM2Y0MmZmNzQ1ZjkwMzViYzqAAn1xAVUqWGtndm9ER2JJ\na0ZMazU0UElMYm42aXdSNUV6N1pmdXpPQXB4bTB5MmhBVSpUamVacktOQ1ZPUmdHV3RtMDlkSDNL\nN0cxbkl0dVRPbG12Zm5NNkpBM0lzLg==\n','2013-07-30 10:54:07'),('d89927a6e5ea129eb638b8672ba3cb87','MTk1YTQwYjc3ZTM5NjE5ODk3MmRlZmI4ZTc5ZTA1NTA0NjZhMzFhYTqAAn1xAVUJREVNT19QQUdF\ncQKIcy4=\n','2013-07-30 10:54:08'),('1ae9b9abebe8b83aeacb92ae77e642ac','MTk1YTQwYjc3ZTM5NjE5ODk3MmRlZmI4ZTc5ZTA1NTA0NjZhMzFhYTqAAn1xAVUJREVNT19QQUdF\ncQKIcy4=\n','2013-07-31 22:04:08'),('f0c870082b0bee42d490e1e892c72a39','ODdhYjY5ZDAzYzY3YjI5NTNmNDY2MTczNzAzYzgzMTFlM2Y3MDI4MTqAAn1xAVUEdXNlcmNkamFu\nZ28uZGIubW9kZWxzLmJhc2UKbW9kZWxfdW5waWNrbGUKcQJjbW9kdWxlLm9hdXRoLm1vZGVscwpV\nc2VyCnEDXWNkamFuZ28uZGIubW9kZWxzLmJhc2UKc2ltcGxlX2NsYXNzX2ZhY3RvcnkKcQSHUnEF\nfXEGKFUIdXNlcl9kaXJxB1gNAAAAcnlvLmZ1amltb3RvMlUEbmFtZXEIWA0AAABSeW8gIEZ1amlt\nb3RvVQd0eXBlX2lkcQlYDwAAADEwMDAwMjY1NjYwMDQ4OFUTYWNjZXNzX3Rva2VuX3NlY3JldHEK\nWAAAAABVCmNyZWF0ZWRfYXRxC2NkYXRldGltZQpkYXRldGltZQpxDFUKB9wFCwE7GwAAAIVScQ1V\nBl9zdGF0ZXEOY2RqYW5nby5kYi5tb2RlbHMuYmFzZQpNb2RlbFN0YXRlCnEPKYFxEH1xEShVBmFk\nZGluZ3ESiVUCZGJxE1UHZGVmYXVsdHEUdWJVEGFjY2Vzc190b2tlbl9rZXlxFVi+AAAAQ0FBQ2JK\ndUhTakZJQkFMa2tSU1haQ1ZQVHpxSW9URWlXSFU0VzdZMndNbFhtb3pKSUtUb3g4azB6OHlQOVRa\nQzZoRmc1WkFkMEVCWkN0YTVCeXBSWkNaQVZGYWtqZFZnMU1kWWlXU01UWkJXZlpBb2R3NmsxVTRo\nVEhEbTdUdUloU3hFN1VmUVFKTE91N3REWkJaQkJIYUhzYm4xZVYza3VuUFpBOVlVVnZZeEJQYk83\na3ptWkM0ZjNqWkFqTVUHcGFnZV9pZHEWigEQVQR0eXBlcRdYCAAAAGZhY2Vib29rVQJpZHEYigEB\ndWJzLg==\n','2013-10-16 16:11:02'),('50dc79b36e0c4f55bdf14a3e2a80233e','YjZkM2E5M2Y4OGNhMTE3N2RmNDNkYzEzOTY4NTFlZDVhMWFkNWVlMTqAAn1xAVUpUmJhcDBNdWs1\neTRHNWhxVlZtaDl5REU5RlRyMm9GVTVkOWxPUWpUc2NVKnhWY2FiRXEyYmVNc25xSlJHSXcwWVZp\nVEJ3RFk0Skp6bkVTeWlyVVFDY3Mu\n','2013-08-14 10:27:40'),('edf3ed44b799a4e7b625d30eaff98e99','NmQxNWUyNWE4NGRkZDQzMDc2NGQwY2MyMjVkZDVhYjQ2NTY3ZDhlMTqAAn1xAVUEdXNlcmNkamFu\nZ28uZGIubW9kZWxzLmJhc2UKbW9kZWxfdW5waWNrbGUKcQJjbW9kdWxlLm9hdXRoLm1vZGVscwpV\nc2VyCnEDXWNkamFuZ28uZGIubW9kZWxzLmJhc2UKc2ltcGxlX2NsYXNzX2ZhY3RvcnkKcQSHUnEF\nfXEGKFUIdXNlcl9kaXJxB1gLAAAAYXRzdWtvLmFuYW5VBG5hbWVxCFgLAAAAQXRzdWtvIEFuYW5V\nB3R5cGVfaWRxCVgPAAAAMTAwMDAwNDg4NjQ1Njc4VRNhY2Nlc3NfdG9rZW5fc2VjcmV0cQpYAAAA\nAFUKY3JlYXRlZF9hdHELY2RhdGV0aW1lCmRhdGV0aW1lCnEMVQoH3AwHFCATAAAAhVJxDVUGX3N0\nYXRlcQ5jZGphbmdvLmRiLm1vZGVscy5iYXNlCk1vZGVsU3RhdGUKcQ8pgXEQfXERKFUGYWRkaW5n\ncRKJVQJkYnETVQdkZWZhdWx0cRR1YlUQYWNjZXNzX3Rva2VuX2tleXEVWLYAAABDQUFDYkp1SFNq\nRklCQUdnUENpbnRXRmFsR252WkJpclJiWXZuTHNSck1KblI3TU04UmdvM3lZSklPdVI1UkNXTFBX\nS3I0MVBoSFpDYXR6R3NjblhMNnBpTDU3M0wya0JaQUxVVTRVVjBiV1ZGbWFURjVHV01xc3g2WkFt\nM3hUWHplbjJCVzhPVXFwZktKek9TcGZXNmpQWkFWWU5ZTDg1N2RFZzlrUDI3azNPR2xBcVVWN0xB\nUFUHcGFnZV9pZHEWigBVBHR5cGVxF1gIAAAAZmFjZWJvb2tVAmlkcRiKAQN1YnMu\n','2013-10-23 11:35:57'),('e2ecf0a0be5248ed0a3950358bbbd497','ZjgwODM3NTUzZTQyZGM2MzdlNGNmMWNlNDdkOTI2ZmVhMjkwY2FiNzqAAn1xAVUEdXNlcnECY2Rq\nYW5nby5kYi5tb2RlbHMuYmFzZQptb2RlbF91bnBpY2tsZQpxA2Ntb2R1bGUub2F1dGgubW9kZWxz\nClVzZXIKcQRdY2RqYW5nby5kYi5tb2RlbHMuYmFzZQpzaW1wbGVfY2xhc3NfZmFjdG9yeQpxBYdS\ncQZ9cQcoVQh1c2VyX2RpcnEIWA0AAAByeW8uZnVqaW1vdG8yVQRuYW1lcQlYDQAAAFJ5byAgRnVq\naW1vdG9VB3R5cGVfaWRxClgPAAAAMTAwMDAyNjU2NjAwNDg4VRNhY2Nlc3NfdG9rZW5fc2VjcmV0\ncQtYAAAAAFUKY3JlYXRlZF9hdHEMY2RhdGV0aW1lCmRhdGV0aW1lCnENVQoH3AULATsbAAAAhVJx\nDlUGX3N0YXRlcQ9jZGphbmdvLmRiLm1vZGVscy5iYXNlCk1vZGVsU3RhdGUKcRApgXERfXESKFUG\nYWRkaW5ncROJVQJkYnEUVQdkZWZhdWx0cRV1YlUQYWNjZXNzX3Rva2VuX2tleXEWWKMAAABDQUFD\nYkp1SFNqRklCQUgyNk9CNEkwZFJiUHRiMmJuQzY0WkI1cFVrOUdNVGZTZjZCUjJyVGZOaUhjSkRa\nQmE5SkdHRXpLNDUxM1BIQXlJbks0UDVWdlpBTzVqakVzR0JDRkJWMGFqNzVKSnJueXJwV083Vjd2\nSFVrNExTbVBXbElHeTIwd1NHb2NEWkNQMEdsS0x0WkJYUFBSOUxWU2FGd1pEVQdwYWdlX2lkcReK\nAQFVBHR5cGVxGFgIAAAAZmFjZWJvb2tVAmlkcRmKAQF1YnMu\n','2013-08-19 12:29:10'),('2f90e3a1b510daf303bc9a38c2f3b505','MTk1YTQwYjc3ZTM5NjE5ODk3MmRlZmI4ZTc5ZTA1NTA0NjZhMzFhYTqAAn1xAVUJREVNT19QQUdF\ncQKIcy4=\n','2013-09-03 09:02:52'),('d346364d291b3bcef7bd4b390aefe5e6','ZWUyZTk5ZGRmMzFlNWFhNWU2ZjVjYTcyNTRiNTI1NDU0YjVmMGI0NDqAAn1xAVUEdXNlcnECY2Rq\nYW5nby5kYi5tb2RlbHMuYmFzZQptb2RlbF91bnBpY2tsZQpxA2Ntb2R1bGUub2F1dGgubW9kZWxz\nClVzZXIKcQRdY2RqYW5nby5kYi5tb2RlbHMuYmFzZQpzaW1wbGVfY2xhc3NfZmFjdG9yeQpxBYdS\ncQZ9cQcoVQh1c2VyX2RpcnEIWA0AAAByeW8uZnVqaW1vdG8yVQRuYW1lcQlYDQAAAFJ5byAgRnVq\naW1vdG9VB3R5cGVfaWRxClgPAAAAMTAwMDAyNjU2NjAwNDg4VRNhY2Nlc3NfdG9rZW5fc2VjcmV0\ncQtYAAAAAFUKY3JlYXRlZF9hdHEMY2RhdGV0aW1lCmRhdGV0aW1lCnENVQoH3AULATsbAAAAhVJx\nDlUGX3N0YXRlcQ9jZGphbmdvLmRiLm1vZGVscy5iYXNlCk1vZGVsU3RhdGUKcRApgXERfXESKFUG\nYWRkaW5ncROJVQJkYnEUVQdkZWZhdWx0cRV1YlUQYWNjZXNzX3Rva2VuX2tleXEWWKQAAABDQUFD\nYkp1SFNqRklCQUN2NEFxbVRoaGsxYXVLeXQydVJ6eFRESG92dmR5T0szMlZobmlsaEZhYVJFT0ZY\nWkJ4N2REcmVmSWxKblQ1MUU4Q3JEV25DNGpVa2VXN29Mdmc3ZG5FNFRpT3ZFQlBaQnI5ZHJraGV0\nMFpBZ2tPNFVQMUg2ckxMZnh1TFYwVGFiWkJmaWVNWkJ1RXRaQXloU2FxYkFaRFUHcGFnZV9pZHEX\nigEQVQR0eXBlcRhYCAAAAGZhY2Vib29rVQJpZHEZigEBdWJzLg==\n','2013-09-09 14:17:58'),('2daf320c7b7db5c71cba9cae8652248a','YjY1YTFiZTEyOGQ1NDg0MzI0MWE2OWVjY2JjYmVkZDU4NzgyMzFjZDqAAn1xAVUEdXNlcmNkamFu\nZ28uZGIubW9kZWxzLmJhc2UKbW9kZWxfdW5waWNrbGUKcQJjbW9kdWxlLm9hdXRoLm1vZGVscwpV\nc2VyCnEDXWNkamFuZ28uZGIubW9kZWxzLmJhc2UKc2ltcGxlX2NsYXNzX2ZhY3RvcnkKcQSHUnEF\nfXEGKFUIdXNlcl9kaXJxB1gLAAAAYXRzdWtvLmFuYW5VBG5hbWVxCFgLAAAAQXRzdWtvIEFuYW5V\nB3R5cGVfaWRxCVgPAAAAMTAwMDAwNDg4NjQ1Njc4VRNhY2Nlc3NfdG9rZW5fc2VjcmV0cQpYAAAA\nAFUKY3JlYXRlZF9hdHELY2RhdGV0aW1lCmRhdGV0aW1lCnEMVQoH3AwHFCATAAAAhVJxDVUGX3N0\nYXRlcQ5jZGphbmdvLmRiLm1vZGVscy5iYXNlCk1vZGVsU3RhdGUKcQ8pgXEQfXERKFUGYWRkaW5n\ncRKJVQJkYnETVQdkZWZhdWx0cRR1YlUQYWNjZXNzX3Rva2VuX2tleXEVWLUAAABDQUFDYkp1SFNq\nRklCQUZUS2l2dTJVNlZlZmpxVVkzV0dYNjAwYXEwVnk3RFdEVXVQM3h4ZE4zWkFSZEp3OXBJMHE1\nMzNhOE5EajV6eHJZNWY3WVMzN0dYZXh4Y3dDWkFHbzJuaGpJTjFJZXREMEpaQWsxNnhIYzVoSkt2\nZGtTTXpUdUJYTGNOa1ZxZ3BCNTd0eEFKTFhFbllUZnlUWkFvM0tlZnBRN3B1bGM5cVhtSkc2NVlr\nVQdwYWdlX2lkcRaKAFUEdHlwZXEXWAgAAABmYWNlYm9va1UCaWRxGIoBA3Vicy4=\n','2013-09-23 18:51:56'),('513688de37c6e5b956f8c721709a6ebc','M2IwZjRkZWE2MDNmNzE2OGVlYjZhOTUzM2EwYmZiYjg5NGZlNTEzNDqAAn1xAVUrRHpkcmwxdmp0\nY1RlUDdMbXppdk05V0kyN2dUVnFJOGRmQnZhU1lKMWp0d1UmNG1JVkJKbFFMUlRGN1RabG9xZkJY\nRVdGMGVMQklIaWVHdmVmRG9zLg==\n','2013-09-16 17:53:51'),('ef5d0246afaa1a08b6c34fc428a80ff5','MTk1YTQwYjc3ZTM5NjE5ODk3MmRlZmI4ZTc5ZTA1NTA0NjZhMzFhYTqAAn1xAVUJREVNT19QQUdF\ncQKIcy4=\n','2013-09-20 00:16:26'),('7ff6d02d8f2051d89b7e555f920f3645','MTk1YTQwYjc3ZTM5NjE5ODk3MmRlZmI4ZTc5ZTA1NTA0NjZhMzFhYTqAAn1xAVUJREVNT19QQUdF\ncQKIcy4=\n','2013-09-22 09:23:11'),('e43704b96e3bb66f52f36c76ad40a7fd','MmI4NTdlNzY2Y2EyOGU0MWViOWZhY2ZmNzVlMjQzNDI1NjRhNWU2YjqAAn1xAVUEdXNlcnECY2Rq\nYW5nby5kYi5tb2RlbHMuYmFzZQptb2RlbF91bnBpY2tsZQpxA2Ntb2R1bGUub2F1dGgubW9kZWxz\nClVzZXIKcQRdY2RqYW5nby5kYi5tb2RlbHMuYmFzZQpzaW1wbGVfY2xhc3NfZmFjdG9yeQpxBYdS\ncQZ9cQcoVQh1c2VyX2RpcnEIWAsAAABhdHN1a28uYW5hblUEbmFtZXEJWAsAAABBdHN1a28gQW5h\nblUHdHlwZV9pZHEKWA8AAAAxMDAwMDA0ODg2NDU2NzhVE2FjY2Vzc190b2tlbl9zZWNyZXRxC1gA\nAAAAVQpjcmVhdGVkX2F0cQxjZGF0ZXRpbWUKZGF0ZXRpbWUKcQ1VCgfcDAcUIBMAAACFUnEOVQZf\nc3RhdGVxD2NkamFuZ28uZGIubW9kZWxzLmJhc2UKTW9kZWxTdGF0ZQpxECmBcRF9cRIoVQZhZGRp\nbmdxE4lVAmRicRRVB2RlZmF1bHRxFXViVRBhY2Nlc3NfdG9rZW5fa2V5cRZYtgAAAENBQUNiSnVI\nU2pGSUJBR2dQQ2ludFdGYWxHbnZaQmlyUmJZdm5Mc1JyTUpuUjdNTThSZ28zeVlKSU91UjVSQ1dM\nUFdLcjQxUGhIWkNhdHpHc2NuWEw2cGlMNTczTDJrQlpBTFVVNFVWMGJXVkZtYVRGNUdXTXFzeDZa\nQW0zeFRYemVuMkJXOE9VcXBmS0p6T1NwZlc2alBaQVZZTllMODU3ZEVnOWtQMjdrM09HbEFxVVY3\nTEFQVQdwYWdlX2lkcReKAFUEdHlwZXEYWAgAAABmYWNlYm9va1UCaWRxGYoBA3Vicy4=\n','2013-09-23 18:52:12'),('70c628bc62bccdb8827463f0ba017496','ZGFmNWU5YzJkNzA3Njg4NDQ0MGUxMzBhNmQ5NTMzYzMxNDBiMmQ3MjqAAn1xAVUraGlyQmRIRkQy\nRmhSRERiTm5XeUlkWUtGcG4xbUJQZDVJSzRyRllpdWVpQVUrVUwxR1RzMk1XV0JLQXBSOEl4QUMy\nTkl6Zm9VVExBWlR3VUtMa05WVE02RXMu\n','2013-09-23 19:11:27'),('c366926d0cd7fa325c1ce155e475024a','ZTA1ZGE2YzYxNmU4ZDZmODk3MDlkNDQ2ZDVjMWQyYjRmY2E5NGQ4ZDqAAn1xAVUqb21pRTA1UFA4\nb043WHNVNFQ0MkRSdXhCNHA0eFBHckYyNllZenlmSkwwVSpFeW11alVpaW1iWjBkY2FYUVJlZmdj\nb2N1UUlpNVNhc1hzZG1leldBaFVzLg==\n','2013-09-26 23:30:05'),('4ffc5a2da80345fe0f22125e7fe31326','YWQ4ZWRiOWIwZDM5ODAzNDkyMTlhNTFjZmRkZTk1NWU5ODZhZTljNjqAAn1xAVUpZmtQRnNRNk00\nb0ttMG9aY3FnaXZlOENyMndQRU9IeGp5RU8zVjNWUEFVKkxFUDdQRkRIN1k5bmppTlExZWZBb0JF\nemE3MFNsQjh6Y1pxUkNmeGI5b3Mu\n','2013-09-30 04:40:14'),('25c868c4d17043dfc263ab01a9cf4c23','NjUyZTkzYzc3MDJjMzExZjhlNjNiMDZhZDNjOGQ3NzA2MTFjOGU5OTqAAn1xAShVKjFzUmMwUmxw\nQVhQMUZKOEtKTW1kTTF0M3BSeXJma2FXSzU2WUVMSFBLVVUqRndVNkJUMzQ0ZFpyaUduZUlHa01h\nZnVsdm93S3hvYVljWGxSVzdFWkV3VSpnaFk2cXZaSTZTU3Q5UHc5ZVl5NmkwSUw5aUVzT0ZpbFhu\nTHJZMlR4QWdVK25ObEZRbDQzZnZGRXVaRzNrcU1VWG9rY2hYQjR1SjNiRVluZERHbjdYR1VVJ3Rk\nNk01OHJmTTk0blRJQzI0ck9HS1JlSW41ZmtxRHh3NFhFQXJud1UpZ2k2TFg3NXF3TlQxZ2xnWlVi\nN0FsMzd0V09tRzQ0TDY0cTJtNjVaeTR1Lg==\n','2013-10-02 19:07:39'),('d14263d5a347dba70bcda05308285746','ODdhYjY5ZDAzYzY3YjI5NTNmNDY2MTczNzAzYzgzMTFlM2Y3MDI4MTqAAn1xAVUEdXNlcmNkamFu\nZ28uZGIubW9kZWxzLmJhc2UKbW9kZWxfdW5waWNrbGUKcQJjbW9kdWxlLm9hdXRoLm1vZGVscwpV\nc2VyCnEDXWNkamFuZ28uZGIubW9kZWxzLmJhc2UKc2ltcGxlX2NsYXNzX2ZhY3RvcnkKcQSHUnEF\nfXEGKFUIdXNlcl9kaXJxB1gNAAAAcnlvLmZ1amltb3RvMlUEbmFtZXEIWA0AAABSeW8gIEZ1amlt\nb3RvVQd0eXBlX2lkcQlYDwAAADEwMDAwMjY1NjYwMDQ4OFUTYWNjZXNzX3Rva2VuX3NlY3JldHEK\nWAAAAABVCmNyZWF0ZWRfYXRxC2NkYXRldGltZQpkYXRldGltZQpxDFUKB9wFCwE7GwAAAIVScQ1V\nBl9zdGF0ZXEOY2RqYW5nby5kYi5tb2RlbHMuYmFzZQpNb2RlbFN0YXRlCnEPKYFxEH1xEShVBmFk\nZGluZ3ESiVUCZGJxE1UHZGVmYXVsdHEUdWJVEGFjY2Vzc190b2tlbl9rZXlxFVi+AAAAQ0FBQ2JK\ndUhTakZJQkFMa2tSU1haQ1ZQVHpxSW9URWlXSFU0VzdZMndNbFhtb3pKSUtUb3g4azB6OHlQOVRa\nQzZoRmc1WkFkMEVCWkN0YTVCeXBSWkNaQVZGYWtqZFZnMU1kWWlXU01UWkJXZlpBb2R3NmsxVTRo\nVEhEbTdUdUloU3hFN1VmUVFKTE91N3REWkJaQkJIYUhzYm4xZVYza3VuUFpBOVlVVnZZeEJQYk83\na3ptWkM0ZjNqWkFqTVUHcGFnZV9pZHEWigEQVQR0eXBlcRdYCAAAAGZhY2Vib29rVQJpZHEYigEB\ndWJzLg==\n','2013-10-22 19:24:11'),('dab68877248eb1505ce760b2ea3d50c5','MTk1YTQwYjc3ZTM5NjE5ODk3MmRlZmI4ZTc5ZTA1NTA0NjZhMzFhYTqAAn1xAVUJREVNT19QQUdF\ncQKIcy4=\n','2013-10-02 23:25:49'),('2b23406bb94d83acf457ab8369c3963b','ZWVhNjEyNDI5MTVmNDg5MjZlM2FkNGJlNmIzMzgxN2M0YzgzY2I0YjqAAn1xAVUremVQZkQ4NlR5\nNUVaUmd1Y1ZDNHRZNzYwSUx1NGpMYm5hYzNWMTNlVHF0NFUodHpvd2NKRU9XZjZld3drV1VQVHdB\nYXlOZHF4VDFiM05pdk5Qb01uc3Mu\n','2013-10-02 23:25:50'),('f553bfe33dc7de3cfae72151c41053c7','NDYzYzQ2M2RlMTExYWZhMjk4OGVhZTIxNmM5MDdhMzhiM2FkOTRhYTqAAn1xAVUoc0NSMlU2dHdI\nZFlZZUp4cWlLZUFDbnBWZXJudGpPR0ZNUDlRdUFERVUpM29DUmZ3V3c4c1ZOWDFaS0tOd1ZRN0gw\ndnl3em50ODZDekJYRFdtckFzLg==\n','2013-10-03 07:38:12'),('7294fd3779e1d81b988c23b29c27a5f4','OTczM2E5ODllMWVjZWJmZTg1MmZlN2UyZWUxZjhjOWRkMjE3YTc5NTqAAn1xAVUqUTA3Y3dHSmNW\nZVNZN1F6enhZNjZoUnJ5bUdjMlZYWWJpdXhOSHFCMzJRVStuQ3A4Y2N2VUZJVnYwVmZsWnNNVWFZ\nNDc4OGRBWHk0NkFTRUl4emJPdm9ncy4=\n','2013-10-03 13:52:30'),('dfee8db7a5bd05c895fa84c84933afa7','NjJjNmI5MzI1YTU3ZTk2ZDVmNDJhZTQzMjNmMGNmMjhmZTUzNGYxYjqAAn1xAVUqTGJhT09QbHkz\nWFI3cnpNNnZOMWdkU3FpMngxQVE2T2NGdHIwSW5rUlI4VSlmYXhMbkRQMnpWdW9wQnZnR3oycVhR\nZGR5V2I4aTVxeU0waEVJWW5sUXMu\n','2013-10-03 17:46:15'),('f6c726a57c6a39af1391449165ced4a9','YjRiNjk5MWQ2YTE2ZGYwNWFkOGVhNjJiNzRhNDJiZDk5ZDZkMzZjMDqAAn1xAVUoTkxJcGxoRWk1\nVWJnUlRsNGtOUjZrQ2ZqVTU2ZTV5VzZDS3drWVpTd1UqaGpING1YN0lodU5TTzdRM3gyMU1IZlRs\nR2FqaHg1bjlTUXlEdmMzTmJrcy4=\n','2013-10-06 06:46:10'),('0a35c2870ab7e13022adc60837584092','MTk1YTQwYjc3ZTM5NjE5ODk3MmRlZmI4ZTc5ZTA1NTA0NjZhMzFhYTqAAn1xAVUJREVNT19QQUdF\ncQKIcy4=\n','2013-10-07 10:05:00'),('ce72ae84a6ab24b82f05d0afd0c4738a','MWJiYzg5NGUwOGM0ZTRjNGI2NWYxY2Y0Y2M5MzMzYjJmMDQ4MjBlYTqAAn1xAShVKkxmaWI3YVUz\nOWJaUkxqY1h2OTE3Vmptb1hLZVJmakNjUkxmcU9jcFFBb1UoZ0VuS1JPR3VhRFNPTjlwRDgxUFpG\nNHJhR3BjN25TQWpOMlhaekczOFUqeEJhek05QWNIOWdSdUdFZ0tYOHZjU3RDbFludVFqS21wbm1V\nWlZxWnZVVStPblRZT1BjMXl3SDhodHdLbDgyU3FtWkZQU2p1RWFsOGhxemxTb1dPSkhjVSlCRnc3\nUGxyMnZKOFBjME9NdG9HNXgxN1FGTkZxc1VHQ2hpemF0RkwxUVUpakNDbXZNSEZPaE5PczZIejYz\ndHdxNVJ2czA0UUFvTFBrU0tncEpyZmN1Lg==\n','2013-10-08 15:15:27'),('f9515e2c79da3a6d8d0694b08f7c97db','MmZiYWQ0ZWRmNWM0NzVmOGNhNWFiOGRkMjM4Zjk4MWMzOWZiODNjNjqAAn1xAVUpRFIzYW5zdml1\nSFhkUjRRVXRETFZ1OVd3YkxCZDhFZWJzTGFEU2VjU0VVKkthSXpQNjMxV3NZTThLd0p4ZFVFejBS\ncWNvQUJvZENOdHV6MnpkcHhxUXMu\n','2013-10-09 05:33:59'),('a42525d93c69943c3525d297afe9f2f4','YjE3ODM4OWQ1YjY2MmM0MDE5MGM5NDVkZTI4MTk1NDRiMmRmMzY5NzqAAn1xAVUqWkVVU0FaVzY1\nV1g0S1c4eDZmVVBrdHBOakRqTjNjUXEzb2NaZ2Y5UEVNVSpaMTNweXNkdEhHaEJQS0lHanFEWXVN\nb0VkbXRyYkRnZGw2WTJQQndkOWdzLg==\n','2013-10-11 12:07:04'),('781c6128537ddd7d44bb8ef4f5bb1e2f','MGY4MDVkYmQ4Yjg0NWM0ODg0M2YxYjU0YTFlN2UzYzQxM2NhNTNhYjqAAn1xAVUpUTRjeUJBazc4\nTkFxMjhuUUY5MFN0dmtPTnBFYkYzbzZON0daWXV6WHdVK0I5S2pHUTRDakRSZHFSV2ZwbmlTWTZ4\nZDVjSXM2V2kyTURkQXFTeHo4YndzLg==\n','2013-10-12 01:46:27'),('fe0cb01afa7e7e8e39492a466c4902c2','YjE2ZDExNTg1MjFjYjRiMjlkMWNiNmE3ZGUzYzJhY2U1ZTE5Y2Y3NTqAAn1xAVUrVG9ZMXk5QjlX\nN3NKT1d5SThsMXphcmJYdUN1V1Q2NmJVMFhZeTdqNjdXWVUpRUxoNzhEOGQ5aXdTWEdGNVZra2h2\nc2JxRlpPbTVYR3ljOU0xNmcxMUVzLg==\n','2013-10-14 14:12:29'),('bd7c5823f799ec95f56c228bb9209c75','ZjUwNTc2ODRlZDg3YzdiYTlkNjU4ZjJjMGNkMjY0MzhkOWIwYTQ4YTqAAn1xAVUqWERVem9JRGJM\nQ1lBU3RUc1pBNGwzWnZqSHkyanJlR1JVbG04d1pubTRnVSpXMEJ5VXFXSU14M2l1SmF4Rk1NUllo\nSUJTMUhuZm1HejFsZ3NndGl3dW9zLg==\n','2013-10-16 19:12:31'),('e6144318226695e85c11c1969f76b982','OWIxZDZjZWNiYTJiNDQyMmUxNmI0ZTU5ZmFjMTc2NTQ4OWY1ZWE0YzqAAn1xAVUoMDRmeDJqWnln\nSUhvT0tmU3BpTkVINEJjYTZyMzBHWFk3SDZkWjVlb1UqWk5iUWliR1JPY3hGV1R0djNkejdwdlRx\nQmNsbks2c2hJaHJhdm9COEpncy4=\n','2013-10-17 00:53:06'),('2ec65c1e084d29b1b6b960f1a5155f35','MTk1YTQwYjc3ZTM5NjE5ODk3MmRlZmI4ZTc5ZTA1NTA0NjZhMzFhYTqAAn1xAVUJREVNT19QQUdF\ncQKIcy4=\n','2013-10-17 13:44:26'),('bcbfc4bdfa1d99a40ce00892f923a239','NjUzMjkzODNjNGNiYjIzNWNiNWYzZTVjNDcyNDJiYzUyODYxYjJhMTqAAn1xAVUqWk5qc2xtTDA1\nTkRnOHRZUmJIR1NSMnlpVlA0T0RWaDI0RHZTSkdMSVlnVSl5YlF2OFFTVWRjZFpVamhob1BBVW5E\nZU1MUVlWRFBkeXFOTEFiTnM5WXMu\n','2013-10-19 06:29:25'),('9df0fae275450504473066a26161e743','NDJjNjc4YWZjOWQ4MTg0MmQwMTg5ZDc0MmE3M2U0ODlkYzMyNGUwNDqAAn1xAVUoS1E4dElLNnUy\nNnc1RkdwWGgyc25mb2dHelIzZWhNMTlyUWY0WjU5QVUpZEFvYWN2Rzdob0dkRFA5Mk5yNlhBRzFj\nTVpUajNXUFViRGxrZUloQ0VzLg==\n','2013-10-21 23:52:46'),('427fcafe01ed7924d92d71bf1ed08464','MTY1OTA4Zjg2N2I4YzJmYTEwZmIwMTc0MzVlYjljNzM3OWQwYjcyMzqAAn1xAVUnMHA1b2dCMW1L\nNGdmUmwwNHB2NXhQb3hiT1VOam9FVE9JZUxxbTBnVSpTQXFPMmNqY2xSdTZueHk4THZPejRzNWVu\nTUtQSTZ2T0F0SHJUQ0ZTR2dzLg==\n','2013-10-22 03:48:53'),('d7a1e89aecc75d294c190f7da1a4d6c2','MTk1YTQwYjc3ZTM5NjE5ODk3MmRlZmI4ZTc5ZTA1NTA0NjZhMzFhYTqAAn1xAVUJREVNT19QQUdF\ncQKIcy4=\n','2013-10-23 22:54:10'),('3b230ac740be79afc70f19a2e012496f','MDdmOGVhM2NiZTNjNzU0OWE0NDI5ZDgxMWViZDFhNWNhM2E3YWMxMjqAAn1xAVUrTmd4WkJOUWdt\nSXRrRXh0VXhiY3BEcTBkVEdFM1prd202V0FxUXVGVHpjWVUqbjBBVjRjZjlhT0t0eUlCd2lGUjNK\nZnFPM0NGc0haU0dIbndXb2tDWGNBcy4=\n','2013-10-24 04:39:17'),('69843b9818e5d07519b15d5775eed540','ZjE2NWMwYjRjMGI1MzZmOWU1YjBjYTFmOGQ4YmI5ZTViZWE3NjkwNzqAAn1xAVUqaGFBb3ZlZmpD\naHRvczhGMWZ4ZjcyVVl3Rmp1T0hIOU8zRWlyQVg1QzNjVSlab09IRVc1aERPMTZqY0pQdEZQY254\ncHdhdXZOSThzMDVsRHlNelhNd3Mu\n','2013-10-26 08:32:59'),('3efdcb6b130d6d5b54d6aae4ddebcd71','NTQ5MWRmZmJlYTQ1ODdmNzA2OTM1ZWMxNWIxYWIxNmZmZjFlN2I1YTqAAn1xAVUoOHJDTjk4UFlE\nczZDUDRFSWZRUHhuVmlOYlAxbkIzaHFTbWpEVFphMFUpaW9KeVNZSFRYdEpJYTh0ems5MldxOXBV\nMU5qYzhBT2dTNjBMU2NYaWNzLg==\n','2013-10-27 13:58:43'),('c9e0c9803af034dcc8442d52e9a76c43','MTk1YTQwYjc3ZTM5NjE5ODk3MmRlZmI4ZTc5ZTA1NTA0NjZhMzFhYTqAAn1xAVUJREVNT19QQUdF\ncQKIcy4=\n','2013-10-27 23:19:09'),('32ee769ce3d1af018dcce4223adccbf6','M2U5ODFkNDRhM2M1YTBlZjM0OTMzMmIzM2RkZjMwNmU1MTFiMjJiZDqAAn1xAShVKnRuTXRNV2Qy\nZnZKY1BJa2hGUm9tWTdSeWlIeHB6bjdkdGJIWVFPWURLOFUpdnVraHNzREdkaE81SXU3QWxOMUhz\nSlo3UGJadHBJWkN1TFJ1QUdxTDRVKml3NVBBR1V4REVidHNlZ2tzZXZkWHRsOTNOckZvVThFTGI2\nQUE4dko0MFUpY3N0RkxJNEg4MDNkREVpdmRuUWQzNDc0WE5lb1p4V0NJOEQ2cW1WNU1VKjNncGNj\nY3Z1dWVjMTdrSW9Wd0ZyZTJTZ3d2N21EOUR3QklnS2licjVFd1UqWHFXN2NWcTlqUmx2cXlNV3JS\nR3FMQjlwWXRoTW0yU3l3ak16QlJSWDdrdS4=\n','2013-10-28 10:14:10'),('1f9202eac829dcb5f7cbd82759b6b80e','MGJiMTFjZjExNDhjYzc4ZjI1NGNkMzFhZTYzMGEzZGIzZWVlMDJlNTqAAn1xAVUqZlgxNWZlaU9u\ndkttZVlMTmNrbmdOUm9UVG5kMUhsMmZ5akpiRVlBU1BnVSlaNEk5T3lraGNFSnpXdkpUcDVZMHI3\nRGdwRTM0NjJmaDNkd1NmVjJBMHMu\n','2013-10-31 10:18:06'),('cc370c7db6c6dba651f4d40351233d10','N2I5NjAwOTE5ZDhjNzRhYTBlZTgyYmZmNjAzMDc5YWIwMTNiYTZhNTqAAn1xAVUrakpCdEVQNWk2\nUE5PWjFLemdZajNBNTEyZlV3anRDZkxxTGZwWTBpQnZSUVUqcElZMUNlSDQ0Q1E2Nk1Rd25oT1V5\nY1RPTG9kV0pDcnpCdXIwWEY3a21vcy4=\n','2013-11-06 07:59:50'),('1f58601b74451e3981891432d1f6e904','MTk1YTQwYjc3ZTM5NjE5ODk3MmRlZmI4ZTc5ZTA1NTA0NjZhMzFhYTqAAn1xAVUJREVNT19QQUdF\ncQKIcy4=\n','2013-11-06 12:14:13'),('b11395c3e81b7b5bce67c092215b83f9','ZGViMTBkMWU0NjVmODRiNzM4ZWM3N2E4NDQ4NmNlYzJiZTg5NDI0YzqAAn1xAVUrV2V4MGVIY1dw\nSFNjZWxVQWp2Vkk4UjIwSWxKbXhBT2doc1AxVFhYUFFVVVUqbnhBNE54NFRqZUNyRFJJYkhnNlNQ\nQzBMU1hSdHhaOWdCSjFUWFBzd2dJcy4=\n','2013-11-06 22:09:17'),('b97f67c321bad21bb913f6476f28d48c','MDAzMDRlNzYxNjkwNDIyMWMzYTg2MDY3OTNiMTYyMmJiYTIyYWVhMTqAAn1xAVUoUUxYMWFCakFq\nRG5EcWg1VkF4SXpsNEM2QUZqMjV4NUhjSjhONW5rc1UpUTJ0aWlGeGhCa1psR2hYNG14bTdwWEh0\ndXlFUTVGYU1zNGNTWG9ReTRzLg==\n','2013-11-06 22:35:14'),('1b5b70ef28acc7ae04dbbf45c67ff360','ZWNjMmI0YjUwNzFlNDAxZTI4N2MxODQyMTdmZGU4YjU4MjAxMThkMzqAAn1xAVUrczBmSFNQNmg3\nUkpiWldBQVRNcTl0S0JCUWw3alNES0daSlVFWkVPRlhib1UrMFBsUk9jVkF3Y2FUa0l4Vk83UmhS\nYWM4SGZnRTQwRWdSVkd3WlJudkE4VXMu\n','2013-11-06 22:52:36'),('c184b3b392c8b03b3c0a087c09991c96','MWRjNzc1MDNmZDc2YTljZWM3NWY3ZDEwZDllM2VkZDdjMjBhNGUwNTqAAn1xAVUEdXNlcmNkamFu\nZ28uZGIubW9kZWxzLmJhc2UKbW9kZWxfdW5waWNrbGUKcQJjbW9kdWxlLm9hdXRoLm1vZGVscwpV\nc2VyCnEDXWNkamFuZ28uZGIubW9kZWxzLmJhc2UKc2ltcGxlX2NsYXNzX2ZhY3RvcnkKcQSHUnEF\nfXEGKFUIdXNlcl9kaXJxB1gLAAAAYXRzdWtvLmFuYW5VBG5hbWVxCFgLAAAAQXRzdWtvIEFuYW5V\nB3R5cGVfaWRxCVgPAAAAMTAwMDAwNDg4NjQ1Njc4VRNhY2Nlc3NfdG9rZW5fc2VjcmV0cQpYAAAA\nAFUKY3JlYXRlZF9hdHELY2RhdGV0aW1lCmRhdGV0aW1lCnEMVQoH3AwHFCATAAAAhVJxDVUGX3N0\nYXRlcQ5jZGphbmdvLmRiLm1vZGVscy5iYXNlCk1vZGVsU3RhdGUKcQ8pgXEQfXERKFUGYWRkaW5n\ncRKJVQJkYnETVQdkZWZhdWx0cRR1YlUQYWNjZXNzX3Rva2VuX2tleXEVWLoAAABDQUFDYkp1SFNq\nRklCQUlaQmdwTGlwTkN5Qjd4S2RBNWhZV25pWTVlbHVxeFFYR1lKbkRKQTZ4a1I4TFpBelU0U1BN\nNlEyRlJudUNFWkF1M1VaQlg5VFIyU1BseDBDdTRxQm9aQzRZQmJ5NlMyd3JaQ3BldkNHZXZGQXZz\nNm55ZzZ6dlBQMFB1RFpBZFRSelZuN0JJTEFaQ1Y0NjlXVkMzWDh5OXFGNUlSWDB3aEdOMk5TQlpD\najBTVk9VB3BhZ2VfaWRxFooAVQR0eXBlcRdYCAAAAGZhY2Vib29rVQJpZHEYigEDdWJzLg==\n','2013-12-05 20:53:08'),('9a978029de2f9260912c2f33004dd3cb','NGY5ZDg0ZDRmMjM4ZjRhMTc3YzAyYjMxOGI1MzJkMjY5N2IzNDVjNjqAAn1xAVUqb0ZNUENpZ2VT\nR2FHTXNiZ0lhMmtXRzQxZUI2WWhoeXE0QUN1MXhmV2hvVSpIUURQSlRGWEhZNmhKZEpHTERqNWZG\nTjlXMExzTG82YUk3OGRQWTEyazRzLg==\n','2013-11-23 02:04:41'),('8a452d7ee08ad925fa4408c6f9af29fe','NTVmNTU1MmU0NzY3YTNiYjYzODU0MTI3MmZmZmZmZDIwOTI2NWRhMDqAAn1xAVUpeUVXdzRHZ28w\nblcwN2c0elFncjVETHFYNE85MEZGMkE3WGJBVmt5dFFVKlFOUktEYWRGVERIcDZvQWFjQWtHa2tH\nRk54bkU1bHRCWjRaYXcxdFVuY3Mu\n','2013-11-23 18:42:29'),('d82b6bea50698a2888fb615d69c79d7c','MTk1YTQwYjc3ZTM5NjE5ODk3MmRlZmI4ZTc5ZTA1NTA0NjZhMzFhYTqAAn1xAVUJREVNT19QQUdF\ncQKIcy4=\n','2013-11-26 18:16:03'),('c80a0e67fe3afa0f864b6c08d4dc9142','YTgxODNhYTA3NmEwZDE5YTFjYmViMDhkMDQzZmJmNmJmZGMzODI0MDqAAn1xAVUEdXNlcmNkamFu\nZ28uZGIubW9kZWxzLmJhc2UKbW9kZWxfdW5waWNrbGUKcQJjbW9kdWxlLm9hdXRoLm1vZGVscwpV\nc2VyCnEDXWNkamFuZ28uZGIubW9kZWxzLmJhc2UKc2ltcGxlX2NsYXNzX2ZhY3RvcnkKcQSHUnEF\nfXEGKFUIdXNlcl9kaXJxB1gNAAAAcnlvLmZ1amltb3RvMlUEbmFtZXEIWA0AAABSeW8gIEZ1amlt\nb3RvVQd0eXBlX2lkcQlYDwAAADEwMDAwMjY1NjYwMDQ4OFUTYWNjZXNzX3Rva2VuX3NlY3JldHEK\nWAAAAABVCmNyZWF0ZWRfYXRxC2NkYXRldGltZQpkYXRldGltZQpxDFUKB9wFCwE7GwAAAIVScQ1V\nBl9zdGF0ZXEOY2RqYW5nby5kYi5tb2RlbHMuYmFzZQpNb2RlbFN0YXRlCnEPKYFxEH1xEShVBmFk\nZGluZ3ESiVUCZGJxE1UHZGVmYXVsdHEUdWJVEGFjY2Vzc190b2tlbl9rZXlxFVjIAAAAQ0FBQ2JK\ndUhTakZJQkFCY3pqUDdSM2hyRDhZMFRGVVR1RE96SWNwQk16WkNJd1lpOXBZUU1BZjFaQU9EQmhQ\neWFaQmhzclRvSVM0WWlUT3A4MWJuS2ZyZzZaQ1M2YTA1M1pBR1VFOUFaQnUwVHpCTzBHM2FXT2Rp\ncXhEb2JtUmZuTkIwd0Y3bkhCNVE5OWZhWkJNdUZKeWluYVREeUVWMDU0T2hXWEV4SHZvWkMyNkZs\nRDRrWkFrVExMczVaQWJVMVR6bUhvWkRVB3BhZ2VfaWRxFooBEFUEdHlwZXEXWAgAAABmYWNlYm9v\na1UCaWRxGIoBAXVicy4=\n','2013-11-27 14:26:23'),('11a45d4818c10d149ba4c59e0bda117a','MTk1YTQwYjc3ZTM5NjE5ODk3MmRlZmI4ZTc5ZTA1NTA0NjZhMzFhYTqAAn1xAVUJREVNT19QQUdF\ncQKIcy4=\n','2013-12-06 16:28:30'),('eaf24340445b56060c48a40429d8e9a0','MjMxNGRiOWFmNzkyNWI2MWVlNzkzOWQwYTYwYjZmOWVkNDhkMmZkMjqAAn1xAVUEdXNlcmNkamFu\nZ28uZGIubW9kZWxzLmJhc2UKbW9kZWxfdW5waWNrbGUKcQJjbW9kdWxlLm9hdXRoLm1vZGVscwpV\nc2VyCnEDXWNkamFuZ28uZGIubW9kZWxzLmJhc2UKc2ltcGxlX2NsYXNzX2ZhY3RvcnkKcQSHUnEF\nfXEGKFUIdXNlcl9kaXJxB1gNAAAAcnlvLmZ1amltb3RvMlUEbmFtZXEIWA0AAABSeW8gIEZ1amlt\nb3RvVQd0eXBlX2lkcQlYDwAAADEwMDAwMjY1NjYwMDQ4OFUTYWNjZXNzX3Rva2VuX3NlY3JldHEK\nWAAAAABVCmNyZWF0ZWRfYXRxC2NkYXRldGltZQpkYXRldGltZQpxDFUKB9wFCwE7GwAAAIVScQ1V\nBl9zdGF0ZXEOY2RqYW5nby5kYi5tb2RlbHMuYmFzZQpNb2RlbFN0YXRlCnEPKYFxEH1xEShVBmFk\nZGluZ3ESiVUCZGJxE1UHZGVmYXVsdHEUdWJVEGFjY2Vzc190b2tlbl9rZXlxFVi+AAAAQ0FBQ2JK\ndUhTakZJQkFBYVpCTjlBM1V6OGNDU1huc3JyRUJxVEJhd2VyYnFmRWNEWHlIaUJaQjd0ZjlSbEJQ\nMlpBRkczZ2JMWkJ1UFpDZTZaQnBxQXhjYzVvOXpIeEE5V2p3M2YyTFJuclpBc29nT1hYZldRZ2FL\nYWV0N2dLSW1qa1hrWkJhc1pDU1pDMXpMaDB2RVpDNk82NVpBcnBYeGJZR3lQMUp4UGtRaUs0aXZ0\nU0xjSmx6Ym13WkJHbFUHcGFnZV9pZHEWigEBVQR0eXBlcRdYCAAAAGZhY2Vib29rVQJpZHEYigEB\ndWJzLg==\n','2013-12-01 03:10:35'),('6b0c8d5ed60f64cf2779d1323f9bc594','MTk1YTQwYjc3ZTM5NjE5ODk3MmRlZmI4ZTc5ZTA1NTA0NjZhMzFhYTqAAn1xAVUJREVNT19QQUdF\ncQKIcy4=\n','2013-12-06 18:29:03'),('8e9b1b8abb7eb8d41976b6f7a1f044cc','Y2MxNGU0ODg1NTBlMGUzMDgxYjFhMjBlNWE3ZjA1ZGY1MDI5ZGFhODqAAn1xAVUqT0h0MEpvNlEy\nREE2eTRSZkZMRm9CWGZXYm1VaDNQSXREWHNLUE5uendBVStrTXhrZ1JqS25id2RKbFBEcllrcTBJ\nM2hsdmRFanZvd2lRQ0h5VmJsanRVcy4=\n','2013-12-10 07:29:41'),('6b8f2d4c3492161e74362019db053212','MTk1YTQwYjc3ZTM5NjE5ODk3MmRlZmI4ZTc5ZTA1NTA0NjZhMzFhYTqAAn1xAVUJREVNT19QQUdF\ncQKIcy4=\n','2013-12-19 14:39:47'),('c45039e97a87c91d4452fcba38dbdebf','YTVkZjY0Nzg4NDE5YTk4NjYxMjBlNDkzMjA1ZGUzMmU4YWM2MjIzNDqAAn1xAVUpWlpxUGJTczZq\nUlFlTlR5bW5NSVVQbjdlWURrMTRJdXVjMk1Wbk1OU29VK1BtWFdEN2NSekdKS0dGSm5QcEtHcGkw\nSU1ybXY3VGxTTmJDNFJnYnYzZlFzLg==\n','2013-12-27 01:02:48'),('8470cb2cbee7cdd3e4b2683d56067931','ZWM1ZjRhN2FjMmQ4NjI2YjEzMmFkOGUyM2I5MzY4OGFjOTAwNTNkYTqAAn1xAVUEdXNlcmNkamFu\nZ28uZGIubW9kZWxzLmJhc2UKbW9kZWxfdW5waWNrbGUKcQJjbW9kdWxlLm9hdXRoLm1vZGVscwpV\nc2VyCnEDXWNkamFuZ28uZGIubW9kZWxzLmJhc2UKc2ltcGxlX2NsYXNzX2ZhY3RvcnkKcQSHUnEF\nfXEGKFUIdXNlcl9kaXJxB1gLAAAAYXRzdWtvLmFuYW5VBG5hbWVxCFgLAAAAQXRzdWtvIEFuYW5V\nB3R5cGVfaWRxCVgPAAAAMTAwMDAwNDg4NjQ1Njc4VRNhY2Nlc3NfdG9rZW5fc2VjcmV0cQpYAAAA\nAFUKY3JlYXRlZF9hdHELY2RhdGV0aW1lCmRhdGV0aW1lCnEMVQoH3AwHFCATAAAAhVJxDVUGX3N0\nYXRlcQ5jZGphbmdvLmRiLm1vZGVscy5iYXNlCk1vZGVsU3RhdGUKcQ8pgXEQfXERKFUGYWRkaW5n\ncRKJVQJkYnETVQdkZWZhdWx0cRR1YlUQYWNjZXNzX3Rva2VuX2tleXEVWLQAAABDQUFDYkp1SFNq\nRklCQUgwWHBTeTNYbWxKUW1hQVJtT01RaVIxeTRQNE1DUUFranluM0VYWTJiVWtXZ1ZDblloclhM\nVzFUOUpaQkxKa0RMa1ZtZ0tkNzRpQ1YydnZNNmdHaWFjTzJhNjhkbXRMbnV5b01CbkNUYTZvc2N3\nd0gyeTFBdjA3UERkWkJJNXJNaHdkc3FIUUptV1pBc1FmQzRUNDI2UjVWczBlTXBmSGxpTkw2VThV\nB3BhZ2VfaWRxFooAVQR0eXBlcRdYCAAAAGZhY2Vib29rVQJpZHEYigEDdWJzLg==\n','2014-01-26 22:34:35'),('be6a31e6510b2ef08f75f91da0bbceb8','MTk1YTQwYjc3ZTM5NjE5ODk3MmRlZmI4ZTc5ZTA1NTA0NjZhMzFhYTqAAn1xAVUJREVNT19QQUdF\ncQKIcy4=\n','2013-12-30 03:11:36'),('2a1fa680250cdca0c6ef297196d77ef1','YTYwYzBiZjJmYzY2ZWU0ZDhmNTZiMjY2ZjBmMGViZTg5MzczODY0ZjqAAn1xAVUqZnNDMjk5Q0Jw\nM0JqUktUSjlWa2YwWlBkblBGa01velloOThsUjZTOHBVVSlRS3M2Z25lS29lZ1lteHB3SWRrRmI4\ncFR3OTVzNTN1Skh2UEVtTzdTMHMu\n','2014-01-12 20:10:39'),('e506cabee8094e52242a95ecd0da9917','MTk1YTQwYjc3ZTM5NjE5ODk3MmRlZmI4ZTc5ZTA1NTA0NjZhMzFhYTqAAn1xAVUJREVNT19QQUdF\ncQKIcy4=\n','2014-01-16 07:35:54'),('8f1e3981ca842c2d1ef7a8fb888d2145','NDFiMjEzOWNjNDZjOGI0NGE4YTU3ZWE0MzdiY2Q5NWI0MDBhYjhlNzqAAn1xAVUEdXNlcmNkamFu\nZ28uZGIubW9kZWxzLmJhc2UKbW9kZWxfdW5waWNrbGUKcQJjbW9kdWxlLm9hdXRoLm1vZGVscwpV\nc2VyCnEDXWNkamFuZ28uZGIubW9kZWxzLmJhc2UKc2ltcGxlX2NsYXNzX2ZhY3RvcnkKcQSHUnEF\nfXEGKFUIdXNlcl9kaXJxB1gLAAAAYXRzdWtvLmFuYW5VBG5hbWVxCFgLAAAAQXRzdWtvIEFuYW5V\nB3R5cGVfaWRxCVgPAAAAMTAwMDAwNDg4NjQ1Njc4VRNhY2Nlc3NfdG9rZW5fc2VjcmV0cQpYAAAA\nAFUKY3JlYXRlZF9hdHELY2RhdGV0aW1lCmRhdGV0aW1lCnEMVQoH3AwHFCATAAAAhVJxDVUGX3N0\nYXRlcQ5jZGphbmdvLmRiLm1vZGVscy5iYXNlCk1vZGVsU3RhdGUKcQ8pgXEQfXERKFUGYWRkaW5n\ncRKJVQJkYnETVQdkZWZhdWx0cRR1YlUQYWNjZXNzX3Rva2VuX2tleXEVWLcAAABDQUFDYkp1SFNq\nRklCQUYwZng0UVpCUkpjMGwwZTJHbnZzVDljMzdSNDRRRmVZWDdxdHk3eDhlYnJXcU1GMHhDS0JR\nT3J0TDVqTUdWdnN3a2NGdXZZWTFSRUN0WkJMQ0ZzUU9hMjlwOHc5Rm1FTkVLVElFbU9NaWxScGJB\nYlpDM05VWkFxWU9WTTFHTHBTOHRTUUZldDZCclFDamJoemRTR0NIS3VrWkNSaVhWZmJ4OGk1VnZD\nWkNVB3BhZ2VfaWRxFooAVQR0eXBlcRdYCAAAAGZhY2Vib29rVQJpZHEYigEDdWJzLg==\n','2014-03-05 14:51:18'),('193ef9a3d25bc28f8dfac9a160468d95','MDRmMmYxMmRmOWUyZjhkZmI0ODVhNzIzNGY0MmJiMzMwZTNhYTIzODqAAn1xAVUpNlNrdWx0Y0lW\nWHFTU20xVVBkN2wxaTlROEg0RXlUT0picmxVR0J4NElVKWR3RlpCM2wxZ0d6S01XN1piQ2phcmdS\nSTVRblpOcVFYTHZQUHFZQ05ncy4=\n','2014-01-29 03:57:18'),('8e6d61f7bfc8f24a32782a6118548807','MTk1YTQwYjc3ZTM5NjE5ODk3MmRlZmI4ZTc5ZTA1NTA0NjZhMzFhYTqAAn1xAVUJREVNT19QQUdF\ncQKIcy4=\n','2014-01-29 03:57:20'),('6bccba572b949a6cd2ddfa3f57ea5910','NDFiMjEzOWNjNDZjOGI0NGE4YTU3ZWE0MzdiY2Q5NWI0MDBhYjhlNzqAAn1xAVUEdXNlcmNkamFu\nZ28uZGIubW9kZWxzLmJhc2UKbW9kZWxfdW5waWNrbGUKcQJjbW9kdWxlLm9hdXRoLm1vZGVscwpV\nc2VyCnEDXWNkamFuZ28uZGIubW9kZWxzLmJhc2UKc2ltcGxlX2NsYXNzX2ZhY3RvcnkKcQSHUnEF\nfXEGKFUIdXNlcl9kaXJxB1gLAAAAYXRzdWtvLmFuYW5VBG5hbWVxCFgLAAAAQXRzdWtvIEFuYW5V\nB3R5cGVfaWRxCVgPAAAAMTAwMDAwNDg4NjQ1Njc4VRNhY2Nlc3NfdG9rZW5fc2VjcmV0cQpYAAAA\nAFUKY3JlYXRlZF9hdHELY2RhdGV0aW1lCmRhdGV0aW1lCnEMVQoH3AwHFCATAAAAhVJxDVUGX3N0\nYXRlcQ5jZGphbmdvLmRiLm1vZGVscy5iYXNlCk1vZGVsU3RhdGUKcQ8pgXEQfXERKFUGYWRkaW5n\ncRKJVQJkYnETVQdkZWZhdWx0cRR1YlUQYWNjZXNzX3Rva2VuX2tleXEVWLcAAABDQUFDYkp1SFNq\nRklCQUYwZng0UVpCUkpjMGwwZTJHbnZzVDljMzdSNDRRRmVZWDdxdHk3eDhlYnJXcU1GMHhDS0JR\nT3J0TDVqTUdWdnN3a2NGdXZZWTFSRUN0WkJMQ0ZzUU9hMjlwOHc5Rm1FTkVLVElFbU9NaWxScGJB\nYlpDM05VWkFxWU9WTTFHTHBTOHRTUUZldDZCclFDamJoemRTR0NIS3VrWkNSaVhWZmJ4OGk1VnZD\nWkNVB3BhZ2VfaWRxFooAVQR0eXBlcRdYCAAAAGZhY2Vib29rVQJpZHEYigEDdWJzLg==\n','2014-02-27 15:10:03'),('2d1e3ca91083331eff76374824066f6d','ZmIwYjRiNDA2MDZkMGFiZjM1NTRjZDE5YmI1ZmM2ODU4YzVlZDJjZTqAAn1xAShVDGFjY2Vzc190\nb2tlbmN0d2VlcHkub2F1dGgKT0F1dGhUb2tlbgpxAimBcQN9cQQoVQZzZWNyZXRxBVUnN2dNQ0Ny\nSXlCaERodkhodDFkV1VaNzQ4c0hsZmFMbDNmcEtlUk1zVQNrZXlxBlUyMzMwNjI3ODcyLTZjUEIw\nNUxOTzd1Z2R3R0N1dU5ISmRlYXd5azByR09yYzhGM0R0eEp1YlUEdXNlcmNkamFuZ28uZGIubW9k\nZWxzLmJhc2UKbW9kZWxfdW5waWNrbGUKcQdjbW9kdWxlLm9hdXRoLm1vZGVscwpVc2VyCnEIXWNk\namFuZ28uZGIubW9kZWxzLmJhc2UKc2ltcGxlX2NsYXNzX2ZhY3RvcnkKcQmHUnEKfXELKFUIdXNl\ncl9kaXJxDFgNAAAAcnlvLmZ1amltb3RvMlUEbmFtZXENWA0AAABSeW8gIEZ1amltb3RvVQd0eXBl\nX2lkcQ5YDwAAADEwMDAwMjY1NjYwMDQ4OFUTYWNjZXNzX3Rva2VuX3NlY3JldHEPWAAAAABVCmNy\nZWF0ZWRfYXRxEGNkYXRldGltZQpkYXRldGltZQpxEVUKB9wFCwE7GwAAAIVScRJVBl9zdGF0ZXET\nY2RqYW5nby5kYi5tb2RlbHMuYmFzZQpNb2RlbFN0YXRlCnEUKYFxFX1xFihVBmFkZGluZ3EXiVUC\nZGJxGFUHZGVmYXVsdHEZdWJVEGFjY2Vzc190b2tlbl9rZXlxGljIAAAAQ0FBQ2JKdUhTakZJQkFL\nZHFTQzJUOXRoemhSUlpCRXdCNjhVMFpBNEZaQWlaQ1BOTTd5ZUxTemwxV0FHTkpkTnVsUWY1eHBw\nNTR1WkJDdGJBWWJESGRaQ3RaQkgwNm1DcU5HaUY4ams0ZGhXWHhydWRtQURzRkd5U2ZDTWV4bFlE\nUjlpczdJTUxOaXhLN2dGVWZTdnFaQlpCVXpDZjBQR3BhcnZmYnJxd3RncDV0VzNnQmFVOTFjSHo0\nMHVEV0hZbFVSWkJvNlRVB3BhZ2VfaWRxG4oBEFUEdHlwZXEcWAgAAABmYWNlYm9va1UCaWRxHYoB\nAXViVSgwUkYxRzl1T1dRMWc3aGNKMFA1Tk9KZjBDazZyM3JZQ3hScWRubFF3VShWcFU5OGdaaU1C\nbkdZQU5QTTlYOEIxdk5GT0ZqdG1ySDl5ODhWaUdJdS4=\n','2014-11-13 08:22:25'),('4474d3f26d873dac142b491d50eaa311','MTk1YTQwYjc3ZTM5NjE5ODk3MmRlZmI4ZTc5ZTA1NTA0NjZhMzFhYTqAAn1xAVUJREVNT19QQUdF\ncQKIcy4=\n','2014-02-18 20:18:21'),('a312e5e7e1e576b21d4d21411f0604ec','YzQ1MmYxZGY2ZjRkNzBmYzEwMjVlMGY3NzM0ZDRkMjE4YzFmNWFjZjqAAn1xAS4=\n','2014-02-20 19:24:03'),('eac24ca424c50bce06a82727f46ad0a3','MTk1YTQwYjc3ZTM5NjE5ODk3MmRlZmI4ZTc5ZTA1NTA0NjZhMzFhYTqAAn1xAVUJREVNT19QQUdF\ncQKIcy4=\n','2014-03-02 05:07:07'),('d07a51e6745f0e6c513a251ffe3144c1','MTk1YTQwYjc3ZTM5NjE5ODk3MmRlZmI4ZTc5ZTA1NTA0NjZhMzFhYTqAAn1xAVUJREVNT19QQUdF\ncQKIcy4=\n','2014-03-17 00:32:50'),('8a0d1175f56473da304ef734d2f12de6','MTk1YTQwYjc3ZTM5NjE5ODk3MmRlZmI4ZTc5ZTA1NTA0NjZhMzFhYTqAAn1xAVUJREVNT19QQUdF\ncQKIcy4=\n','2014-03-24 10:33:01'),('045460918d5a5ab1c15dea3f5f913705','ZTk5ZjIxMjgwMzAxNjI1NGNjMmZjMzllNjdiMTA5ZWRlMjY3ZDUwZDqAAn1xAVUEdXNlcmNkamFu\nZ28uZGIubW9kZWxzLmJhc2UKbW9kZWxfdW5waWNrbGUKcQJjbW9kdWxlLm9hdXRoLm1vZGVscwpV\nc2VyCnEDXWNkamFuZ28uZGIubW9kZWxzLmJhc2UKc2ltcGxlX2NsYXNzX2ZhY3RvcnkKcQSHUnEF\nfXEGKFUIdXNlcl9kaXJxB1gLAAAAYXRzdWtvLmFuYW5VBG5hbWVxCFgLAAAAQXRzdWtvIEFuYW5V\nB3R5cGVfaWRxCVgPAAAAMTAwMDAwNDg4NjQ1Njc4VRNhY2Nlc3NfdG9rZW5fc2VjcmV0cQpYAAAA\nAFUKY3JlYXRlZF9hdHELY2RhdGV0aW1lCmRhdGV0aW1lCnEMVQoH3AwHFCATAAAAhVJxDVUGX3N0\nYXRlcQ5jZGphbmdvLmRiLm1vZGVscy5iYXNlCk1vZGVsU3RhdGUKcQ8pgXEQfXERKFUGYWRkaW5n\ncRKJVQJkYnETVQdkZWZhdWx0cRR1YlUQYWNjZXNzX3Rva2VuX2tleXEVWLgAAABDQUFDYkp1SFNq\nRklCQUJ2d0cxZWd6cElBUU80MUw1dFljOTRwdVBxWkNyMUViWkNSWThRS3JIY1doRHpOTVhqUEdN\ncjNMMDBwc0E4Z2Z0RG16UkQyZlBXUlYzTnZ3UEJaQ2NOVFpBV0xvZVVGOUJXeW9BZThzbnJvS2VI\nWkJjZXlyR2ZVNnZkYmtyQzZDUFpBZkEwVjdDVHVSVDFSMjJraWY0emhjNEZFejNxS09HUXNkN1Jk\nclpBVQdwYWdlX2lkcRaKAFUEdHlwZXEXWAgAAABmYWNlYm9va1UCaWRxGIoBA3Vicy4=\n','2014-04-02 15:26:19'),('de7fe6d189438eb639c786ff1dcae830','YWVmYzM0ZWI4YzA5NWYxNzk5NWVmNGU5ZGZhNWRhMWNmNWU2YWZmZjqAAn1xAVUEdXNlcnECY2Rq\nYW5nby5kYi5tb2RlbHMuYmFzZQptb2RlbF91bnBpY2tsZQpxA2Ntb2R1bGUub2F1dGgubW9kZWxz\nClVzZXIKcQRdY2RqYW5nby5kYi5tb2RlbHMuYmFzZQpzaW1wbGVfY2xhc3NfZmFjdG9yeQpxBYdS\ncQZ9cQcoVQh1c2VyX2RpcnEIWA0AAAByeW8uZnVqaW1vdG8yVQRuYW1lcQlYDQAAAFJ5byAgRnVq\naW1vdG9VB3R5cGVfaWRxClgPAAAAMTAwMDAyNjU2NjAwNDg4VRNhY2Nlc3NfdG9rZW5fc2VjcmV0\ncQtYAAAAAFUKY3JlYXRlZF9hdHEMY2RhdGV0aW1lCmRhdGV0aW1lCnENVQoH3AULATsbAAAAhVJx\nDlUGX3N0YXRlcQ9jZGphbmdvLmRiLm1vZGVscy5iYXNlCk1vZGVsU3RhdGUKcRApgXERfXESKFUG\nYWRkaW5ncROJVQJkYnEUVQdkZWZhdWx0cRV1YlUQYWNjZXNzX3Rva2VuX2tleXEWWL8AAABDQUFD\nYkp1SFNqRklCQUhZRk9XRDZEWDFBY1BTcGxrV0ZFUHc2ZGt0azRNVzVtV1VEN3VPVnFuYjI5MElx\nUW9RNk91Q2xzV1RoSDJXQk9Tc0Z2dkpkampKV2NPMGNSdXFmenVIV1ZuWHlHVU5nYnJSUDZpenFv\nSVFmeHFNTTNZblBOcGZXNkJjRUY0d253ME5XajdINXE1MUNiYjAxeDZ6WUxOblpCMXdtNm5NeFJO\nbkdURE9Lak9GbjdZUE1aRFUHcGFnZV9pZHEXigESVQR0eXBlcRhYCAAAAGZhY2Vib29rVQJpZHEZ\nigEBdWJzLg==\n','2014-04-01 03:16:52'),('a2abcc254de693f059824d0ec542e944','MTk1YTQwYjc3ZTM5NjE5ODk3MmRlZmI4ZTc5ZTA1NTA0NjZhMzFhYTqAAn1xAVUJREVNT19QQUdF\ncQKIcy4=\n','2014-04-14 20:24:02'),('96aedcefa1a8b2bd54ca2ec9c8899efa','ZjY4YzY5ZTFiMWRmY2E0ODdkNTYzM2VlMmYxYzUxMTQwYjBmOWE2MTqAAn1xAVUEdXNlcmNkamFu\nZ28uZGIubW9kZWxzLmJhc2UKbW9kZWxfdW5waWNrbGUKcQJjbW9kdWxlLm9hdXRoLm1vZGVscwpV\nc2VyCnEDXWNkamFuZ28uZGIubW9kZWxzLmJhc2UKc2ltcGxlX2NsYXNzX2ZhY3RvcnkKcQSHUnEF\nfXEGKFUIdXNlcl9kaXJxB1gNAAAAcnlvLmZ1amltb3RvMlUEbmFtZXEIWA0AAABSeW8gIEZ1amlt\nb3RvVQd0eXBlX2lkcQlYDwAAADEwMDAwMjY1NjYwMDQ4OFUTYWNjZXNzX3Rva2VuX3NlY3JldHEK\nWAAAAABVCmNyZWF0ZWRfYXRxC2NkYXRldGltZQpkYXRldGltZQpxDFUKB9wFCwE7GwAAAIVScQ1V\nBl9zdGF0ZXEOY2RqYW5nby5kYi5tb2RlbHMuYmFzZQpNb2RlbFN0YXRlCnEPKYFxEH1xEShVBmFk\nZGluZ3ESiVUCZGJxE1UHZGVmYXVsdHEUdWJVEGFjY2Vzc190b2tlbl9rZXlxFVi8AAAAQ0FBQ2JK\ndUhTakZJQkFNV1pCU2pON3VvTHhoWkE4RlFPQlpDN0E5blNTbTlLOGFzWkFPSWNZbThYQ0kyMXp2\neDBOcDdZVTEzZVNKQm83OWRyYXhOMjZ5U2gyd1pBZkVaQzlIc1NQSFFzMWI2QUsyMm9Hd1hyWGxq\nem1pU0dRRmFaQW5DWkJCems4bm5idmk5UVNQcGRIdGJiSVRtVzFCckgzaVlSRWFKTjdlU1RaQjJu\nWXQwMVpCMHhKWkJVB3BhZ2VfaWRxFooBAVUEdHlwZXEXWAgAAABmYWNlYm9va1UCaWRxGIoBAXVi\ncy4=\n','2014-05-10 02:43:39'),('cb80d2241074e4a50abd26a6b7082a4d','NmQyYjhlZmFkMDVkMGE3YzZjY2FkZWQ1NTE1MDM0MDFlOGY1ZGRjYTqAAn1xAVUEdXNlcnECY2Rq\nYW5nby5kYi5tb2RlbHMuYmFzZQptb2RlbF91bnBpY2tsZQpxA2Ntb2R1bGUub2F1dGgubW9kZWxz\nClVzZXIKcQRdY2RqYW5nby5kYi5tb2RlbHMuYmFzZQpzaW1wbGVfY2xhc3NfZmFjdG9yeQpxBYdS\ncQZ9cQcoVQh1c2VyX2RpcnEIWAsAAABhdHN1a28uYW5hblUEbmFtZXEJWAsAAABBdHN1a28gQW5h\nblUHdHlwZV9pZHEKWA8AAAAxMDAwMDA0ODg2NDU2NzhVE2FjY2Vzc190b2tlbl9zZWNyZXRxC1gA\nAAAAVQpjcmVhdGVkX2F0cQxjZGF0ZXRpbWUKZGF0ZXRpbWUKcQ1VCgfcDAcUIBMAAACFUnEOVQZf\nc3RhdGVxD2NkamFuZ28uZGIubW9kZWxzLmJhc2UKTW9kZWxTdGF0ZQpxECmBcRF9cRIoVQZhZGRp\nbmdxE4lVAmRicRRVB2RlZmF1bHRxFXViVRBhY2Nlc3NfdG9rZW5fa2V5cRZYuAAAAENBQUNiSnVI\nU2pGSUJBQnZ3RzFlZ3pwSUFRTzQxTDV0WWM5NHB1UHFaQ3IxRWJaQ1JZOFFLckhjV2hEek5NWGpQ\nR01yM0wwMHBzQThnZnREbXpSRDJmUFdSVjNOdndQQlpDY05UWkFXTG9lVUY5Qld5b0FlOHNucm9L\nZUhaQmNleXJHZlU2dmRia3JDNkNQWkFmQTBWN0NUdVJUMVIyMmtpZjR6aGM0RkV6M3FLT0dRc2Q3\nUmRyWkFVB3BhZ2VfaWRxF4oAVQR0eXBlcRhYCAAAAGZhY2Vib29rVQJpZHEZigEDdWJzLg==\n','2014-04-25 00:08:37'),('0e30c0d5fbbdb363027e766e9cfbecce','MTk1YTQwYjc3ZTM5NjE5ODk3MmRlZmI4ZTc5ZTA1NTA0NjZhMzFhYTqAAn1xAVUJREVNT19QQUdF\ncQKIcy4=\n','2014-04-27 21:48:25'),('96a8630addc04c02694d9da155ba8d04','MTk1YTQwYjc3ZTM5NjE5ODk3MmRlZmI4ZTc5ZTA1NTA0NjZhMzFhYTqAAn1xAVUJREVNT19QQUdF\ncQKIcy4=\n','2014-04-29 06:15:16'),('ee154d5dbe13c0a5cb2e7105e0992214','NjEwN2YzNDc0NzFhNDU4NTVhZGI1OWJmMjNjOWU4MWY2NjRiNDY1MzqAAn1xAVUEdXNlcmNkamFu\nZ28uZGIubW9kZWxzLmJhc2UKbW9kZWxfdW5waWNrbGUKcQJjbW9kdWxlLm9hdXRoLm1vZGVscwpV\nc2VyCnEDXWNkamFuZ28uZGIubW9kZWxzLmJhc2UKc2ltcGxlX2NsYXNzX2ZhY3RvcnkKcQSHUnEF\nfXEGKFUIdXNlcl9kaXJxB1gLAAAAYXRzdWtvLmFuYW5VBG5hbWVxCFgLAAAAQXRzdWtvIEFuYW5V\nB3R5cGVfaWRxCVgPAAAAMTAwMDAwNDg4NjQ1Njc4VRNhY2Nlc3NfdG9rZW5fc2VjcmV0cQpYAAAA\nAFUKY3JlYXRlZF9hdHELY2RhdGV0aW1lCmRhdGV0aW1lCnEMVQoH3AwHFCATAAAAhVJxDVUGX3N0\nYXRlcQ5jZGphbmdvLmRiLm1vZGVscy5iYXNlCk1vZGVsU3RhdGUKcQ8pgXEQfXERKFUGYWRkaW5n\ncRKJVQJkYnETVQdkZWZhdWx0cRR1YlUQYWNjZXNzX3Rva2VuX2tleXEVWL0AAABDQUFDYkp1SFNq\nRklCQUFkb0VjT2ZaQUpJWkNaQW44ellqSkNsRWljRWRkaGhiQWVJM0NhWkI5RFpDclFCYnpKbXJa\nQ3NVeG5yRXR3cDRsc2ZZMjJ4WDdLZzBEZGVxNnd4VUlCMkg3VkprWkJPZ2tuSkpKQ3FuQ3VQbXpj\ncU1GNjczVzdyQWdRR1pBS2E3SWt6WkJIelJaQWlqV3paQlJrSjBmdkRPbGF6VVpBRHVCZWRWMnVj\nbjMzUnpNbXJVB3BhZ2VfaWRxFooAVQR0eXBlcRdYCAAAAGZhY2Vib29rVQJpZHEYigEDdWJzLg==\n','2014-05-28 17:58:43'),('448930db2957f9629c1af52b166f4365','M2JhZGM5OWUyNDRlMjg0Mjk5MTg1MmVkZjgyMDAxM2JkOWRmMDFjMzqAAn1xAVUpVlo4STVaM2Y5\nWDM1VDBpVWtOaExkQnc5V2c4dmZ1ZWtxUVZTSFphakVVKU4yakQwc2NiV3dMZmsxVGtPUEdzVUhL\nbWJ2UkpwQVBRY3U0Tnc2eGNncy4=\n','2014-05-08 18:17:59'),('34392de00f1a96d2daa5875721b99e48','MzcwYjVmNTZjN2IxOWVhYjQ3MDYyMTIxMjhmMmQ5YzVkM2U2NDBjOTqAAn1xAVUqSVhjaXRTMVNn\neFVpV0lGdDBsemJ5ZHVlMk5mS2doYWE0OVRkRXowUXh3VSpsZnBON2NCWkR5ckU4YkdwS05JSlNI\nblBycHpCN08zb3dHRmRZb3ByajhzLg==\n','2014-05-14 13:40:42'),('b926bb0d44e40ca5ef0328242b51a190','MTk1YTQwYjc3ZTM5NjE5ODk3MmRlZmI4ZTc5ZTA1NTA0NjZhMzFhYTqAAn1xAVUJREVNT19QQUdF\ncQKIcy4=\n','2014-05-14 13:40:45'),('89d251540566b22d991460f0a3e255c2','ODVlYzExNmI3MTQzNjU4NzVhMDg2MTFhMzAyNjg0NDcxMDkzNGQ1MjqAAn1xAVUEdXNlcmNkamFu\nZ28uZGIubW9kZWxzLmJhc2UKbW9kZWxfdW5waWNrbGUKcQJjbW9kdWxlLm9hdXRoLm1vZGVscwpV\nc2VyCnEDXWNkamFuZ28uZGIubW9kZWxzLmJhc2UKc2ltcGxlX2NsYXNzX2ZhY3RvcnkKcQSHUnEF\nfXEGKFUIdXNlcl9kaXJxB1gNAAAAcnlvLmZ1amltb3RvMlUEbmFtZXEIWA0AAABSeW8gIEZ1amlt\nb3RvVQd0eXBlX2lkcQlYDwAAADEwMDAwMjY1NjYwMDQ4OFUTYWNjZXNzX3Rva2VuX3NlY3JldHEK\nWAAAAABVCmNyZWF0ZWRfYXRxC2NkYXRldGltZQpkYXRldGltZQpxDFUKB9wFCwE7GwAAAIVScQ1V\nBl9zdGF0ZXEOY2RqYW5nby5kYi5tb2RlbHMuYmFzZQpNb2RlbFN0YXRlCnEPKYFxEH1xEShVBmFk\nZGluZ3ESiVUCZGJxE1UHZGVmYXVsdHEUdWJVEGFjY2Vzc190b2tlbl9rZXlxFVjIAAAAQ0FBQ2JK\ndUhTakZJQkFIclpCY0VCcVpDWkEwWkNHTnBiMThRQ3VDZDQwWkE5aG52c0taQjRkc1Q1c05Rc2di\nM1JJT2RVSEEwUzhTRDk4WkNhTXhyZmJCOGdUcXNhZmswWFRTc1h5WXpRaVpDejdXNHduY1VhcHZZ\nQVpDZlRKTkNnVGxQaVpCN3BLMms4SFpCRENjMTZXa0FSNHFjV1JkQkhyOFhPVVpBakZvWkJPaGtN\nbnpWd2NjVlFPa0xpWkJaQnU3WGdxREJVB3BhZ2VfaWRxFooBEFUEdHlwZXEXWAgAAABmYWNlYm9v\na1UCaWRxGIoBAXVicy4=\n','2014-05-30 14:50:36'),('71c4bde81f09ae4fdb81379c96770bcd','MDUxZGNkZTk3MzY1ZTYwYmZmMWRjOWEwMjQ4NDUzZGU0MDJmYTdhZTqAAn1xAVUqUzVGVGpycVk4\nczVUT2ZWUk5sbmZxSUJ5QUtjMnNDdVc3NVBYbVI2SDRBVSs4dkZOTTVVR09PcWhiNG5PREVmQTJS\nYU5GMFdjZUw2cUpMWG9JY2tQY0lzcy4=\n','2014-07-07 13:56:20'),('fa5e2986d4eaa0e6d28a8023bf896462','MTk1YTQwYjc3ZTM5NjE5ODk3MmRlZmI4ZTc5ZTA1NTA0NjZhMzFhYTqAAn1xAVUJREVNT19QQUdF\ncQKIcy4=\n','2014-05-21 00:21:52'),('cf5b9348963663ddc4095c5413434d14','YjQ0NDM2NzMwZGFmZTJiNDViMDk5OGExNDA4ZmQwZDhiODgwMjIyOTqAAn1xAVUqMmVvMHVWRlcy\ncnFvUUxVSWxEUTdRNnVzZFBydk5KaTZTWXZ2RVVRT2xjVSlDeWx3V1VZRFBIN1AwNVVqMDJON095\nUXlLdnI3Q1VqOEdOczlHdWtQRXMu\n','2014-06-04 22:52:35'),('41cab6a79147f8d23a2a72a8edc5646c','ZjQwMjllM2UzZWY2MWUyOGM1NjgyYWI0YjViOGJmNzcyNGEzZTg5ZTqAAn1xAVUoMkpGdnZmc2h6\nSWV0ejA4U1FQQnJJdXlmOXRXNVFZY2lSWFNRa09DTVUoRGJvQkFOSjU4bVYwcWFpeXFyUktkd1JM\nbmFxaE1uNXYzbld3ME9BNHMu\n','2014-06-05 07:56:27'),('122ac5b822c7f60a57f57bd6f94f3ca8','OTBiYTVjMDU0MTUxYTM4OTU2YzMxNDA4MzdlOTRjZWY4ZWZlYWRmMjqAAn1xAVUrTWp1OHZSOUd5\nN2R1M1BibkJ6NjNwT29LVlZBemtaa3dTZWxKbEVsM3ZyOFUpdlVYV1JmWG9hWFVRVjkzUG1uZmFz\nWGxDUWhqWjZheHpKSmJzbWJwb1lzLg==\n','2014-06-15 16:40:13'),('a1d7fe0f57af4a815290a39025c0ebc3','MTk1YTQwYjc3ZTM5NjE5ODk3MmRlZmI4ZTc5ZTA1NTA0NjZhMzFhYTqAAn1xAVUJREVNT19QQUdF\ncQKIcy4=\n','2014-06-15 16:40:35'),('9a261a0a3c0d10248552bdcd8c74b29c','MTk1YTQwYjc3ZTM5NjE5ODk3MmRlZmI4ZTc5ZTA1NTA0NjZhMzFhYTqAAn1xAVUJREVNT19QQUdF\ncQKIcy4=\n','2014-06-18 19:10:23'),('ab104c5214f42aab0b2cacc438e4f0e6','MTc4ZmFmZjVhMGQwNmZmNjViOGMzYTRiYTI4ZWIzM2MzNmY1MmExZjqAAn1xAVUodEhYeGdRRVFi\nV09aUW1SVXhadlJDOTVmV0o0aFlJSXRlNWdyZEtOMFUrQmplbzJrVkhoVk1vMkxCZ2xzWHh5SDRp\nY1ZVeGZwSDIzOThLTWIzQjBGVXMu\n','2014-06-18 19:11:52'),('e6cbf88aad4c36de0ebeeaf641ab3415','NTZiNzc2MTE4NTM5Mjg5YWNkNDcxOGI5YjExMDI1N2M5ZWQxOGNmNzqAAn1xAVUEdXNlcnECY2Rq\nYW5nby5kYi5tb2RlbHMuYmFzZQptb2RlbF91bnBpY2tsZQpxA2Ntb2R1bGUub2F1dGgubW9kZWxz\nClVzZXIKcQRdY2RqYW5nby5kYi5tb2RlbHMuYmFzZQpzaW1wbGVfY2xhc3NfZmFjdG9yeQpxBYdS\ncQZ9cQcoVQh1c2VyX2RpcnEIWAsAAABhdHN1a28uYW5hblUEbmFtZXEJWAsAAABBdHN1a28gQW5h\nblUHdHlwZV9pZHEKWA8AAAAxMDAwMDA0ODg2NDU2NzhVE2FjY2Vzc190b2tlbl9zZWNyZXRxC1gA\nAAAAVQpjcmVhdGVkX2F0cQxjZGF0ZXRpbWUKZGF0ZXRpbWUKcQ1VCgfcDAcUIBMAAACFUnEOVQZf\nc3RhdGVxD2NkamFuZ28uZGIubW9kZWxzLmJhc2UKTW9kZWxTdGF0ZQpxECmBcRF9cRIoVQZhZGRp\nbmdxE4lVAmRicRRVB2RlZmF1bHRxFXViVRBhY2Nlc3NfdG9rZW5fa2V5cRZYtwAAAENBQUNiSnVI\nU2pGSUJBT0pyR1RVM1NJR2hoMTgwaHhwVWJqMjA0a09jbWlsQjBvM0RpTWhMTHJiaFRiakxMaTJo\nNXlzcVpDRUFrRjF6SjB1THZkYk93Z1JwS0hwTEdGdEx4b3gzSmtGaU56MXZ5cTFhSnRSUU9NOXg4\nWWhpY21KcFpBWkNCVFpCT2JSM1pBeERiMHdnR05kcUllSGs0VldaQkFwckMxZnhZaHhmSWJpdE5J\nSUxKblUHcGFnZV9pZHEXigBVBHR5cGVxGFgIAAAAZmFjZWJvb2tVAmlkcRmKAQN1YnMu\n','2014-06-20 15:25:45'),('c696cde480cc2ad3058d427a202a058b','NTAzYWY4MDQ1OGI1MGQ1ZTUyZmQzNTlhMmI4NjhhZGVkN2M1OGI4ZTqAAn1xAVUqUUh3MGFNQmp6\na2l3QXZISDN6TGpXb1BnQmFySlRzdW11R3VrVEE2Y1dJVShzMnRSd29La0taQ3YyeGtwcUd6M09m\nQjJ2ajFnQ2k2Q2RmOW9GNlhVcy4=\n','2014-06-21 04:59:46'),('3b03c2f075fb0727790ad217ac16f353','MTk1YTQwYjc3ZTM5NjE5ODk3MmRlZmI4ZTc5ZTA1NTA0NjZhMzFhYTqAAn1xAVUJREVNT19QQUdF\ncQKIcy4=\n','2014-06-23 12:21:54'),('a3ce113bfaa9fdb664abf00d135c71e0','NTZiNzc2MTE4NTM5Mjg5YWNkNDcxOGI5YjExMDI1N2M5ZWQxOGNmNzqAAn1xAVUEdXNlcnECY2Rq\nYW5nby5kYi5tb2RlbHMuYmFzZQptb2RlbF91bnBpY2tsZQpxA2Ntb2R1bGUub2F1dGgubW9kZWxz\nClVzZXIKcQRdY2RqYW5nby5kYi5tb2RlbHMuYmFzZQpzaW1wbGVfY2xhc3NfZmFjdG9yeQpxBYdS\ncQZ9cQcoVQh1c2VyX2RpcnEIWAsAAABhdHN1a28uYW5hblUEbmFtZXEJWAsAAABBdHN1a28gQW5h\nblUHdHlwZV9pZHEKWA8AAAAxMDAwMDA0ODg2NDU2NzhVE2FjY2Vzc190b2tlbl9zZWNyZXRxC1gA\nAAAAVQpjcmVhdGVkX2F0cQxjZGF0ZXRpbWUKZGF0ZXRpbWUKcQ1VCgfcDAcUIBMAAACFUnEOVQZf\nc3RhdGVxD2NkamFuZ28uZGIubW9kZWxzLmJhc2UKTW9kZWxTdGF0ZQpxECmBcRF9cRIoVQZhZGRp\nbmdxE4lVAmRicRRVB2RlZmF1bHRxFXViVRBhY2Nlc3NfdG9rZW5fa2V5cRZYtwAAAENBQUNiSnVI\nU2pGSUJBT0pyR1RVM1NJR2hoMTgwaHhwVWJqMjA0a09jbWlsQjBvM0RpTWhMTHJiaFRiakxMaTJo\nNXlzcVpDRUFrRjF6SjB1THZkYk93Z1JwS0hwTEdGdEx4b3gzSmtGaU56MXZ5cTFhSnRSUU9NOXg4\nWWhpY21KcFpBWkNCVFpCT2JSM1pBeERiMHdnR05kcUllSGs0VldaQkFwckMxZnhZaHhmSWJpdE5J\nSUxKblUHcGFnZV9pZHEXigBVBHR5cGVxGFgIAAAAZmFjZWJvb2tVAmlkcRmKAQN1YnMu\n','2014-07-07 20:45:52'),('cf666c6523fd6e04803fcc2857b940bf','MmZiM2YxMTc2MzFhMGRlNmFmNmI0NTlmZjk4NzQ1ODFmZjVlMGU3MzqAAn1xAShVDGFjY2Vzc190\nb2tlbmN0d2VlcHkub2F1dGgKT0F1dGhUb2tlbgpxAimBcQN9cQQoVQZzZWNyZXRxBVUrYmZ6aW9O\nc2pUOG1QeGVXd1JQZXBtR0xIQ3UxeDVwOE50ZFBnWUdaanZ2RVUDa2V5cQZVMjQzMzEyNzQwNi10\nQzRHOHlWTmxYN04zQ0lhZTVvSVRQdUFPSmkya3E1MVJseVlpWGF0dWJVKmVuSkpTMUc1eWdJVGgy\nZGdtY0ZwUXBTV1M4aHFPT1d5UklVMDlOVWpGd1UqM1BsSXRia2RLMVhUZ0lWUFYxbFl4b0dFbHRl\nZFFZalVDRE0wUVBUVkp3VQR1c2VyY2RqYW5nby5kYi5tb2RlbHMuYmFzZQptb2RlbF91bnBpY2ts\nZQpxB2Ntb2R1bGUub2F1dGgubW9kZWxzClVzZXIKcQhdY2RqYW5nby5kYi5tb2RlbHMuYmFzZQpz\naW1wbGVfY2xhc3NfZmFjdG9yeQpxCYdScQp9cQsoVQh1c2VyX2RpcnEMWAsAAABhdHN1a28uYW5h\nblUEbmFtZXENWAsAAABBdHN1a28gQW5hblUHdHlwZV9pZHEOWA8AAAAxMDAwMDA0ODg2NDU2NzhV\nE2FjY2Vzc190b2tlbl9zZWNyZXRxD1gAAAAAVQpjcmVhdGVkX2F0cRBjZGF0ZXRpbWUKZGF0ZXRp\nbWUKcRFVCgfcDAcUIBMAAACFUnESVQZfc3RhdGVxE2NkamFuZ28uZGIubW9kZWxzLmJhc2UKTW9k\nZWxTdGF0ZQpxFCmBcRV9cRYoVQZhZGRpbmdxF4lVAmRicRhVB2RlZmF1bHRxGXViVRBhY2Nlc3Nf\ndG9rZW5fa2V5cRpYugAAAENBQUNiSnVIU2pGSUJBUDlYVXlpMzcyUGduM2FVNkR1bzB4aXQwY3pw\nZXN0cFpBWkFXd0hJcVlyN0QxMWpnVEpmMmFwTVd0WkFyNU8yQU1HM1VLTlpBVTkwWkMyb3FsV2Iz\nUVRlMEs0aEI0M2ZlSU14WkJzaUY5ZmxRT0dQTUlnbVVGQ0daQ0ZGd1pBbk0wNGpua3Z2anhmVDVI\ncWJTZVA3bUkzZFAwTlpDSTlXRlB1bkJ0MjdJWE5zZlUHcGFnZV9pZHEbigBVBHR5cGVxHFgIAAAA\nZmFjZWJvb2tVAmlkcR2KAQN1YnUu\n','2014-07-08 20:33:16'),('c5044c43cac59036ce9ce41730c865b4','YTZiYWUwODRjODcwYzI0ZGQ0NTJiMTRhNDdjZjUzMzNmNjIxZWU2NzqAAn1xAVUpWW1DcGd5R21G\naUVTdVBldVc1czV5VmhnbDQ3RUFYMEdJUXpxeW1sZW9VK3JLdDhONkhDN2lEUEl0Z1NZblc5Y1dz\nRHMyMjNGejF1Rk5LZmlrN2JFOVFzLg==\n','2014-07-24 05:23:56'),('dd513a2d1feb5c2e8105f5eb666d0fec','MTk1YTQwYjc3ZTM5NjE5ODk3MmRlZmI4ZTc5ZTA1NTA0NjZhMzFhYTqAAn1xAVUJREVNT19QQUdF\ncQKIcy4=\n','2014-08-02 02:45:09'),('aab656d1709291eb1f5bce8f3c42d225','YWIzNDhmYzkxMTJlZTMyMjg4YjcyYzg2YjRlNGNmMzA1YjNkMTg1ZjqAAn1xAVUoZ3JDcFhRcm5G\nTTI1bmMydkVxV01RdGVWZVFCSDhEbTFKbjlMZ3BpZ1UqRmNrV0pJQjJ6Z0Z0OTNleG03T0wybmVV\nNzBLTXZWNzZTUmsyTWxXQ2RFcy4=\n','2014-08-02 16:15:02'),('4c943967e9bf3b9110bbb21f002f6c16','NDBiMWEzZWRkZWNmZDZmZjFhNGY2ZjAwZjk0MjBhMzdiOGVhMjg2MDqAAn1xAVUoejJBa0RNQnFN\nV3l2WlJqTjRSNTJWZmpOSWdid1gxbDBPUHFzS1NBTVUqV3c1Z1hTbUNpZHpNVm51NWxBbVk5MVpV\nVzMyWG1UNkM1Z0RLYW80UnNZcy4=\n','2014-08-06 14:40:16'),('570bb5492a9d0d74c08839a67a01530b','MTk1YTQwYjc3ZTM5NjE5ODk3MmRlZmI4ZTc5ZTA1NTA0NjZhMzFhYTqAAn1xAVUJREVNT19QQUdF\ncQKIcy4=\n','2014-08-06 14:43:16'),('757d32e8561964e4284cef3ca02bc756','YTdkNjBjNDBkNzEyMWNhOGRhZDQ2YWM1ZjJmZTdiMjRjYTI0ZmZhYTqAAn1xAVUqVmo1N1lSa2N6\na0ptRnpOUVhSU0JBblhVSWI5RGp5ZW1qYVdZQ3lVTWRBVSpsQlJBNjdUZmJNcHdLVlk0aXRMSmx3\nQjFWb2MxRWt1QVRhUEdNVGQ3R1lzLg==\n','2014-08-06 14:43:17'),('f7010f18744a1249c105e784f91d40aa','MDUwY2Q0ZDg4YTcxMzU4ZmRlZWE3MGVkYmYyMmQzNGIzZTllZjMwNjqAAn1xAVUpWVREWThSVGY0\nd21NZzlqUFE3bDN4S1lYRUZkYno1bXZReU1ob1lEVkFVKkFpemdVcVVEcnBwRzRmSzNrZ0VSaVdu\nQUVFbVpPOHdMQ3A5enlJRFVvc3Mu\n','2014-08-06 14:46:00'),('9557d90609001924df7cb2abfe8e1d67','NmUwZDkyNTdkNGU4OTUyNGExZTNiMTllMDVlMTEzNGIzZjMzODMxYjqAAn1xAVUEdXNlcmNkamFu\nZ28uZGIubW9kZWxzLmJhc2UKbW9kZWxfdW5waWNrbGUKcQJjbW9kdWxlLm9hdXRoLm1vZGVscwpV\nc2VyCnEDXWNkamFuZ28uZGIubW9kZWxzLmJhc2UKc2ltcGxlX2NsYXNzX2ZhY3RvcnkKcQSHUnEF\nfXEGKFUIdXNlcl9kaXJxB1gNAAAAcnlvLmZ1amltb3RvMlUEbmFtZXEIWA0AAABSeW8gIEZ1amlt\nb3RvVQd0eXBlX2lkcQlYDwAAADEwMDAwMjY1NjYwMDQ4OFUTYWNjZXNzX3Rva2VuX3NlY3JldHEK\nWAAAAABVCmNyZWF0ZWRfYXRxC2NkYXRldGltZQpkYXRldGltZQpxDFUKB9wFCwE7GwAAAIVScQ1V\nBl9zdGF0ZXEOY2RqYW5nby5kYi5tb2RlbHMuYmFzZQpNb2RlbFN0YXRlCnEPKYFxEH1xEShVBmFk\nZGluZ3ESiVUCZGJxE1UHZGVmYXVsdHEUdWJVEGFjY2Vzc190b2tlbl9rZXlxFVjIAAAAQ0FBQ2JK\ndUhTakZJQkFDNnlXam8wUDk3NXRlYW11djN4dGFaQVJBOFlQU1dQU2tBaEtUU0V6aGd0WGNvdjhr\nckVodEs0Z3c2TjlWdms0ZW91Qk5RaHk1TGZSdkhVRlJ0S0tWMkI1QlVTaXQ0OVRSYzRYQnowc0NV\nZW1KQUlYQ3hHMjZXTkZ2VUplWVpCcHRQVjRkTU9SS0c2Y0FuTGZuYmpuemhPNjduc2QzYWoyWEla\nQTJwVUhWalJndmh0QTc0OGo5S3ZGc3hVB3BhZ2VfaWRxFooBAVUEdHlwZXEXWAgAAABmYWNlYm9v\na1UCaWRxGIoBAXVicy4=\n','2014-08-09 00:24:32'),('558a6b0f53ce90bc78eb48da239eacec','MjRlMzk3Y2EwOGRiOWZmNTAyYTNiYjYzMmYyZjhmMGFhMGJjZWJlZDqAAn1xAVUpNWFQeUN6aUxB\nMkdoNXRvSkF2NmZxa2RHZmNzV0pWWXNPeENoSzBoVElVKWhyTmltcmQydUtRODZhb1hUc3UxMFF5\nMjEyYlVwVnF5R0lEZ3Qza2Q4cy4=\n','2014-08-09 18:52:03'),('9bbf1c139435d396e2fe94ccbeb98abf','YjQ2M2RkNjY3Mjc2MWM2MjkxZWJjYTI5MzEwODYxZjBmMGIwZmU5NTqAAn1xAVUEdXNlcmNkamFu\nZ28uZGIubW9kZWxzLmJhc2UKbW9kZWxfdW5waWNrbGUKcQJjbW9kdWxlLm9hdXRoLm1vZGVscwpV\nc2VyCnEDXWNkamFuZ28uZGIubW9kZWxzLmJhc2UKc2ltcGxlX2NsYXNzX2ZhY3RvcnkKcQSHUnEF\nfXEGKFUIdXNlcl9kaXJxB1gLAAAAYXRzdWtvLmFuYW5VBG5hbWVxCFgLAAAAQXRzdWtvIEFuYW5V\nB3R5cGVfaWRxCVgPAAAAMTAwMDAwNDg4NjQ1Njc4VRNhY2Nlc3NfdG9rZW5fc2VjcmV0cQpYAAAA\nAFUKY3JlYXRlZF9hdHELY2RhdGV0aW1lCmRhdGV0aW1lCnEMVQoH3AwHFCATAAAAhVJxDVUGX3N0\nYXRlcQ5jZGphbmdvLmRiLm1vZGVscy5iYXNlCk1vZGVsU3RhdGUKcQ8pgXEQfXERKFUGYWRkaW5n\ncRKJVQJkYnETVQdkZWZhdWx0dWJVEGFjY2Vzc190b2tlbl9rZXlxFFjIAAAAQ0FBQ2JKdUhTakZJ\nQkFHSFZoYWJvdUJ5dENaQTlJWVlaQ0hsWkJlWkNrZGM3TlVoMFY3NlpCVXU4dUI5YnAwRkZxczl5\ndDBIdFBLMFVpM3NrMjVVeVBKN1NaQWExRVVFNlpCR202eDlCcEpLMkxaQXo2SWhCZTlWTEZ1VXVn\nYUZJR0JwTmFXaUNuaW1tbUduZEt0ZEtCaXpaQTZ4dXVSU0VudWNpNjlzMXdhOGdaQ2lTd0ZuZkNP\ncVRjd1pCckFRdmlaQ3dZWkNVB3BhZ2VfaWRxFYoAVQR0eXBlcRZYCAAAAGZhY2Vib29rVQJpZHEX\nigEDdWJzLg==\n','2014-09-23 13:33:18'),('3f0bf6772745cbdfdd3f540cab027c0e','MzUyMmNkNDkyNmQxN2Q3YTFmMTIzZWFlYjYyZWIxY2RjOTlmODQ4YTqAAn1xAVUEdXNlcmNkamFu\nZ28uZGIubW9kZWxzLmJhc2UKbW9kZWxfdW5waWNrbGUKcQJjbW9kdWxlLm9hdXRoLm1vZGVscwpV\nc2VyCnEDXWNkamFuZ28uZGIubW9kZWxzLmJhc2UKc2ltcGxlX2NsYXNzX2ZhY3RvcnkKcQSHUnEF\nfXEGKFUIdXNlcl9kaXJxB1gNAAAAcnlvLmZ1amltb3RvMlUEbmFtZXEIWA0AAABSeW8gIEZ1amlt\nb3RvVQd0eXBlX2lkcQlYDwAAADEwMDAwMjY1NjYwMDQ4OFUTYWNjZXNzX3Rva2VuX3NlY3JldHEK\nWAAAAABVCmNyZWF0ZWRfYXRxC2NkYXRldGltZQpkYXRldGltZQpxDFUKB9wFCwE7GwAAAIVScQ1V\nBl9zdGF0ZXEOY2RqYW5nby5kYi5tb2RlbHMuYmFzZQpNb2RlbFN0YXRlCnEPKYFxEH1xEShVBmFk\nZGluZ3ESiVUCZGJxE1UHZGVmYXVsdHEUdWJVEGFjY2Vzc190b2tlbl9rZXlxFVjIAAAAQ0FBQ2JK\ndUhTakZJQkFLZHFTQzJUOXRoemhSUlpCRXdCNjhVMFpBNEZaQWlaQ1BOTTd5ZUxTemwxV0FHTkpk\nTnVsUWY1eHBwNTR1WkJDdGJBWWJESGRaQ3RaQkgwNm1DcU5HaUY4ams0ZGhXWHhydWRtQURzRkd5\nU2ZDTWV4bFlEUjlpczdJTUxOaXhLN2dGVWZTdnFaQlpCVXpDZjBQR3BhcnZmYnJxd3RncDV0VzNn\nQmFVOTFjSHo0MHVEV0hZbFVSWkJvNlRVB3BhZ2VfaWRxFooBEFUEdHlwZXEXWAgAAABmYWNlYm9v\na1UCaWRxGIoBAXVicy4=\n','2014-11-13 19:02:41'),('fa2ba25b61c0e534f9cab25a8a394ee4','NjI0OTYwYWU1Njc2MjVmYjZkMmZjMTlhYjc2MGE1NTg2MDFmMGNhOTqAAn1xAVUEdXNlcmNkamFu\nZ28uZGIubW9kZWxzLmJhc2UKbW9kZWxfdW5waWNrbGUKcQJjbW9kdWxlLm9hdXRoLm1vZGVscwpV\nc2VyCnEDXWNkamFuZ28uZGIubW9kZWxzLmJhc2UKc2ltcGxlX2NsYXNzX2ZhY3RvcnkKcQSHUnEF\nfXEGKFUIdXNlcl9kaXJxB1gLAAAAYXRzdWtvLmFuYW5VBG5hbWVxCFgLAAAAQXRzdWtvIEFuYW5V\nB3R5cGVfaWRxCVgPAAAAMTAwMDAwNDg4NjQ1Njc4VRNhY2Nlc3NfdG9rZW5fc2VjcmV0cQpYAAAA\nAFUKY3JlYXRlZF9hdHELY2RhdGV0aW1lCmRhdGV0aW1lCnEMVQoH3AwHFCATAAAAhVJxDVUGX3N0\nYXRlcQ5jZGphbmdvLmRiLm1vZGVscy5iYXNlCk1vZGVsU3RhdGUKcQ8pgXEQfXERKFUGYWRkaW5n\ncRKJVQJkYnETVQdkZWZhdWx0cRR1YlUQYWNjZXNzX3Rva2VuX2tleXEVWMgAAABDQUFDYkp1SFNq\nRklCQUdIVmhhYm91Qnl0Q1pBOUlZWVpDSGxaQmVaQ2tkYzdOVWgwVjc2WkJVdTh1QjlicDBGRnFz\nOXl0MEh0UEswVWkzc2syNVV5UEo3U1pBYTFFVUU2WkJHbTZ4OUJwSksyTFpBejZJaEJlOVZMRnVV\ndWdhRklHQnBOYVdpQ25pbW1tR25kS3RkS0JpelpBNnh1dVJTRW51Y2k2OXMxd2E4Z1pDaVN3Rm5m\nQ09xVGN3WkJyQVF2aVpDd1laQ1UHcGFnZV9pZHEWigBVBHR5cGVxF1gIAAAAZmFjZWJvb2tVAmlk\ncRiKAQN1YnMu\n','2014-09-02 17:20:52'),('d1cfd35ebe63ee55398ff0adf0df2956','NTNlYjQxYjdiNmNkYTNiOWJkNGQwMDJiMGViZDk1NGQ2NGFlOWQ5NjqAAn1xAVUgZFVRRHVONW9B\nMnJHdTU1QXQyYTVhWFFGWEpQY3QwY1FVIERCSGU4VWRuT293WlI5RTRQOGh6NWo1YU11SHNCdm0y\ncy4=\n','2014-08-26 11:33:20'),('96c1dcd1d62ec004b3bc0cdcc092da98','MTk1YTQwYjc3ZTM5NjE5ODk3MmRlZmI4ZTc5ZTA1NTA0NjZhMzFhYTqAAn1xAVUJREVNT19QQUdF\ncQKIcy4=\n','2014-09-04 10:15:22'),('cfbac99a41d228c05778598a0d399cdd','YWY0ZGM5NzQ2ZTcxZDgzYzVlYjJiNzIzZDllNjVkOTBhMmY3NjdkYzqAAn1xAVUgQTRzMUtqM3lP\nRWJNNnloZElNSGJyM1NwUkdUU1ZFV2ZVIFNOUldZMzZEQUNWc1ZWWGxzRGt1QUpNakNNVm5HNEJU\ncy4=\n','2014-09-12 02:30:47'),('39eb155f7c4d7f3beb1592c7904f4ebe','MTk1YTQwYjc3ZTM5NjE5ODk3MmRlZmI4ZTc5ZTA1NTA0NjZhMzFhYTqAAn1xAVUJREVNT19QQUdF\ncQKIcy4=\n','2014-09-19 02:23:25'),('24a9f364c63fe44bc411abc03e651a3e','MTEwNDhmNzc4NWFlNGJmNTkzMzNjY2JkZjljMzYwNWQ1MTIyNWMzZTqAAn1xAVUgMHR3VGI4bnBm\nNmVjTUN5eFg4cGhFaW5URE5RVm9tcEJVIGE2bGpsUlF4SWM5cFZkVjhVZmhHMGx4Q3FzeVhNWFVp\ncy4=\n','2014-09-19 02:31:13'),('efddc6172ff9bbef29fc915eef1c5d89','MTk1YTQwYjc3ZTM5NjE5ODk3MmRlZmI4ZTc5ZTA1NTA0NjZhMzFhYTqAAn1xAVUJREVNT19QQUdF\ncQKIcy4=\n','2014-09-21 10:56:33'),('eaf6e71432998c1a3d74008f1da595a9','ODdhNTRlNTdhNGVmMDUxYjdkYjU4N2M0M2ZlYWUyOGZjOTJmN2Q3MDqAAn1xAVUgZVVWU0ZnSGc2\nRUtMN0U5T1c1OVE1QkNBMG1xY09YRTVVIHdOTVdxU1JlaEFDOXZRSHJqUGt3V3BxOVFWWG9PRGsy\ncy4=\n','2014-09-28 12:06:21'),('fd64f2d867f6b8a2c1316bfbf6a7ceaa','MTk1YTQwYjc3ZTM5NjE5ODk3MmRlZmI4ZTc5ZTA1NTA0NjZhMzFhYTqAAn1xAVUJREVNT19QQUdF\ncQKIcy4=\n','2014-10-08 15:38:50'),('27aa7dc437eafee57cdf05f91e215891','YjgxMGNjZTM4NTdlZjkwMjYxOTlhN2ZjZTMwMDI2NWE0NGM3ZjQxNDqAAn1xAVUEdXNlcnECY2Rq\nYW5nby5kYi5tb2RlbHMuYmFzZQptb2RlbF91bnBpY2tsZQpxA2Ntb2R1bGUub2F1dGgubW9kZWxz\nClVzZXIKcQRdY2RqYW5nby5kYi5tb2RlbHMuYmFzZQpzaW1wbGVfY2xhc3NfZmFjdG9yeQpxBYdS\ncQZ9cQcoVQh1c2VyX2RpcnEIWA0AAAByeW8uZnVqaW1vdG8yVQRuYW1lcQlYDQAAAFJ5byAgRnVq\naW1vdG9VB3R5cGVfaWRxClgPAAAAMTAwMDAyNjU2NjAwNDg4VRNhY2Nlc3NfdG9rZW5fc2VjcmV0\ncQtYAAAAAFUKY3JlYXRlZF9hdHEMY2RhdGV0aW1lCmRhdGV0aW1lCnENVQoH3AULATsbAAAAhVJx\nDlUGX3N0YXRlcQ9jZGphbmdvLmRiLm1vZGVscy5iYXNlCk1vZGVsU3RhdGUKcRApgXERfXESKFUG\nYWRkaW5ncROJVQJkYnEUVQdkZWZhdWx0cRV1YlUQYWNjZXNzX3Rva2VuX2tleXEWWMgAAABDQUFD\nYkp1SFNqRklCQUtkcVNDMlQ5dGh6aFJSWkJFd0I2OFUwWkE0RlpBaVpDUE5NN3llTFN6bDFXQUdO\nSmROdWxRZjV4cHA1NHVaQkN0YkFZYkRIZFpDdFpCSDA2bUNxTkdpRjhqazRkaFdYeHJ1ZG1BRHNG\nR3lTZkNNZXhsWURSOWlzN0lNTE5peEs3Z0ZVZlN2cVpCWkJVekNmMFBHcGFydmZicnF3dGdwNXRX\nM2dCYVU5MWNIejQwdURXSFlsVVJaQm82VFUHcGFnZV9pZHEXigEQVQR0eXBlcRhYCAAAAGZhY2Vi\nb29rVQJpZHEZigEBdWJzLg==\n','2014-10-14 20:31:35'),('010837c8d5df3209543e3822c244cb18','MGIxMGZmY2VlOTJlMjQ5MThhZWFjNDhlMDEyZDliMjRiYmM0ZmYyMTqAAn1xAVUgS1dVdnBwVHBV\nOHdzUUNOWUUxUnFta1lER3VCcXNwNWhVIFBpZW1aRGVIcjVhUk1Fa1B6V0lMeElRbHpUUlRyZHpY\ncy4=\n','2014-10-15 19:48:16'),('15869a2bb957106dfc700ee1b79929cf','MGIwYTA5ZmExYmI0YTI0MDdiMGY5NGQ3NGZhN2EzNWFlYmFiNzEwMTqAAn1xAVUEdXNlcmNkamFu\nZ28uZGIubW9kZWxzLmJhc2UKbW9kZWxfdW5waWNrbGUKcQJjbW9kdWxlLm9hdXRoLm1vZGVscwpV\nc2VyCnEDXWNkamFuZ28uZGIubW9kZWxzLmJhc2UKc2ltcGxlX2NsYXNzX2ZhY3RvcnkKcQSHUnEF\nfXEGKFUIdXNlcl9kaXJxB1gLAAAAYXRzdWtvLmFuYW5VBG5hbWVxCFgLAAAAQXRzdWtvIEFuYW5V\nB3R5cGVfaWRxCVgPAAAAMTAwMDAwNDg4NjQ1Njc4VRNhY2Nlc3NfdG9rZW5fc2VjcmV0cQpYAAAA\nAFUKY3JlYXRlZF9hdHELY2RhdGV0aW1lCmRhdGV0aW1lCnEMVQoH3AwHFCATAAAAhVJxDVUGX3N0\nYXRlcQ5jZGphbmdvLmRiLm1vZGVscy5iYXNlCk1vZGVsU3RhdGUKcQ8pgXEQfXERKFUGYWRkaW5n\ncRKJVQJkYnETVQdkZWZhdWx0cRR1YlUQYWNjZXNzX3Rva2VuX2tleXEVWMgAAABDQUFDYkp1SFNq\nRklCQUxaQkZaQkJLTHBETmVrWUJQS0o4d3ZuMDFQeFpCNzVIR2UwUnF1RU9aQlhmVWJuUm9EVXZR\nRWllUGYzSlhqZG1iSTJQSklBVEk3ZTc3cjdqMnpOQk0xWkNmREp0WkFyQTA0bWluSEV0VUxVcklH\nMlpBaVBjNGRWQ0Y1eWpLQllmWXhFWHRPSVpBR05hSEtpZm1QYTVaQmdaQ1F1eE52bVRaQktDWkIw\na3VoSGNLNWloUGd0V0hyVlNMaFUHcGFnZV9pZHEWigBVBHR5cGVxF1gIAAAAZmFjZWJvb2tVAmlk\ncRiKAQN1YnMu\n','2014-11-12 19:30:16'),('b4f95807676529f64b9902b40c85ad49','MTk1YTQwYjc3ZTM5NjE5ODk3MmRlZmI4ZTc5ZTA1NTA0NjZhMzFhYTqAAn1xAVUJREVNT19QQUdF\ncQKIcy4=\n','2014-10-20 02:00:31'),('3ae9579e0db1d95b06dd575281cdfc11','ZmYwMzgzYjU2MzNiNDRmNWRjOThjOWQ3YzYxMGFmMDA3MTE2Yzg5MDqAAn1xAVUgMGU0RGNJZG9D\nMEFWNkFOUjZBdnBvVDZ0ODlzYXpxWUJVIFk4Q09DSzk0bGdQNmdDMG1VSnZnc3ZwQURCalhNWlhs\ncy4=\n','2014-10-25 02:32:06'),('e22ddaa8e6c16f0eeb834d267e127496','MTk1YTQwYjc3ZTM5NjE5ODk3MmRlZmI4ZTc5ZTA1NTA0NjZhMzFhYTqAAn1xAVUJREVNT19QQUdF\ncQKIcy4=\n','2014-10-25 14:57:48'),('3a964a49afa185a074e664df54f2da05','MTk1YTQwYjc3ZTM5NjE5ODk3MmRlZmI4ZTc5ZTA1NTA0NjZhMzFhYTqAAn1xAVUJREVNT19QQUdF\ncQKIcy4=\n','2014-10-26 07:43:21'),('190684be98797db913067c3772e6dc04','MTk1YTQwYjc3ZTM5NjE5ODk3MmRlZmI4ZTc5ZTA1NTA0NjZhMzFhYTqAAn1xAVUJREVNT19QQUdF\ncQKIcy4=\n','2014-10-26 08:21:21'),('e59a781df60885e09443e4b55e1cc862','MTk1YTQwYjc3ZTM5NjE5ODk3MmRlZmI4ZTc5ZTA1NTA0NjZhMzFhYTqAAn1xAVUJREVNT19QQUdF\ncQKIcy4=\n','2014-10-26 08:59:34'),('b313d75e400429af1710094c65bfeea6','NDNkYWQ3MzYwYmNjMWY1ZTZmNmM5Yzk5NGU1NzZmZWIwY2I4YjgxYzqAAn1xAVUgRG0wNVFxUDBm\nbVZkcE55eFJCRFZwUWtPZmxudXZNTjZVIDQyYUxEbUUyMEV4RHlqcTVBTDFpRTJDZHRhNm43T3Fo\ncy4=\n','2014-11-01 15:42:44'),('5e7e32f8c4d094344c330f47f9f9d293','NjAzNTE2MjcxYTM0ODc3NzI3YTQ5MTU2NzY1OWVlNDE3YTQ2MjA5ZTqAAn1xAVUgU0szWmVLZk84\nM2pxYzlTbkJDWEpyTVhpbUR4UDJSQXFVIG5xOVBNMlhBR0dKSXlTdWt2RnZDUk5BY29XdHVFZEJr\ncy4=\n','2014-11-18 15:26:59'),('7bf19e3aaa3764ffdd3defa8a75047d7','MTk1YTQwYjc3ZTM5NjE5ODk3MmRlZmI4ZTc5ZTA1NTA0NjZhMzFhYTqAAn1xAVUJREVNT19QQUdF\ncQKIcy4=\n','2014-11-18 16:12:22'),('089a1be8164f87b6805c70312ac4c76b','YmUzY2Y5ZTFjNmMxMzc3MDcxN2Y3YjQ1ZTAzMDI1YTc3MjdlMjVlNzqAAn1xAVUgbWNhYm9Ec1dy\nbVQ5aVZKcDFNTmJtUTVzQWdsM1NVa0hVIENCV3NOeHlWYkxKWkNlMFBsMXJKTElTcXZ6NmJ3RXNL\ncy4=\n','2014-11-18 16:12:25'),('dd4592759907dccfc01414dca6091fd4','ZDE2Mjk2ZTg1NWViNDQwYTNhZGI0ZTBiYzczNTJhNDE4ODlkZjdkYjqAAn1xAVUEdXNlcmNkamFu\nZ28uZGIubW9kZWxzLmJhc2UKbW9kZWxfdW5waWNrbGUKcQJjbW9kdWxlLm9hdXRoLm1vZGVscwpV\nc2VyCnEDXWNkamFuZ28uZGIubW9kZWxzLmJhc2UKc2ltcGxlX2NsYXNzX2ZhY3RvcnkKcQSHUnEF\nfXEGKFUIdXNlcl9kaXJxB1gLAAAAYXRzdWtvLmFuYW5VBG5hbWVxCFgLAAAAQXRzdWtvIEFuYW5V\nB3R5cGVfaWRxCVgPAAAAMTAwMDAwNDg4NjQ1Njc4VRNhY2Nlc3NfdG9rZW5fc2VjcmV0cQpYAAAA\nAFUKY3JlYXRlZF9hdHELY2RhdGV0aW1lCmRhdGV0aW1lCnEMVQoH3AwHFCATAAAAhVJxDVUGX3N0\nYXRlcQ5jZGphbmdvLmRiLm1vZGVscy5iYXNlCk1vZGVsU3RhdGUKcQ8pgXEQfXERKFUGYWRkaW5n\ncRKJVQJkYnETVQdkZWZhdWx0cRR1YlUQYWNjZXNzX3Rva2VuX2tleXEVWLkAAABDQUFDYkp1SFNq\nRklCQUpwNVVjbFNXZEpWV0dqZWVVZzBLblpDZ0lMYWhsa0FQNXFQTVZvMEVqeXh6Q3QxeVV1REQw\nZUZXcGl6VVhGV0RveTI0WkNnRDU0YUxLVWNJR05wV3NqaXlaQ0NxbXRjWkF4R3Z1bXd4WVJpa1pB\naUVVbFpBbUFIQlpDWVpBMHFxU0xVYnlOcElXRWdHSGMzelZTSDdyZDhzeWVGUnNwTFBBS2J2SjRn\nVk9sRVUHcGFnZV9pZHEWigBVBHR5cGVxF1gIAAAAZmFjZWJvb2tVAmlkcRiKAQN1YnMu\n','2014-11-22 22:52:14'),('254cb6eddfb354a8ae65b4c8b5565199','YzI0ODM1MGM0NzFjZGVlZmYxOWRiZTJhNWVlZDE3ZDZlYjkzNDZlZjqAAn1xAShVDGFjY2Vzc190\nb2tlbmN0d2VlcHkub2F1dGgKT0F1dGhUb2tlbgpxAimBcQN9cQQoVQZzZWNyZXRxBVUnN2dNQ0Ny\nSXlCaERodkhodDFkV1VaNzQ4c0hsZmFMbDNmcEtlUk1zVQNrZXlxBlUyMzMwNjI3ODcyLTZjUEIw\nNUxOTzd1Z2R3R0N1dU5ISmRlYXd5azByR09yYzhGM0R0eEp1YlUgVHhXeHRDQVYzelRRSXpTTFhn\naWRTTUlUSTVZU1NPQlZVIHc0alJFenhUNEhpMjFmVjJVSDBZRkVyMGVCaVBxcllpVSBZODhPbkxX\nQjdPcE9Lb3lxUUEyYmlxT3R0dWN3OEhpMVUgaG1pMG1aV1FQUDdhRm1uSUNmRU5aaklEUzYzN2xx\nUW9VBHVzZXJjZGphbmdvLmRiLm1vZGVscy5iYXNlCm1vZGVsX3VucGlja2xlCnEHY21vZHVsZS5v\nYXV0aC5tb2RlbHMKVXNlcgpxCF1jZGphbmdvLmRiLm1vZGVscy5iYXNlCnNpbXBsZV9jbGFzc19m\nYWN0b3J5CnEJh1JxCn1xCyhVCnVzZV9tb2JpbGVxDIhVCHVzZXJfZGlycQ1YDwAAADEwMDAwMjY1\nNjYwMDQ4OFUEbmFtZXEOWA0AAABSeW8gIEZ1amltb3RvVQd0eXBlX2lkcQ9YDwAAADEwMDAwMjY1\nNjYwMDQ4OFUTYWNjZXNzX3Rva2VuX3NlY3JldHEQWAAAAABVCmNyZWF0ZWRfYXRxEWNkYXRldGlt\nZQpkYXRldGltZQpxElUKB9wFCwE7GwAAAIVScRNVCXN5bmNfZmxhZ3EUiFUGX3N0YXRlcRVjZGph\nbmdvLmRiLm1vZGVscy5iYXNlCk1vZGVsU3RhdGUKcRYpgXEXfXEYKFUGYWRkaW5ncRmJVQJkYnEa\nVQdkZWZhdWx0cRt1YlUKdXBkYXRlZF9hdHEcaBJVCgffBxQXJhIAAACFUnEdVRBhY2Nlc3NfdG9r\nZW5fa2V5cR5Y3QAAAENBQUNiSnVIU2pGSUJBSGo0dm5CN2NaQ1pBcVpDYXJKN2F3eERrcFlBYnVV\nWkEzN29DNE1RNE9wWkFpc00xdjlLVmc2M0dqQVpCMmpRektzOXhjOEJrWkN5Y3J3YzM3RHZXNU8w\nZVpCTUI0cUtUQ3h4dTdXaVpCOXJMdXdZY0pFdWxXU2ZJcW95WFlYRzlzV0N4QVcyRTlQUWNGaHBs\ndnRMSTN6NHlwWkNlUVdOUUdWYVZ5ZEFqRlJ1TVU0Um5pNnl3eVNTZGJYS2Jsc2NZalpBTlpCRmlB\nb05yNVkyVQdwYWdlX2lkcR+KARJVBHR5cGVxIFgIAAAAZmFjZWJvb2tVAmlkcSGKAQF1YlUgWnJj\nb1dTRmdSR0JQcXE3SVEya0ducHZMd3MyUjNKZ1FVIDJ1UTNwcGxtV2JFeDA0c0NtcUxidE5CNU52\nWURxQkFqdS4=\n','2015-08-17 05:16:58'),('78e6bf7df7819ab578be6c3dbf553c22','MTk1YTQwYjc3ZTM5NjE5ODk3MmRlZmI4ZTc5ZTA1NTA0NjZhMzFhYTqAAn1xAVUJREVNT19QQUdF\ncQKIcy4=\n','2014-11-28 08:38:23'),('524aab50fa4eaf4db8fb991bb4f8555a','ZGY4MjBkZjc2OGY2ZDRjYmJmOTk4YzhjNTA1NDUxOWYzNWZkMDk0YzqAAn1xAVUEdXNlcmNkamFu\nZ28uZGIubW9kZWxzLmJhc2UKbW9kZWxfdW5waWNrbGUKcQJjbW9kdWxlLm9hdXRoLm1vZGVscwpV\nc2VyCnEDXWNkamFuZ28uZGIubW9kZWxzLmJhc2UKc2ltcGxlX2NsYXNzX2ZhY3RvcnkKcQSHUnEF\nfXEGKFUIdXNlcl9kaXJxB1gPAAAAMTAwMDAyNjU2NjAwNDg4VQRuYW1lcQhYDQAAAFJ5byAgRnVq\naW1vdG9VB3R5cGVfaWRxCVgPAAAAMTAwMDAyNjU2NjAwNDg4VRNhY2Nlc3NfdG9rZW5fc2VjcmV0\ncQpYAAAAAFUKY3JlYXRlZF9hdHELY2RhdGV0aW1lCmRhdGV0aW1lCnEMVQoH3AULATsbAAAAhVJx\nDVUGX3N0YXRlcQ5jZGphbmdvLmRiLm1vZGVscy5iYXNlCk1vZGVsU3RhdGUKcQ8pgXEQfXERKFUG\nYWRkaW5ncRKJVQJkYnETVQdkZWZhdWx0cRR1YlUQYWNjZXNzX3Rva2VuX2tleXEVWNwAAABDQUFD\nYkp1SFNqRklCQUZxNVQ0QXJ3UUI5TzN4VW9VcUlYTkdhb3pXQ0NqSlpCTm9HWFlJdHc4elpBb0U1\nd1pBRlpBbXVvZUNBSU14Uk5ja2RTTmZjYnM3SVNvZUQ5TVpBRXEzTVFXaG03Q1g5b3RkU2hqNHo0\nRFhhckpUYWoyQmR6cGpUOXIweklrRGdsMWhWSWpGTGEwdVpBem1aQVpDVmlyeWQyOXVpN1pBVEdT\nRlFSVU94T2tqUHFCbVhqb0dkWkFERGlqWkJWc2dKVGlWc1JVTUtWY0pxVDVSVQdwYWdlX2lkcRaK\nARJVBHR5cGVxF1gIAAAAZmFjZWJvb2tVAmlkcRiKAQF1YnMu\n','2015-06-24 13:56:43'),('49070044f5ea865853eb2c5f71ee24bf','M2VhMWM3OTY4Y2U4NmUwY2NmNjU1MjExMTQ5NTZlN2RlODVhNDQ1ODqAAn1xAVUEdXNlcmNkamFu\nZ28uZGIubW9kZWxzLmJhc2UKbW9kZWxfdW5waWNrbGUKcQJjbW9kdWxlLm9hdXRoLm1vZGVscwpV\nc2VyCnEDXWNkamFuZ28uZGIubW9kZWxzLmJhc2UKc2ltcGxlX2NsYXNzX2ZhY3RvcnkKcQSHUnEF\nfXEGKFUIdXNlcl9kaXJxB1gNAAAAcnlvLmZ1amltb3RvMlUEbmFtZXEIWA0AAABSeW8gIEZ1amlt\nb3RvVQd0eXBlX2lkcQlYDwAAADEwMDAwMjY1NjYwMDQ4OFUTYWNjZXNzX3Rva2VuX3NlY3JldHEK\nWAAAAABVCmNyZWF0ZWRfYXRxC2NkYXRldGltZQpkYXRldGltZQpxDFUKB9wFCwE7GwAAAIVScQ1V\nBl9zdGF0ZXEOY2RqYW5nby5kYi5tb2RlbHMuYmFzZQpNb2RlbFN0YXRlCnEPKYFxEH1xEShVBmFk\nZGluZ3ESiVUCZGJxE1UHZGVmYXVsdHEUdWJVEGFjY2Vzc190b2tlbl9rZXlxFVjIAAAAQ0FBQ2JK\ndUhTakZJQkFHWUdyN2JJc2ZCeFhEMjlycUkxMmtmN1pBcFhxTUZWZ1Q5VVN2Vnp5eDczWkJLSUY4\nZ3ZYQjhaQWRnNUdaQnpkQnBaQlFFTnlyalVJUjZYMHN2Sk00MlpDdXJickZaQzQ1elVXUXQxSE5P\nT1VITG1ZMHhpczZzWkFnWkFnRTduSDlLY2ZOMkRma2FyT2FEaTByekVzOE9tbkhyTE1pNkZEbWRZ\nTEdQM1BRQmVXdlRZWTRtR0dDa2R5M2VVB3BhZ2VfaWRxFooBEFUEdHlwZXEXWAgAAABmYWNlYm9v\na1UCaWRxGIoBAXVicy4=\n','2014-12-04 12:09:27'),('4301c5f25c84223055bda424fb83b74b','ZDE2Mjk2ZTg1NWViNDQwYTNhZGI0ZTBiYzczNTJhNDE4ODlkZjdkYjqAAn1xAVUEdXNlcmNkamFu\nZ28uZGIubW9kZWxzLmJhc2UKbW9kZWxfdW5waWNrbGUKcQJjbW9kdWxlLm9hdXRoLm1vZGVscwpV\nc2VyCnEDXWNkamFuZ28uZGIubW9kZWxzLmJhc2UKc2ltcGxlX2NsYXNzX2ZhY3RvcnkKcQSHUnEF\nfXEGKFUIdXNlcl9kaXJxB1gLAAAAYXRzdWtvLmFuYW5VBG5hbWVxCFgLAAAAQXRzdWtvIEFuYW5V\nB3R5cGVfaWRxCVgPAAAAMTAwMDAwNDg4NjQ1Njc4VRNhY2Nlc3NfdG9rZW5fc2VjcmV0cQpYAAAA\nAFUKY3JlYXRlZF9hdHELY2RhdGV0aW1lCmRhdGV0aW1lCnEMVQoH3AwHFCATAAAAhVJxDVUGX3N0\nYXRlcQ5jZGphbmdvLmRiLm1vZGVscy5iYXNlCk1vZGVsU3RhdGUKcQ8pgXEQfXERKFUGYWRkaW5n\ncRKJVQJkYnETVQdkZWZhdWx0cRR1YlUQYWNjZXNzX3Rva2VuX2tleXEVWLkAAABDQUFDYkp1SFNq\nRklCQUpwNVVjbFNXZEpWV0dqZWVVZzBLblpDZ0lMYWhsa0FQNXFQTVZvMEVqeXh6Q3QxeVV1REQw\nZUZXcGl6VVhGV0RveTI0WkNnRDU0YUxLVWNJR05wV3NqaXlaQ0NxbXRjWkF4R3Z1bXd4WVJpa1pB\naUVVbFpBbUFIQlpDWVpBMHFxU0xVYnlOcElXRWdHSGMzelZTSDdyZDhzeWVGUnNwTFBBS2J2SjRn\nVk9sRVUHcGFnZV9pZHEWigBVBHR5cGVxF1gIAAAAZmFjZWJvb2tVAmlkcRiKAQN1YnMu\n','2014-12-19 14:29:02'),('7a28b1595be503053b44b7b7687a2e95','ZmZlNTM5ZmE0NWY4ZWNhMmQzOGQ2NTY1ZTM2ZTA4ZTExZTliY2VjMjqAAn1xAVUgZzNUb1p5bUEz\nNnZ4ZWxMbGVvNGFoVnU5SFBzSkRlODhVIE9ORVlXQjFIbjdJR0Q1aEZZc1Q1ODVTSnR6ZTVwQlRo\ncy4=\n','2014-12-05 09:11:01'),('1d42d873de4ad491660de97943b73779','MDgwMDk0NDUyZWI1OGQ2YWI3ZTk3MGI1YmQ2NDExZDhlMjk3NmI1ZjqAAn1xAVUgbnBmZ0Q1YVNk\nSHlac2NWd3RDdlRDbldqUFNZRjJiT0FVIGxPR3lJclVnZU95a3d1MHAxamhuaVM1WTZKbHJvQ1FU\ncy4=\n','2014-12-08 01:42:26'),('34b3408e2aa3d90447035d7267c232cc','ZTczOGNmY2RmZWY5MTczN2YwMjE2OGIxYjJkMWQxZmQ2YjM3NmYyNTqAAn1xAVUEdXNlcmNkamFu\nZ28uZGIubW9kZWxzLmJhc2UKbW9kZWxfdW5waWNrbGUKcQJjbW9kdWxlLm9hdXRoLm1vZGVscwpV\nc2VyCnEDXWNkamFuZ28uZGIubW9kZWxzLmJhc2UKc2ltcGxlX2NsYXNzX2ZhY3RvcnkKcQSHUnEF\nfXEGKFUIdXNlcl9kaXJxB1gNAAAAcnlvLmZ1amltb3RvMlUEbmFtZXEIWA0AAABSeW8gIEZ1amlt\nb3RvVQd0eXBlX2lkcQlYDwAAADEwMDAwMjY1NjYwMDQ4OFUTYWNjZXNzX3Rva2VuX3NlY3JldHEK\nWAAAAABVCmNyZWF0ZWRfYXRxC2NkYXRldGltZQpkYXRldGltZQpxDFUKB9wFCwE7GwAAAIVScQ1V\nBl9zdGF0ZXEOY2RqYW5nby5kYi5tb2RlbHMuYmFzZQpNb2RlbFN0YXRlCnEPKYFxEH1xEShVBmFk\nZGluZ3ESiVUCZGJxE1UHZGVmYXVsdHEUdWJVEGFjY2Vzc190b2tlbl9rZXlxFVjIAAAAQ0FBQ2JK\ndUhTakZJQkFEczBTZlhTY0dERG1yUFdWeldPbWdScHZ1bmtiTmp6OTljTXlyV21KdXBYQlA1WkNC\nSVNTZ2tFVDFjQTlPUXJvNFNidjVZVlpDb2pFTUk0REVHV3gxSUJFTGJFTWR3RHYxc2MxUm1wODlS\naHFJa1l5d0F5b3ExSVA0ZW40c2xIY1dBbU1wR0h6TEdyeWV6UXY4RlVzYVdMWkJDMjQwd0h2cnpD\ndW96a0ZkaEhpOEQ5cVZ6QXA0cnlWQTlVB3BhZ2VfaWRxFooBEFUEdHlwZXEXWAgAAABmYWNlYm9v\na1UCaWRxGIoBAXVicy4=\n','2014-12-17 16:26:31'),('9294ca6cbfbcf90a07eb84954bb5589a','ODU2ZmFlMTJhNGY2NWM2NTcxYjQ5NmE3NzczZjFmNmQ5MzRmMWMzYTqAAn1xAVUgOVIwaWlkcU5K\nVFJwYjBHQmhOQlp1NU9IbUZ2Ujh2RlFVIG1JWEhmTWVvRUZTeGlENW5acWFLTGpBcnpndnFGRzB5\ncy4=\n','2014-12-22 18:18:33'),('c74c562cbc4ada3eddcfbabe966c86e5','NmQ4MzlkMGMxY2E0Nzg0MTIyNmNlMDUzNWMzODU4MjFmMWUwM2JhYzqAAn1xAVUgRGVtUk1pZUR4\nNW41ajdOWFE5bDJFTkpmdlZCYUQ1SlRVIEJzbFkxNnVSM1d5RlJMYkkybDBXeENXSVFCVUxYTnJv\ncy4=\n','2014-12-27 11:19:38'),('b1453239acf1137990035623a1bdb6d3','MWE2NzBlNDljYjVjZmJkYzM0ZDI2ZjcxZjlhYmFmYjYxYzc0ZDU4MzqAAn1xAVUgWkdCdEFFQTdi\nVkNzZ0tsdTFTMGpyME1DZ1pLRDZGeG1VIDYzWkxHQWt3dXhSSnlORzBwWlZlQmFQV3VoOHhvSUww\ncy4=\n','2014-12-30 16:12:11'),('7527ec610e01665d8a777b0392e9fd66','OTJhMmQ4MWRjNjY2ZWY2N2FmM2M5ZDgyNTg0NzQ0YzE3ZTcxMjc3YjqAAn1xAVUgY1hYb0xoMTg5\nalpkRnRRT0dWU2JOTEZrbVh4ZDY4eFZVIHdyd1lxNWI4bUpnSHNMdUlYaUo4c1FjckVkY0R6dXdQ\ncy4=\n','2014-12-30 16:39:47'),('549952b2efaa4861d9f44baf95f648db','MTk1YTQwYjc3ZTM5NjE5ODk3MmRlZmI4ZTc5ZTA1NTA0NjZhMzFhYTqAAn1xAVUJREVNT19QQUdF\ncQKIcy4=\n','2015-01-01 21:55:01'),('e7142be029ef7a677417c43f9fc56843','ZmJkODhhNmE5ODkwNzc4N2Q2NWVlNTQ1MjA1OTlkYzdhNjRhMTkwYjqAAn1xAVUEdXNlcmNkamFu\nZ28uZGIubW9kZWxzLmJhc2UKbW9kZWxfdW5waWNrbGUKcQJjbW9kdWxlLm9hdXRoLm1vZGVscwpV\nc2VyCnEDXWNkamFuZ28uZGIubW9kZWxzLmJhc2UKc2ltcGxlX2NsYXNzX2ZhY3RvcnkKcQSHUnEF\nfXEGKFUIdXNlcl9kaXJxB1gNAAAAcnlvLmZ1amltb3RvMlUEbmFtZXEIWA0AAABSeW8gIEZ1amlt\nb3RvVQd0eXBlX2lkcQlYDwAAADEwMDAwMjY1NjYwMDQ4OFUTYWNjZXNzX3Rva2VuX3NlY3JldHEK\nWAAAAABVCmNyZWF0ZWRfYXRxC2NkYXRldGltZQpkYXRldGltZQpxDFUKB9wFCwE7GwAAAIVScQ1V\nBl9zdGF0ZXEOY2RqYW5nby5kYi5tb2RlbHMuYmFzZQpNb2RlbFN0YXRlCnEPKYFxEH1xEShVBmFk\nZGluZ3ESiVUCZGJxE1UHZGVmYXVsdHEUdWJVEGFjY2Vzc190b2tlbl9rZXlxFVjIAAAAQ0FBQ2JK\ndUhTakZJQkFMdGxPV1pCc2djUmlxWkFMV1J4b0pUbW1nTmVJQ0dONUFzQUVaQlpBY2xCN1FyQVZk\nOVpBRlNaQ1dWSVg2S0ZGNVV1OWdyV1UwQTc3YzRxd25YMFRJQXdlTHZwamlxc2JPQkRwZ0F5Z1pD\naEdWMGl5Q3NYS1dsNVpCaEtuU0Nxc25WZHNUZEhaQ3VkUEUyTUM3VVU5UDY5elNRSmtZeDFJc2hC\nVDFiemxSSURKTENtRkFaQlBaQklZRlpVB3BhZ2VfaWRxFooBEFUEdHlwZXEXWAgAAABmYWNlYm9v\na1UCaWRxGIoBAXVicy4=\n','2015-01-04 00:14:09'),('f28d4c645e51de0391689c9f50e06b72','ODFiMjNhOTI2N2RlOTY5MWZlY2M5ZDU4YjNjZjE4ZGE1NTMwMTNiMzqAAn1xAVUEdXNlcmNkamFu\nZ28uZGIubW9kZWxzLmJhc2UKbW9kZWxfdW5waWNrbGUKcQJjbW9kdWxlLm9hdXRoLm1vZGVscwpV\nc2VyCnEDXWNkamFuZ28uZGIubW9kZWxzLmJhc2UKc2ltcGxlX2NsYXNzX2ZhY3RvcnkKcQSHUnEF\nfXEGKFUIdXNlcl9kaXJxB1gLAAAAYXRzdWtvLmFuYW5VBG5hbWVxCFgLAAAAQXRzdWtvIEFuYW5V\nB3R5cGVfaWRxCVgPAAAAMTAwMDAwNDg4NjQ1Njc4VRNhY2Nlc3NfdG9rZW5fc2VjcmV0cQpYAAAA\nAFUKY3JlYXRlZF9hdHELY2RhdGV0aW1lCmRhdGV0aW1lCnEMVQoH3AwHFCATAAAAhVJxDVUGX3N0\nYXRlcQ5jZGphbmdvLmRiLm1vZGVscy5iYXNlCk1vZGVsU3RhdGUKcQ8pgXEQfXERKFUGYWRkaW5n\ncRKJVQJkYnETVQdkZWZhdWx0cRR1YlUQYWNjZXNzX3Rva2VuX2tleXEVWMgAAABDQUFDYkp1SFNq\nRklCQUM5RnA0ZDFOMlFaQzJxeldvOHZkV1pBazlLWkNtcm1WTVA4NDZkSVRzaGZTc0ZUc0pvU3Yx\nMk9heWtuUGZRSFpCY3FQYXRlWkFkbmJQanN4YjZseGxkZlB0bVM4TThIMFpCZ2dLUkxic3pWTkp5\nRkZYcXdhdTIxeGFvQnB0MUlZcTZuZjVDd0FXSG0ybUp6NXN6VXFtUmNRVWhJWHhwWXZxYnQyT0Rv\nTks5MW1heDhwM2NYZkhlTW41NFUHcGFnZV9pZHEWigBVBHR5cGVxF1gIAAAAZmFjZWJvb2tVAmlk\ncRiKAQN1YnMu\n','2015-01-05 17:31:06'),('6d9337ef4269b28d87c6b75f27258356','YjM1NjNjMGQwZmE3YTY1MGVhYjYyMzZlOGNlMDI0ODNkYTg3MGMyMTqAAn1xAVUga25aalQwUXFN\nSlhWSXdqWHJFcVFQaUphQnlLempWQWFVIG5aZHhkN21DZnpkRGZSeGx1WW9HR2xnUGNCblpqQ2hY\ncy4=\n','2015-01-17 13:23:47'),('0a4b2175d333b23f4e278bef4fb26e5c','OWQ5NGFhYjNlNDJkMjZlMTEwYTZhYmM1NTY1NGMxMjAzYTA1ZmI4MTqAAn1xAVUEdXNlcmNkamFu\nZ28uZGIubW9kZWxzLmJhc2UKbW9kZWxfdW5waWNrbGUKcQJjbW9kdWxlLm9hdXRoLm1vZGVscwpV\nc2VyCnEDXWNkamFuZ28uZGIubW9kZWxzLmJhc2UKc2ltcGxlX2NsYXNzX2ZhY3RvcnkKcQSHUnEF\nfXEGKFUIdXNlcl9kaXJxB1gNAAAAcnlvLmZ1amltb3RvMlUEbmFtZXEIWA0AAABSeW8gIEZ1amlt\nb3RvVQd0eXBlX2lkcQlYDwAAADEwMDAwMjY1NjYwMDQ4OFUTYWNjZXNzX3Rva2VuX3NlY3JldHEK\nWAAAAABVCmNyZWF0ZWRfYXRxC2NkYXRldGltZQpkYXRldGltZQpxDFUKB9wFCwE7GwAAAIVScQ1V\nBl9zdGF0ZXEOY2RqYW5nby5kYi5tb2RlbHMuYmFzZQpNb2RlbFN0YXRlCnEPKYFxEH1xEShVBmFk\nZGluZ3ESiVUCZGJxE1UHZGVmYXVsdHEUdWJVEGFjY2Vzc190b2tlbl9rZXlxFVjIAAAAQ0FBQ2JK\ndUhTakZJQkFGMHNMa2NUYW9mWkNqTFpBSG05dzlGRzlINW9aQ2o5dVhsZTV6ZHRYWkFCSUNMQzFK\nZnNpRXdCaTFGamxaQVhVZHRaQWFwWFpBYlBwMmdhZ2Z2a1NzcmdUSkFjWkIxdVRaQ3h2SXByYTY1\nSzlMRG84VmtEOTB4MHE3RmpGQUt1SWo5QTF6czRVV3ZaQ2VOVVE3cEoybmplYkRPM29pRFdqOHZ1\ncDM0OGtsVDVYMjd0cWQxeklxaXFmbFZVB3BhZ2VfaWRxFooBEFUEdHlwZXEXWAgAAABmYWNlYm9v\na1UCaWRxGIoBAXVicy4=\n','2015-04-04 14:18:16'),('bb686831a574620098a85ada5c06cac4','NWJmNTRmZDhkZTU5MDJkZDlkMjMwOWI4NWM5ZGZiM2RjYTRlYjFlZTqAAn1xAVUgVFFnbmJPVGpJ\nYUlvVFNLQjhRSHQzc2hKOXphMm5vQ29VIHNFVmRhNnBzVkJlQmN2T2hNTDNmZDY3cnM3ajhIMTkz\ncy4=\n','2015-01-25 23:47:54'),('e4dbd75d69bacefceb0122c3bb01ce4b','ODFiMjNhOTI2N2RlOTY5MWZlY2M5ZDU4YjNjZjE4ZGE1NTMwMTNiMzqAAn1xAVUEdXNlcmNkamFu\nZ28uZGIubW9kZWxzLmJhc2UKbW9kZWxfdW5waWNrbGUKcQJjbW9kdWxlLm9hdXRoLm1vZGVscwpV\nc2VyCnEDXWNkamFuZ28uZGIubW9kZWxzLmJhc2UKc2ltcGxlX2NsYXNzX2ZhY3RvcnkKcQSHUnEF\nfXEGKFUIdXNlcl9kaXJxB1gLAAAAYXRzdWtvLmFuYW5VBG5hbWVxCFgLAAAAQXRzdWtvIEFuYW5V\nB3R5cGVfaWRxCVgPAAAAMTAwMDAwNDg4NjQ1Njc4VRNhY2Nlc3NfdG9rZW5fc2VjcmV0cQpYAAAA\nAFUKY3JlYXRlZF9hdHELY2RhdGV0aW1lCmRhdGV0aW1lCnEMVQoH3AwHFCATAAAAhVJxDVUGX3N0\nYXRlcQ5jZGphbmdvLmRiLm1vZGVscy5iYXNlCk1vZGVsU3RhdGUKcQ8pgXEQfXERKFUGYWRkaW5n\ncRKJVQJkYnETVQdkZWZhdWx0cRR1YlUQYWNjZXNzX3Rva2VuX2tleXEVWMgAAABDQUFDYkp1SFNq\nRklCQUM5RnA0ZDFOMlFaQzJxeldvOHZkV1pBazlLWkNtcm1WTVA4NDZkSVRzaGZTc0ZUc0pvU3Yx\nMk9heWtuUGZRSFpCY3FQYXRlWkFkbmJQanN4YjZseGxkZlB0bVM4TThIMFpCZ2dLUkxic3pWTkp5\nRkZYcXdhdTIxeGFvQnB0MUlZcTZuZjVDd0FXSG0ybUp6NXN6VXFtUmNRVWhJWHhwWXZxYnQyT0Rv\nTks5MW1heDhwM2NYZkhlTW41NFUHcGFnZV9pZHEWigBVBHR5cGVxF1gIAAAAZmFjZWJvb2tVAmlk\ncRiKAQN1YnMu\n','2015-02-04 13:55:53'),('d64313dcaf83b30179bfcd0a305fe505','OTk4ZjgwNzNhYzdiMTk3MWEzOGYyZTI2NzVmOTViNmJiZTMxMWZiMjqAAn1xAVUgRTRBQ1YwUVJz\nR1BkcG5HNWs1d1NFbWhRdVowNHVIeHpVIGZOVmhOS1RGRGtvT0pLUUI1MXNwbGNLVWtiVmJJNU53\ncy4=\n','2015-02-03 13:42:53'),('a3f1129e763c5f0d3f95fb7826ed6ce6','MTk1YTQwYjc3ZTM5NjE5ODk3MmRlZmI4ZTc5ZTA1NTA0NjZhMzFhYTqAAn1xAVUJREVNT19QQUdF\ncQKIcy4=\n','2015-02-04 22:32:08'),('1a52dc2d6b65effd77479b6d848a54ad','YjBlN2EzMzk3OTg2ZmY2M2MzM2Y5MWVjODljZDg3NTZiYzQxMGE2YjqAAn1xAVUgN0l4cUpuYzVh\neUxRaTl3SERxOFlod2wyYlJaSUlFYndVIFZrTWZqN055aHZueElJbWRNaTMyck10MDYwVlFidTdn\ncy4=\n','2015-05-17 18:25:45'),('b118f3b7b91e72a6247cb920f690891c','MTk1YTQwYjc3ZTM5NjE5ODk3MmRlZmI4ZTc5ZTA1NTA0NjZhMzFhYTqAAn1xAVUJREVNT19QQUdF\ncQKIcy4=\n','2015-07-28 03:58:21'),('027a95da91c7083214e9539f016fc144','YzYzOWIzM2Y5YjcxZDM1ODllYTg1MDQ5NmIzYThjZGVjMDAzMDU3MjqAAn1xAVUgeU84VHBuT29r\nTldqNHY0ZnlKdDJ6MGxqYmQwMUtDWGVVIE54cGlWRXJpTjR4MHhZZGdYa2cyVVJ5djJPZUpmRDFl\ncy4=\n','2015-02-05 08:41:01'),('53394519fd35998709f917cd0d45d74e','MTk1YTQwYjc3ZTM5NjE5ODk3MmRlZmI4ZTc5ZTA1NTA0NjZhMzFhYTqAAn1xAVUJREVNT19QQUdF\ncQKIcy4=\n','2015-02-05 14:22:51'),('f9677d6e21655de5230c555ba63ca6cd','MTk1YTQwYjc3ZTM5NjE5ODk3MmRlZmI4ZTc5ZTA1NTA0NjZhMzFhYTqAAn1xAVUJREVNT19QQUdF\ncQKIcy4=\n','2015-02-05 20:23:21'),('6cd5643065bcbcf4cc96a55facecc20a','MzViZmVhNzIwZjI0M2I3N2FjZGM3OWM5YTlhNGRmNTU5MDFiMWU5NTqAAn1xAVUgUlA2Z0pXeUd2\nV1ZJQWlFMks2YTBJY3U2dGxFMWJwSFRVIE5PZG1qakZOWHhYOHNyRnI3TVJ1QTh4QkU0ZWxINWQz\ncy4=\n','2015-02-05 23:46:06'),('c0c9a3a8287cbbdb18cbb920d219672b','MmI0YTQ0ZTlkYjQ2NWEzNTVlNGI4YTliNzExNTYzNzYxMDk5YzM5MjqAAn1xAVUgMkg1RXRtb213\nZG0xb2ZENUpZd0pCbEpGQUVOR21WOWdVIE81V1pIYUt5NjNZR1Nld2ppSDlHMGpUVDNVWnU4ZlBE\ncy4=\n','2015-02-07 20:01:44'),('012dc88a7134ef9ff229a21814e22eb1','MDQwYjlhZDgyNWFhZmRmMzg1MGEyNjhhNzk4MGVjMDE2NTYxOGMyMTqAAn1xAVUgZEE2Z3hPSTlW\neEtYdVp5cE1VdFA5SUJSOWRxMDRUR1pVIG9tZFNFeU1qeFdlVGFXcHp5elhkZlh0SUtPVmZMbTZS\ncy4=\n','2015-02-08 17:54:21'),('56d93b8572c18b42440ebc1f080ce68b','NGNjN2RhZmZmY2RjYmJkOGU3ZjVlMWViNjA0MDMxMjc1MTk3YjRlZDqAAn1xAVUgSHNxTTUxaTYw\nc0poNTl0Q2p3S2t6eUt4T1F2OEZzcXBVIHJ5eTVGa3ZkbDJnaFk0WWVCMlJ0ZzU4UjZRaXNkRUdY\ncy4=\n','2015-02-09 19:31:25'),('10233fc7be27aeaf1c881596e3325625','NTc0MzU1MzBmMDNjY2Q1ZTFiZTQxMzc4NjIyMDM1M2QxNDg4ZDZmZjqAAn1xAVUgbHhpVWZ4Q0ZF\nYmJ3b1hEaHF4THFxeHNkWkU0V2FhS3pVIElKTzg3a0haenJ6NGY3OFlnUFY0Q3pPMG13dGxMdllj\ncy4=\n','2015-02-10 08:31:51'),('b37db856b1b8f4585e120dd2536828f4','OWFmMDRmMTk0ODQzMmFlNWUyNWQzNzE2ZWIyMjljNDc4MjkxYjYwNTqAAn1xAVUgVVYwdzhoazE2\nNUIyQ0dQNWNSMnhPeFZDbmdWUFN1WnhVIFlPUkZqYzMyRFBQSVBFQVB6SVhjaElpTWcwY0lFRkhN\ncy4=\n','2015-02-11 21:43:16'),('2fa3fdcebfbc84e8a5a4c1d464d1ae64','MTk1YTQwYjc3ZTM5NjE5ODk3MmRlZmI4ZTc5ZTA1NTA0NjZhMzFhYTqAAn1xAVUJREVNT19QQUdF\ncQKIcy4=\n','2015-02-13 09:56:37'),('10269f44f348fa309b8021ce972ca009','YzQ1MmYxZGY2ZjRkNzBmYzEwMjVlMGY3NzM0ZDRkMjE4YzFmNWFjZjqAAn1xAS4=\n','2015-02-18 11:14:53'),('e390148787f8b658fa9a81a4b5f97223','NzE2ODE0MjcwM2YwZDQ0N2JiMzA3YTZmMWE4MGEwNDBlYzFjZTkzNTqAAn1xAVUgWmZyRmdVYnVO\najdXYmpGNE1wbmhDVGpseHdyNUhJd0JVIHUzUmFWdmVVbE92ckVkNGVNNlVHQmlKWTJ2ZGw4WGto\ncy4=\n','2015-02-19 06:14:29'),('946505038d9ed86c58a11ce51e8a75b1','ZjNjYjNkZTBhMmI3YWRlMDc3ZGY4NDc1NWI3M2U2YWFlMGYwNDQ3MzqAAn1xAVUgZUhRSm04OFhm\namNJOTlWSkpvTHZPcVFDRnlFSFBzaGpVIEhid2hiQ2hLREpYTG9udG9jMVVqcVlORnZ3bFNxeG9M\ncy4=\n','2015-02-23 04:37:52'),('0c5fab0eefda39779b632e8a7b65571c','NjMzYTJlOThkNDQ1MTQyNjA2OTY0Y2YyYzhlZWEzNWZhY2EzNGQwNzqAAn1xAVUEdXNlcmNkamFu\nZ28uZGIubW9kZWxzLmJhc2UKbW9kZWxfdW5waWNrbGUKcQJjbW9kdWxlLm9hdXRoLm1vZGVscwpV\nc2VyCnEDXWNkamFuZ28uZGIubW9kZWxzLmJhc2UKc2ltcGxlX2NsYXNzX2ZhY3RvcnkKcQSHUnEF\nfXEGKFUIdXNlcl9kaXJxB1gLAAAAYXRzdWtvLmFuYW5VBG5hbWVxCFgLAAAAQXRzdWtvIEFuYW5V\nB3R5cGVfaWRxCVgPAAAAMTAwMDAwNDg4NjQ1Njc4VRNhY2Nlc3NfdG9rZW5fc2VjcmV0cQpYAAAA\nAFUKY3JlYXRlZF9hdHELY2RhdGV0aW1lCmRhdGV0aW1lCnEMVQoH3AwHFCATAAAAhVJxDVUGX3N0\nYXRlcQ5jZGphbmdvLmRiLm1vZGVscy5iYXNlCk1vZGVsU3RhdGUKcQ8pgXEQfXERKFUGYWRkaW5n\ncRKJVQJkYnETVQdkZWZhdWx0cRR1YlUQYWNjZXNzX3Rva2VuX2tleXEVWMgAAABDQUFDYkp1SFNq\nRklCQUJDSzhWVUxFS0sxaVJpYWNUQmt3cEFZa0ZpeVQ3bjg2aWk1MG0wb25BTElaQ1pBbmdyTld4\nVzJFalRyNEZZNnFRZUs0alpCcEpyb1pCM3MyZmNZN2NiUHg0Vzk1b1dRQ29XWkN1d05ndGNVaDh6\nYmI3SmptTkNhQlpCU0NJVWhyd1NaQmNmZXpyMVRFalE4dFk3VFBNZGg3aTNXNUlrbzhzM0lSMk5l\nV3NZMGJOQ0dsZ0t3WWlrV0tONVUHcGFnZV9pZHEWigBVBHR5cGVxF1gIAAAAZmFjZWJvb2tVAmlk\ncRiKAQN1YnMu\n','2015-03-17 16:47:14'),('5b41d6bb5fa52e7a73a2fe6b5179902c','MTA3M2YwMThjYjE1NDkzOGJkZmQ5MTg5NDg1MzExMjM2MjM4MDZlNzqAAn1xAVUgZDdtRFZqUFdJ\nVmZYYlFpTW5DaVB6cGpWMUlIUmV3eFlVIDhKNFNWb0c2RzRnVTlGWEgxSGRLQlZVd2tzcGtuVHA5\ncy4=\n','2015-02-28 13:20:22'),('2a3e85ae8bc0c5c42656391d388764b1','YzczYjMxMDRlZjdmY2M5YmE3NzI2ZTQ4ZGQxN2FhMTY3YzVlNGI1MDqAAn1xAVUgb21FeW9JN3Fv\naEhPR21zaEp5RGNsSmJSajdFQU1idW5VIDNhZHRRdWNoR2Y5WjY1MG11cVNmeDluamJMekRNZXJn\ncy4=\n','2015-03-01 11:14:59'),('450fa8a92ae7e198f8653e1b8b7468dc','MTk1YTQwYjc3ZTM5NjE5ODk3MmRlZmI4ZTc5ZTA1NTA0NjZhMzFhYTqAAn1xAVUJREVNT19QQUdF\ncQKIcy4=\n','2015-03-11 08:35:36'),('01d4da8a2742aa49a263642a90c9ff88','MTk1YTQwYjc3ZTM5NjE5ODk3MmRlZmI4ZTc5ZTA1NTA0NjZhMzFhYTqAAn1xAVUJREVNT19QQUdF\ncQKIcy4=\n','2015-03-11 18:36:09'),('94463b3b66d6e02cb9b20eb64e7b4396','YmI5NDk1N2MxMWQ3YTZiYWVlMTJiNDg5MzJlNDZiMGJkNGU1MjNjYTqAAn1xAVUgRVFIcGhrUGNq\na1p0N1RZTm5YTklDMXZra24ya1owMjZVIFl6ZERnMTh1SHFEVmtIc1lRZzdYNm1kYlFWaUVkNlRF\ncy4=\n','2015-03-19 04:21:01'),('4a268cc0033f6eaa0a4472b884b88fce','MTk1YTQwYjc3ZTM5NjE5ODk3MmRlZmI4ZTc5ZTA1NTA0NjZhMzFhYTqAAn1xAVUJREVNT19QQUdF\ncQKIcy4=\n','2015-04-01 12:55:53'),('7a3e25068cf19ba376fa2df0d3f4d06d','MTk1YTQwYjc3ZTM5NjE5ODk3MmRlZmI4ZTc5ZTA1NTA0NjZhMzFhYTqAAn1xAVUJREVNT19QQUdF\ncQKIcy4=\n','2015-04-05 08:05:56'),('021df3954a1ebe934e1dbe3807a3393c','YWJkYjFiMGYzOTg5NDZiZGFjZWU3NDllYjZkMWFjZjY4MzZjNjM4YjqAAn1xAVUgeEloaWFhMWxB\nOUtoTWhIdk1uN3JKdVFXSmhUWVZGc0lVIDQ1eGQ4aDZIbkZiZmsyUlB4OHVNVmRpTHZkSGJFMEpK\ncy4=\n','2015-04-05 08:05:56'),('060426989b72e7071a0d9cd1d7e6d2fa','YjMyNDJkMDNmOWEzOGZjYWI5ODk2OTBmMjYyYWUzNWRlNTM1MzNiMDqAAn1xAVUgb1pPUlpWQjFi\nb1ZaaTRLdUZxUldxMENtUkRwakFoZFhVIFFwcnp3MWo4TTFYbHhOSlNuUGJ5cEhIOU5oajM3cEZt\ncy4=\n','2015-04-05 08:29:01'),('0632927cebea9faf160040ef8f5d8668','NGIwZDYxMThkYTI4ZTA1YWIzNDUxNWE5N2M5NmY3MjBkZWVkNTZmMTqAAn1xAVUgZUtFdUhVMjND\nNDNuYWdBeVBSVHoxdFhtOEJNdm1ITWVVIDBnd1JFZXphMnNQWmZLWXlwMTRSa0lEU1Z0VUU1TEQ2\ncy4=\n','2015-04-07 11:52:23'),('653688b0ce506d74196f57d9e3df446f','MTk1YTQwYjc3ZTM5NjE5ODk3MmRlZmI4ZTc5ZTA1NTA0NjZhMzFhYTqAAn1xAVUJREVNT19QQUdF\ncQKIcy4=\n','2015-04-08 12:18:51'),('3183598c8a2e1473ef0aef8036d01dd8','NDRjYzRhNmRjYTAyN2UwYTgyOTQ1N2EyNjU5ZTlhZDI4NzU0MGYzNDqAAn1xAVUEdXNlcmNkamFu\nZ28uZGIubW9kZWxzLmJhc2UKbW9kZWxfdW5waWNrbGUKcQJjbW9kdWxlLm9hdXRoLm1vZGVscwpV\nc2VyCnEDXWNkamFuZ28uZGIubW9kZWxzLmJhc2UKc2ltcGxlX2NsYXNzX2ZhY3RvcnkKcQSHUnEF\nfXEGKFUIdXNlcl9kaXJxB1gLAAAAYXRzdWtvLmFuYW5VBG5hbWVxCFgLAAAAQXRzdWtvIEFuYW5V\nB3R5cGVfaWRxCVgPAAAAMTAwMDAwNDg4NjQ1Njc4VRNhY2Nlc3NfdG9rZW5fc2VjcmV0cQpYAAAA\nAFUKY3JlYXRlZF9hdHELY2RhdGV0aW1lCmRhdGV0aW1lCnEMVQoH3AwHFCATAAAAhVJxDVUGX3N0\nYXRlcQ5jZGphbmdvLmRiLm1vZGVscy5iYXNlCk1vZGVsU3RhdGUKcQ8pgXEQfXERKFUGYWRkaW5n\ncRKJVQJkYnETVQdkZWZhdWx0cRR1YlUQYWNjZXNzX3Rva2VuX2tleXEVWMgAAABDQUFDYkp1SFNq\nRklCQU84WkNuaUs0YVhJWkNpVlpDbGlwbmdaQVc2OEpYZVAzMFlxNEtWcnBaQUxwZ1pDMkdCRGNS\nOGdHTXJqSGFvakpySkVOeVFxYWFveTFxTTdCWkNLcTB2SndaQUpiQ29BU1pBeFpDaTJaQXlLRDVs\nWEFQcll6RXpUb2RlNlZ3c0w1aXZXM2N6T0NQRDZzQVRwaDk0Q09VYzhoUlZmTElUOVZqbjRsSE1u\nc0FPWWhhUzNBeG1oZFBNcXRaQlUHcGFnZV9pZHEWigBVBHR5cGVxF1gIAAAAZmFjZWJvb2tVAmlk\ncRiKAQN1YnMu\n','2015-04-27 11:01:43'),('14bdcdd40c444d507be0cc854471f4dc','NWQ2ZTIwZmY5N2Q3NDBlMDYxMTQxNjE1MWNlZTk2ZmI5YTE4YzJhZjqAAn1xAVUgSlk4N1BrMEFQ\nSFFkaHV6TmVGZFg3VHVsczlGRmI2b1lVIExzS3RyZ3ZvY05VcUtlQm5yNFVJNkQ0VWlIenY1RGk4\ncy4=\n','2015-04-20 15:46:44'),('e2402f950072f311d673abc89df452e1','ZWIyYzJhZjI3M2MxMzgyMzcwYWY3NzE2MDVkZDZjYTczMmM1YzZjNzqAAn1xAVUgTE1zaDNEd2FM\nUmRKTnF4VjBuM3dVTkJHMG54cU1xVlVVIHZYMW9FRGd6SVE4Q0ZBZDVkSWJpSEplRFlDcnh5S3FU\ncy4=\n','2015-04-23 06:36:13'),('cd53881c4578ad61b3eb74e286014c56','YjM3YTE2OWM0ZTczMjEzOWRlMDQzZjJjZDBkM2Q3N2IyODJjMzdjZDqAAn1xAVUgWWpXQkw0cGox\nejFHaWdZaUdMOUppd0E0RkpQT2ptd0hVIHdLZXpraDZTNUJvOGhNblczZU4yRDN1RnFQSk1peHZw\ncy4=\n','2015-04-29 17:41:26'),('36ac567fa89141b53e06cca2d2aa1e5c','NDRjYzRhNmRjYTAyN2UwYTgyOTQ1N2EyNjU5ZTlhZDI4NzU0MGYzNDqAAn1xAVUEdXNlcmNkamFu\nZ28uZGIubW9kZWxzLmJhc2UKbW9kZWxfdW5waWNrbGUKcQJjbW9kdWxlLm9hdXRoLm1vZGVscwpV\nc2VyCnEDXWNkamFuZ28uZGIubW9kZWxzLmJhc2UKc2ltcGxlX2NsYXNzX2ZhY3RvcnkKcQSHUnEF\nfXEGKFUIdXNlcl9kaXJxB1gLAAAAYXRzdWtvLmFuYW5VBG5hbWVxCFgLAAAAQXRzdWtvIEFuYW5V\nB3R5cGVfaWRxCVgPAAAAMTAwMDAwNDg4NjQ1Njc4VRNhY2Nlc3NfdG9rZW5fc2VjcmV0cQpYAAAA\nAFUKY3JlYXRlZF9hdHELY2RhdGV0aW1lCmRhdGV0aW1lCnEMVQoH3AwHFCATAAAAhVJxDVUGX3N0\nYXRlcQ5jZGphbmdvLmRiLm1vZGVscy5iYXNlCk1vZGVsU3RhdGUKcQ8pgXEQfXERKFUGYWRkaW5n\ncRKJVQJkYnETVQdkZWZhdWx0cRR1YlUQYWNjZXNzX3Rva2VuX2tleXEVWMgAAABDQUFDYkp1SFNq\nRklCQU84WkNuaUs0YVhJWkNpVlpDbGlwbmdaQVc2OEpYZVAzMFlxNEtWcnBaQUxwZ1pDMkdCRGNS\nOGdHTXJqSGFvakpySkVOeVFxYWFveTFxTTdCWkNLcTB2SndaQUpiQ29BU1pBeFpDaTJaQXlLRDVs\nWEFQcll6RXpUb2RlNlZ3c0w1aXZXM2N6T0NQRDZzQVRwaDk0Q09VYzhoUlZmTElUOVZqbjRsSE1u\nc0FPWWhhUzNBeG1oZFBNcXRaQlUHcGFnZV9pZHEWigBVBHR5cGVxF1gIAAAAZmFjZWJvb2tVAmlk\ncRiKAQN1YnMu\n','2015-05-12 11:19:14'),('18cf62e8748ecc8eb453e6bd1eb9e390','MTk1YTQwYjc3ZTM5NjE5ODk3MmRlZmI4ZTc5ZTA1NTA0NjZhMzFhYTqAAn1xAVUJREVNT19QQUdF\ncQKIcy4=\n','2015-05-13 06:37:08'),('e7a48bed7db4459d7a910966a202616e','ZDAwMGJkZmQyMDNmZDhlMWZhYTZlYmEwMWQ4ZjUwMjg1NTNmNWNmNzqAAn1xAVUgSkJ2Z1E4N1BU\ncnhmVU12SlhzcW5DM1hlNE5pWWE5b3JVIHppN3ZiNU5DQ1BLM2IzSDVUb2lhNnRXcGE4eFY4QmxB\ncy4=\n','2015-05-13 06:37:09'),('ca6d17b8dbdcff2a926d9276493b3bc0','MTk1YTQwYjc3ZTM5NjE5ODk3MmRlZmI4ZTc5ZTA1NTA0NjZhMzFhYTqAAn1xAVUJREVNT19QQUdF\ncQKIcy4=\n','2015-05-14 22:26:04'),('64700dbdf2ae0b6b8d08a1e7b582ec44','N2VlYjI0OGU3ODI1YTQ3YTYzMDFjYTEzMTZiZTE5OTZmNzVkNjE4NjqAAn1xAVUgZ2tidHlQcXhx\nVGpuNXkxYU1NQm90UnkxSjJ0MGl1OEJVIDRBbVRYUTE3MFZWQVhpY2ZhVGF5SEtWV3doQnEzUWZV\ncy4=\n','2015-05-14 22:26:05'),('edfd3968c46de54170dcff7d31638645','ZjBhODc0ODdiNWI4Mzk5OWU2NDZlNWYzY2U3ZWIwYWJmNWNhNjE2MTqAAn1xAShVDGFjY2Vzc190\nb2tlbmN0d2VlcHkub2F1dGgKT0F1dGhUb2tlbgpxAimBcQN9cQQoVQZzZWNyZXRxBVUpY1l2Wk1G\nNzFmOHdzVmtpZkhLb1pZRnpKeU9leGNwQ2RzTnIxWldvV2NVA2tleXEGVTIxMzE3MDkzMTgyLWRE\nUDI0bFBwQnRHb1B0a3RzTWhYSXNzZWptZUV0TkFNZG9GOEVZYXViVSBpb1lIc29yQjlFS2ZYQjdB\nR2RUTzZrN3V0a0xKUU9rZ1UgYmhYUlBpZmRvaHJzZGF3NWhSUmY3dkEzcmM0MXg4ZEhVBHVzZXJj\nZGphbmdvLmRiLm1vZGVscy5iYXNlCm1vZGVsX3VucGlja2xlCnEHY21vZHVsZS5vYXV0aC5tb2Rl\nbHMKVXNlcgpxCF1jZGphbmdvLmRiLm1vZGVscy5iYXNlCnNpbXBsZV9jbGFzc19mYWN0b3J5CnEJ\nh1JxCn1xCyhVCHVzZXJfZGlycQxYDAAAAGRlbW9fb3RoZXJidVUEbmFtZXENWAwAAABkZW1vX290\naGVyYnVVB3R5cGVfaWRxDlgKAAAAMTMxNzA5MzE4MlUTYWNjZXNzX3Rva2VuX3NlY3JldHEPWCkA\nAABjWXZaTUY3MWY4d3NWa2lmSEtvWllGekp5T2V4Y3BDZHNOcjFaV29XY1UKY3JlYXRlZF9hdHEQ\nY2RhdGV0aW1lCmRhdGV0aW1lCnERVQoH3QMfBQwuAAAAhVJxElUGX3N0YXRlcRNjZGphbmdvLmRi\nLm1vZGVscy5iYXNlCk1vZGVsU3RhdGUKcRQpgXEVfXEWKFUGYWRkaW5ncReJVQJkYnEYVQdkZWZh\ndWx0cRl1YlUQYWNjZXNzX3Rva2VuX2tleXEaWDIAAAAxMzE3MDkzMTgyLWREUDI0bFBwQnRHb1B0\na3RzTWhYSXNzZWptZUV0TkFNZG9GOEVZYVUHcGFnZV9pZHEbigBVBHR5cGVxHFgHAAAAdHdpdHRl\nclUCaWRxHYoBBnVidS4=\n','2015-05-25 11:30:51'),('28c7d47252e9ee8b65c173798a309e52','ZDQ5ZmFlNjJlNTBlZGMyNmUzMzlhYTJkNmNiOTM3MzZjM2QzZWYwODqAAn1xAVUgRzg0VFk1RXdM\nTzRUNEVOQW5wQWFiakxXd0RFQ3puT0VVIE5RbTBIWU5vajR3a3VtYWhIMTVYZmtmY0x4b1BPUWUy\ncy4=\n','2015-05-16 16:12:08'),('f573046ae0bdc79a55aa7f89196ceaa5','NGIzNDI5ZWU2OGM0NWRmZWE5ZDE2NWIxMDVjYWIxN2M5YTExNjMzMDqAAn1xAVUgUHljcE1BR3F3\nSk03VTUxdGlDZ3FsUFVRS2xtWFhQQTNVIHM5MjdkRE9lR3dKVFFUSnVVUnhoMG9BZ3dWYnRBN3Vv\ncy4=\n','2015-05-16 23:51:56'),('cbc59db78ad8ab5f5f764e581d1af700','MTk1YTQwYjc3ZTM5NjE5ODk3MmRlZmI4ZTc5ZTA1NTA0NjZhMzFhYTqAAn1xAVUJREVNT19QQUdF\ncQKIcy4=\n','2015-05-17 12:36:41'),('94030b3b25a6e025922fa64ff85f8561','Y2U3ZmNmYTMyNGJmOWQyM2MzNjQ4YWU5OWM2YzhhNGFjMzVhOTczNjqAAn1xAVUgTWUyeG5ZUUVK\nbFV6T3Zqek1BbHJkVkdPOUdEU20zWHBVIEpEeFZLZERwZjN0QkZ0TWVCSXdqazhpbHVyc0dpWWNR\ncy4=\n','2015-05-17 12:36:42'),('277f24bc49636d8dd62c5a23868cc8a6','MjkwYzQ0NWU3OWQyOWQ3MWQxMGU5MDA5NmNjYmY3NDZiNWQ5MDVmNDqAAn1xAVUbbEh1dHJBQUFB\nQUFBSVJDd0FBQUJUb2ZBN0owVSBIV0pSbFZlOTdFVzRMSjZkWlhwT3c3a0RMb09ydTZJa3Mu\n','2015-07-27 23:10:43'),('6cc2d44b6d38ba77033745e56f2d5405','Mjk4ODQxYzZiMWJkMGFmYTk4NDhjNDMzY2M0NmE0MTkyN2JjNmM2NjqAAn1xAVUgRkswQmxXcFVU\nMkNnbEZ2VnBmQ0ROUm1RMElQNFp6SnFVIDhqWFdnU1dPR1ljRVd2Q1lJaDN0MUphaEh6V09GdDdT\ncy4=\n','2015-05-18 18:21:21'),('e2ab257c06eae1ff9c2ad9806d12564a','Zjc4NmFiOGQyNTIwYTUyNzJiNWZhMmVlY2MyMWMwMzYzM2I1ZDAzZjqAAn1xAVUgS1VYb0NpZXNh\nUUlNQTJ6UzNmM3JjckRaWmx0TnA2RlBVIGtrUThmeHB6M3RMVGFDYmxscnI2MFR2ZlltQktkTGhr\ncy4=\n','2015-05-19 10:44:43'),('ed28788bbdaae59fb79ef53de08427c7','MTBjMjYwN2Q1OWE1MDM0NWE3ODJjYTlhODZhZmYyZWIyZDMzNDQ1NTqAAn1xAVUgR09XZUl2WEdC\nc1Nhd2tBdEJDRU1KTU5zMzluT1FrYnZVIDJmUkZ5N1BnN1Q1QVFuckg0M0kxMHJOaVFQRVpkQ2Zz\ncy4=\n','2015-05-20 05:50:54'),('a934895fac7402fc2d0a2df90e1855b8','MTZhYWU2YjE0ODQ0OTExYzg0ZDk1NzAwODcwZjc1MmJhMzc2MzBmMDqAAn1xAVUgN21QQnVrVFpo\ncHk1bUtFWFhITU5CU0dZcXl2WWpidHRVIDFyUE5HNGlRQ1p1Nm9NQ3RLVThHR1pnSjM1c1F5akZI\ncy4=\n','2015-05-21 17:31:46'),('931b28e860a9d96dc5d4bca8f03e8855','Mjc3NzA0NjFlY2RjNTBlMzY5NWJlN2Y1NWUwM2Y3NDZjZDE5ODMyZDqAAn1xAVUgZ3BvQVllSFlw\ncEoxQ2N3b1NqVHVLY1hJSTVDWUlMRmFVIEFBR3BzRjQ3OWlocXNKczJJTG9Dd3JaSE45WmVReTF5\ncy4=\n','2015-05-22 03:19:21'),('5703b46cb9a2befe6ff86ac4046abf06','M2UyMjcxMjE1N2FiNTA5YTQ4YzljNDQyNTFmZTM0ZTRlNWExOTYwNDqAAn1xAVUgNko1dGt3VHZ6\nNXI2WnVOdll5SUtBY0pzZ3NmR09LSHRVIEFobFJhd3RudTd6dktVVFR4Z085ZkEyMXplVVpxdEFw\ncy4=\n','2015-05-22 05:22:01'),('d3ef7491aacf0dbf5254e2775cd0dc2a','Y2Q1Y2IzZjU0NzU3MzMzZWYxNjc0OGE3ZGI0OWIxNTg0YTljMzMwMzqAAn1xAVUgYzBXSE5CZGVi\nYlhhTFRiRWpmdmJBZHJreDBvMWRyNWxVIEhabm84Zlhlc3hjMkRjNWZIU3h2M0ZpTXlncGZZdnU0\ncy4=\n','2015-05-22 10:39:15'),('0084a8e46ec03fc711c77bc0a8931967','MTk1YTQwYjc3ZTM5NjE5ODk3MmRlZmI4ZTc5ZTA1NTA0NjZhMzFhYTqAAn1xAVUJREVNT19QQUdF\ncQKIcy4=\n','2015-05-24 08:09:35'),('5ac54512c6b9fee8d91a7305a71034b0','NjVhZWM3YWZhMjBkNzVjOTBkMDVjMTIyMjQ5OWI3MjljYzc2ZTI5MzqAAn1xAVUgSlJOdktXb1Za\nalgyejN0cG8yZ2s5cEZJTTZQaXlBMWNVIFpkcUx5NldsZUtORDVOY1N4RW5EU3JPNEdVenlQVng5\ncy4=\n','2015-05-24 13:11:25'),('3237629f888aefca1ae2f837772ff207','NWI1MmNhMDg1ZWQzMDZjODZiZTFkMmQ5ZGNiNTE4NjBjYjY4OWQ4YzqAAn1xAVUgNlRSamlIVFpS\nZkFaZENNNHY4cFhZNjFITEFSeFk2TkFVIG1KNWNkeEdQTVFxbW4yS2RLZzZaUFBaNVcxeFZEYW9X\ncy4=\n','2015-05-24 20:52:26'),('ccd7a372a59ecbcc146b683000335d68','MzY5M2I4NDljMzg0MWJiM2ZkYjk2ODc4YzYxM2Q2MGE1ODAzYmFiNzqAAn1xAVUgd1dYNnZpQTNL\ndFVqVWJYa1pTVTFyS0lCNzgzRGpTZTdVIGF3Smt1dnh6V1VVN2dGcnBWM2NVTTBKYTB5T3NmNTBU\ncy4=\n','2015-05-25 23:49:05'),('6874f7399dc3b4d429d04fd8d00a4bd5','NzRiNmU0NjE3NTVmMDhiMGI2ZTExZmVkNGMwY2RkNTBhYjI0ZDY0OTqAAn1xAVUgMmlsUDdtVGVr\nczJLS1o2M282QzRXNkM2UVpYTWpLQU1VIENSY2dtZGxYY1JvVlk1dllPZWozdE82eTlaSUFUZDBG\ncy4=\n','2015-05-27 08:49:11'),('0a82af805bb7d1e474fd363c83c84e3c','NWU2NGQyN2QyODkzNGI5MDkwZmM5MjM4M2E2YTJjMmEzMGYyNWY5YTqAAn1xAVUgYzJ4RUxwdEhK\nQlVPTnJUZlY4bkpnRUlpQnBDN3k0alBVIHpGTEdHeUE0REFOSXpsZVNFSGtVRjdOOFdCaTdGQWUz\ncy4=\n','2015-05-27 14:34:40'),('692ed882f6844bb84efc69ee90e642fb','MmJiZDkyYzkyNGExOTIyY2ZjMTIzMTg4ZGU5NzNkZGJlYTIwMDg0ZTqAAn1xAVUgT1R4ZFVvQVpW\nd2hLSUh5YnVNdFdtOXpWRWlhVDBmSnFVIFZIN1pPa1JqcEEwZHh0Tk51cE9JaUd4SXpFd3dpaGxQ\ncy4=\n','2015-05-27 22:20:12'),('5ac4b437e24b19dcd52f1a8b112ead29','Yjc1MGZkOGE4OWEyNjAxZGRhZDJiMTk4NmQzODI2Njc1M2U5NzQ4NzqAAn1xAVUgM0hwMk9VZ3Qy\nckxPQnQ5cEYwbzBxV2k3NUFacWNIOXJVIHR0dUY0QUVUNm5WVlVIQWpRbmlldHdDVFRSSVlqNFll\ncy4=\n','2015-05-29 14:22:34'),('c048604e06b4250492ed327efef2f3b3','MTk1YTQwYjc3ZTM5NjE5ODk3MmRlZmI4ZTc5ZTA1NTA0NjZhMzFhYTqAAn1xAVUJREVNT19QQUdF\ncQKIcy4=\n','2015-05-30 11:37:48'),('73d20d68e46d505c6a6e29c50f18b0b3','ZjZjZDY0YzAxNmM4YTdlZWNlZDIwYWUyODdlOTljMzNlOWZjZjdkMzqAAn1xAVUgRTR6NUY2Zk1a\nWTZOR1lTRW9UTTY0aVR3Y0hCSmxqeHBVIGZBMUJ5VUdvVDFUUkNsbTY5TmN5MGtGUGVoTGNST2Rm\ncy4=\n','2015-05-30 11:37:49'),('79a189ab30f9dcf5d56e1ada251dcb59','Nzc5MzJmNmMxNjNiNGU4Y2JhOWJlODkyYWQ0NDJiMGUyNTcyMzQ5NzqAAn1xAVUbamRXbDJnQUFB\nQUFBSVJDd0FBQUJUbzFyQjB3VSBZZW1OczloMUJtdnUxZzlOS0duVUJoaUZDY3lqYm1uM3Mu\n','2015-07-29 01:34:37'),('733b154ca80cda0646881017d9415c14','OTNlNjU2OTM2YmU5MTg2MmY1NDJmZjg3NDQ4YTY0NTIyZTA1ZjBlZTqAAn1xAVUgU1VNZTA2cURD\nY1Q2TzVVZXpwMUplM0FCUjJLNG5EeXhVIEE0ckI2eWpYN3BGdllsRGNvdXpQMHpsWWlna0tacTVW\ncy4=\n','2015-06-09 10:54:10'),('e20ac0b0bcbb632e39975b33aab04e60','MTk1YTQwYjc3ZTM5NjE5ODk3MmRlZmI4ZTc5ZTA1NTA0NjZhMzFhYTqAAn1xAVUJREVNT19QQUdF\ncQKIcy4=\n','2015-06-09 14:25:46'),('7a6cb18c716cf5e1a89f059249e8d501','MTk1YTQwYjc3ZTM5NjE5ODk3MmRlZmI4ZTc5ZTA1NTA0NjZhMzFhYTqAAn1xAVUJREVNT19QQUdF\ncQKIcy4=\n','2015-06-10 18:56:03'),('b21323c7ab4f8b22faefd06e17d23e10','MTk1YTQwYjc3ZTM5NjE5ODk3MmRlZmI4ZTc5ZTA1NTA0NjZhMzFhYTqAAn1xAVUJREVNT19QQUdF\ncQKIcy4=\n','2015-06-11 02:16:30'),('428b9b30aeafcc99e02151100ea04e78','MjY5ZDI1MmFhMjgxODgxODc0MjQ5YzJjM2FmM2I0OGMzMzU4NDQxNzqAAn1xAVUgQ1JZb1NFN0FK\nOEUwalUyZjlCcFJmNXdvN1d6SVk1UDNVIFRmd040dWZuaVpYdzdXZVBubWd3bUlrRWl0dU9ZV01y\ncy4=\n','2015-06-15 14:35:05'),('a18e8cadfafbebefaf7a3ff706e26d26','ZWIwNTlkNjcwYjE2ODg5ZDVhMmJlZjM0YzVjZjdmZmVlOWE1NDQ3ZjqAAn1xAVUEdXNlcmNkamFu\nZ28uZGIubW9kZWxzLmJhc2UKbW9kZWxfdW5waWNrbGUKcQJjbW9kdWxlLm9hdXRoLm1vZGVscwpV\nc2VyCnEDXWNkamFuZ28uZGIubW9kZWxzLmJhc2UKc2ltcGxlX2NsYXNzX2ZhY3RvcnkKcQSHUnEF\nfXEGKFUIdXNlcl9kaXJxB1gPAAAAMTAwMDAyNjU2NjAwNDg4VQRuYW1lcQhYDQAAAFJ5byAgRnVq\naW1vdG9VB3R5cGVfaWRxCVgPAAAAMTAwMDAyNjU2NjAwNDg4VRNhY2Nlc3NfdG9rZW5fc2VjcmV0\ncQpYAAAAAFUKY3JlYXRlZF9hdHELY2RhdGV0aW1lCmRhdGV0aW1lCnEMVQoH3AULATsbAAAAhVJx\nDVUGX3N0YXRlcQ5jZGphbmdvLmRiLm1vZGVscy5iYXNlCk1vZGVsU3RhdGUKcQ8pgXEQfXERKFUG\nYWRkaW5ncRKJVQJkYnETVQdkZWZhdWx0cRR1YlUQYWNjZXNzX3Rva2VuX2tleXEVWNcAAABDQUFD\nYkp1SFNqRklCQUNrcGJRb1dYZndoTExNRE4zY1dwZTlXS284WUxVd3NkRHE5a3NMUXVNTHVRWkFW\nbzF1THNpNXdZN2w4REhiWUtJSFY1N1I1eG5UZWtHeHNFOEMwWkFjNHFKOE9OOUtwVG9Ub3lPM005\nOFM2Rzg2b1FaQU1oUWR5MzJQR2gxSWFGWkNQdzZtRWZnc2ZzUjhFOE1iRGZoSUt2TFZyenJmNndU\nYlNSWkJRZ3NyZmlsc2xxMFpDSE8xOGpmc0g1TjFJamdRTXZVMVIya1UHcGFnZV9pZHEWigESVQR0\neXBlcRdYCAAAAGZhY2Vib29rVQJpZHEYigEBdWJzLg==\n','2015-07-21 16:47:42'),('8aa0fc6a4bc8380ebba21a5df7070ebe','MTk1YTQwYjc3ZTM5NjE5ODk3MmRlZmI4ZTc5ZTA1NTA0NjZhMzFhYTqAAn1xAVUJREVNT19QQUdF\ncQKIcy4=\n','2015-06-20 06:37:30'),('46c3ba163f7d5421982f2ab96a71fd37','NDIwY2UyOWVlMzQ3NTAxYTI0NDI5Njk0ODg4NWE4NTI3NjFlMjBhNzqAAn1xAVUbejR2eHdnQUFB\nQUFBSVJDd0FBQUJUY1dwNzFNVSA1TDJwY3NYZFpxRnhxenA1cUhOc014REhRVkJCTjc5aXMu\n','2015-06-20 06:39:16'),('4e6963f2e718aac99e46989072c44dd8','MTk1YTQwYjc3ZTM5NjE5ODk3MmRlZmI4ZTc5ZTA1NTA0NjZhMzFhYTqAAn1xAVUJREVNT19QQUdF\ncQKIcy4=\n','2015-06-22 02:23:41'),('90c026447ef5b2eb0f9f7a267f16b980','MmJhOTIyMDRhMmQwZDIzM2I4NGE2OTAwYjhhYmRiMTQ5N2Q1NTZkYjqAAn1xAVUbQlZzZ0NBQUFB\nQUFBSVJDd0FBQUJUZEVuV1RrVSBhTllScmxydGFXNWY0S0VMUTJPcng0QmtkRXMxejZCa3Mu\n','2015-06-22 12:12:04'),('62346b17f9fbafceb5e924f7fb7d72f3','MmJmYmQxMWMyOGM3NThlODdmM2NiMzZiMWNlNjYyMTE3YzIwODU0NjqAAn1xAVUbYmZIV1RnQUFB\nQUFBSVJDd0FBQUJUZElBSVRNVSBzSndhYnh6MEhUbkV1aHhuVnQ1YzE5MkQ3ZWtaZXpCVXMu\n','2015-06-22 16:08:51'),('e884d8d18aa8625a4836948aaa99c078','NjA3YWZiODg3YWNkYzU2NDA5Y2Q5YzM1MTViZmZiNzYwMzlkOGUxZTqAAn1xAVUEdXNlcnECY2Rq\nYW5nby5kYi5tb2RlbHMuYmFzZQptb2RlbF91bnBpY2tsZQpxA2Ntb2R1bGUub2F1dGgubW9kZWxz\nClVzZXIKcQRdY2RqYW5nby5kYi5tb2RlbHMuYmFzZQpzaW1wbGVfY2xhc3NfZmFjdG9yeQpxBYdS\ncQZ9cQcoVQh1c2VyX2RpcnEIWA8AAAAxMDAwMDI2NTY2MDA0ODhVBG5hbWVxCVgNAAAAUnlvICBG\ndWppbW90b1UHdHlwZV9pZHEKWA8AAAAxMDAwMDI2NTY2MDA0ODhVE2FjY2Vzc190b2tlbl9zZWNy\nZXRxC1gAAAAAVQpjcmVhdGVkX2F0cQxjZGF0ZXRpbWUKZGF0ZXRpbWUKcQ1VCgfcBQsBOxsAAACF\nUnEOVQZfc3RhdGVxD2NkamFuZ28uZGIubW9kZWxzLmJhc2UKTW9kZWxTdGF0ZQpxECmBcRF9cRIo\nVQZhZGRpbmdxE4lVAmRicRRVB2RlZmF1bHRxFXViVRBhY2Nlc3NfdG9rZW5fa2V5cRZY3AAAAENB\nQUNiSnVIU2pGSUJBRnk2anhaQ3FQdDJBMmo0enZEYlZvZGJaQ0F1Q29CRlFiTVl0WkFJbkFjeVpC\nMThnSTc3NUF1QngzbDdQZkVGUE83aUlJRXZCZnllS1U4SlpDZXB5cDNJbWRObDZNeFZ2bVNKaXVw\nUERIOVR2TlpBT2tjcnJaQnVFd2lqQTIyUGU2d09seHBCZk9nbUIycVRNWHRPTFg2NTJnSmFsSmRT\ncnlmUWgzSUJaQTJEUFZGSHJoM1pBT0pTZ1pCM1pBdDFVcVlmendnNnRGRjByQkhVB3BhZ2VfaWRx\nF4oBElUEdHlwZXEYWAgAAABmYWNlYm9va1UCaWRxGYoBAXVicy4=\n','2015-06-29 15:08:35'),('7b598fa8769e9c83da6cec0976edb778','Y2JkMzA4MThkYzA1OWQ1N2JkYzAzMjRjNDdkODY0Yzk2MGUyY2FhYjqAAn1xAVUbS1RlZUVRQUFB\nQUFBSVJDd0FBQUJUZ2FiMHpVVSAwdVEwVWEwdmZXOEI0V2dDUGxMNlFBekJqSW1DaFlxT3Mu\n','2015-07-02 21:19:10'),('541c24531381da7a28f58f552e3be0e4','ZTc2MjUxOGRmYmYwMjU5MmY1MDRmM2Y0OWYzMGZkYTM1ZGQ3NjcxMTqAAn1xAVUbeV9Ub2tRQUFB\nQUFBSVJDd0FBQUJUa2ZxTFlZVSBublhFWXFxS21nOHNIOTJJdVpNMDd1T0I0elYydWhNanMu\n','2015-07-15 13:40:05'),('dd360ee0fad0178cafb90c8054d4dec0','MTk1YTQwYjc3ZTM5NjE5ODk3MmRlZmI4ZTc5ZTA1NTA0NjZhMzFhYTqAAn1xAVUJREVNT19QQUdF\ncQKIcy4=\n','2015-07-15 14:47:28'),('4cbd3ab64508d0bcc5e0e5c6cf11deb7','MTk1YTQwYjc3ZTM5NjE5ODk3MmRlZmI4ZTc5ZTA1NTA0NjZhMzFhYTqAAn1xAVUJREVNT19QQUdF\ncQKIcy4=\n','2015-07-17 22:16:26'),('3a04b958a6558a241d39b8c1d6c9d64c','ZmJmYjMwNmE1NDUxN2Q1MGY5Yjc1YWRhZTA1NTcyMWNlMjlkYjI3ZTqAAn1xAVUbZmFyWUVBQUFB\nQUFBSVJDd0FBQUJUbC1DVjNJVSBHS0JHRUg5SEt3ZGx3QmdVaUY5VW9qNXBDT3VkYjFiQnMu\n','2015-07-20 03:37:32'),('06d2a80a8007f3c8f9ab8fa33e9743fe','NWM1YzFhMTU4MGRmNjAyMDZjMzNiYmUzMTZlNWQyZjM1MTlmMDk3YTqAAn1xAVUEdXNlcmNkamFu\nZ28uZGIubW9kZWxzLmJhc2UKbW9kZWxfdW5waWNrbGUKcQJjbW9kdWxlLm9hdXRoLm1vZGVscwpV\nc2VyCnEDXWNkamFuZ28uZGIubW9kZWxzLmJhc2UKc2ltcGxlX2NsYXNzX2ZhY3RvcnkKcQSHUnEF\nfXEGKFUKdXNlX21vYmlsZXEHiFUIdXNlcl9kaXJxCFgPAAAAMTAwMDAyNjU2NjAwNDg4VQRuYW1l\ncQlYDQAAAFJ5byAgRnVqaW1vdG9VB3R5cGVfaWRxClgPAAAAMTAwMDAyNjU2NjAwNDg4VRNhY2Nl\nc3NfdG9rZW5fc2VjcmV0cQtYAAAAAFUKY3JlYXRlZF9hdHEMY2RhdGV0aW1lCmRhdGV0aW1lCnEN\nVQoH3AULATsbAAAAhVJxDlUJc3luY19mbGFncQ+IVQZfc3RhdGVxEGNkamFuZ28uZGIubW9kZWxz\nLmJhc2UKTW9kZWxTdGF0ZQpxESmBcRJ9cRMoVQZhZGRpbmdxFIlVAmRicRVVB2RlZmF1bHRxFnVi\nVQp1cGRhdGVkX2F0cRdoDVUKB98HFBcmEgAAAIVScRhVEGFjY2Vzc190b2tlbl9rZXlxGVjdAAAA\nQ0FBQ2JKdUhTakZJQkFIajR2bkI3Y1pDWkFxWkNhcko3YXd4RGtwWUFidVVaQTM3b0M0TVE0T3Ba\nQWlzTTF2OUtWZzYzR2pBWkIyalF6S3M5eGM4QmtaQ3ljcndjMzdEdlc1TzBlWkJNQjRxS1RDeHh1\nN1dpWkI5ckx1d1ljSkV1bFdTZklxb3lYWVhHOXNXQ3hBVzJFOVBRY0ZocGx2dExJM3o0eXBaQ2VR\nV05RR1ZhVnlkQWpGUnVNVTRSbmk2eXd5U1NkYlhLYmxzY1lqWkFOWkJGaUFvTnI1WTJVB3BhZ2Vf\naWRxGooBElUEdHlwZXEbWAgAAABmYWNlYm9va1UCaWRxHIoBAXVicy4=\n','2015-08-16 12:49:33'),('aec2aeb3d467b67ae9a6892057523d82','Y2ViZjQwNDhhNzQzN2RjMWFjNGEzM2YwMzQ4YWYyZTZjZDI2NTJlZTqAAn1xAVUbR0RJeEdBQUFB\nQUFBSVJDd0FBQUJUbm43OGh3VSBBQlRXcTA1Y21ObTlBZW1KUWhsRXU2UFRWd2JMVjY4YXMu\n','2015-07-25 07:00:30'),('b69aeef1b5bea7bcee3f5e5822e053e9','YTI1M2E4YzI1ODFhZjg0MGMxNzQzYmViYzY2OTQ4NzVkY2M2NDg3ZDqAAn1xAVUbUWJjdnFnQUFB\nQUFBSVJDd0FBQUJUbm9LQWhFVSAwV2RCaWhVQXJIMDJ1SzhsWHNNeU9IRVlOSjFRZEZQUnMu\n','2015-07-25 07:15:51'),('66c303df38ca92d6c418b0ea62238794','MTk1YTQwYjc3ZTM5NjE5ODk3MmRlZmI4ZTc5ZTA1NTA0NjZhMzFhYTqAAn1xAVUJREVNT19QQUdF\ncQKIcy4=\n','2015-08-02 13:35:33'),('4a0732df15cf1b087bd6a7f948e42a28','YzQ1MmYxZGY2ZjRkNzBmYzEwMjVlMGY3NzM0ZDRkMjE4YzFmNWFjZjqAAn1xAS4=\n','2015-08-03 23:38:40'),('1ce9cc7f0688a935937defa80aac71f2','MzM2MDEyNmJiNzU0N2ZjMzE4OTc2MTEyMWEzYzBlOWM2NjA3MjY4ZjqAAn1xAVUbMFZjdjhBQUFB\nQUFBSVJDd0FBQUJUcnJMZlZFVSBwdVFGR3ZCdjJiUWtlSHB0a1UzT0tSUWtXSlYxRGd1bXMu\n','2015-08-06 21:02:53'),('89feafc4cfeb0c303a056b7401553dd7','M2Q2MTIyYTBkODlkZWFmYWEyMThjMTk5MGQ5MjRlYzlkZmViNjFiYzqAAn1xAVUbVkVLYWhRQUFB\nQUFBSVJDd0FBQUJUc3QyM1RrVSA5M2JGbWFUdkMxTkMxVXVDU2VpR3AwYTc3anJPbHNaMHMu\n','2015-08-10 02:44:00'),('5b63552a3fbe07820beb244e9911484e','OTRhMTQ3YzVhMGIyNGU1NWVjNGE5YjU0MWQ5MTcxZmIxMGZhYzA0NzqAAn1xAVUbNHpEVVl3QUFB\nQUFBSVJDd0FBQUJUdFlyZ2FvVSBVenVOY3ZubEpnemNzRUZ6aGVZZUZoakpxRElKUWVlU3Mu\n','2015-08-12 04:37:30'),('a6286e49e58038cba3232b7e95cfc151','Zjg4NzExNzZiNzRiMmI1M2MzYzlhNmVmZWQ4YjM4NDY5M2NjZDQxNjqAAn1xAVUbNVFUZGhnQUFB\nQUFBSVJDd0FBQUJUdXFseWhzVSBhd1ZZcVNjQWtma29lcXpzNEZJbTBSZ1dTZFBMTnNnQ3Mu\n','2015-08-16 04:03:29'),('147a9f5cf3235181dc46a8e2e8927555','NTE5NDliMzIyMDFiZmM0OTU2NTZmNmIxMzZjYmZhOGVhZTdiZDg3MjqAAn1xAVUbQkxSVTBBQUFB\nQUFBSVJDd0FBQUJUdXExVktjVSBOOU92ZG8zWXM1YkNjdUZkd2hLM2syWGlNdGN3RGJXdnMu\n','2015-08-16 04:20:27'),('6b332db2a1f4388925570c654f9b4c90','MTk1YTQwYjc3ZTM5NjE5ODk3MmRlZmI4ZTc5ZTA1NTA0NjZhMzFhYTqAAn1xAVUJREVNT19QQUdF\ncQKIcy4=\n','2015-08-16 04:33:29'),('3a910b19824930d40e2a1336a1426c48','M2EyZDI1ZjdkMmM4NGJjZDUxYjVmYTQwZDc0MDcxZmRhMjkxM2JlMTqAAn1xAVUbeEt6Z01BQUFB\nQUFBSVJDd0FBQUJUdTl2dDIwVSBPZ1pOQ0ZSUXJUd1JBQ21CY0tJckVLcVJRS3pPSDkwTnMu\n','2015-08-17 02:22:31');
/*!40000 ALTER TABLE `django_session` ENABLE KEYS */;
UNLOCK TABLES;

--
-- Table structure for table `django_site`
--

DROP TABLE IF EXISTS `django_site`;
/*!40101 SET @saved_cs_client     = @@character_set_client */;
/*!40101 SET character_set_client = utf8 */;
CREATE TABLE `django_site` (
  `id` int(11) NOT NULL AUTO_INCREMENT,
  `domain` varchar(100) NOT NULL,
  `name` varchar(50) NOT NULL,
  PRIMARY KEY (`id`)
) ENGINE=MyISAM AUTO_INCREMENT=2 DEFAULT CHARSET=utf8;
/*!40101 SET character_set_client = @saved_cs_client */;

--
-- Dumping data for table `django_site`
--

LOCK TABLES `django_site` WRITE;
/*!40000 ALTER TABLE `django_site` DISABLE KEYS */;
INSERT INTO `django_site` VALUES (1,'example.com','example.com');
/*!40000 ALTER TABLE `django_site` ENABLE KEYS */;
UNLOCK TABLES;

--
-- Table structure for table `misc_exceptiontraceback`
--

DROP TABLE IF EXISTS `misc_exceptiontraceback`;
/*!40101 SET @saved_cs_client     = @@character_set_client */;
/*!40101 SET character_set_client = utf8 */;
CREATE TABLE `misc_exceptiontraceback` (
  `id` int(11) NOT NULL AUTO_INCREMENT,
  `created_at` datetime NOT NULL,
  `user_id` varchar(255) NOT NULL,
  `view_name` varchar(255) NOT NULL,
  `request_path` varchar(1024) NOT NULL,
  `exception_type` varchar(255) NOT NULL,
  `exception_message` longtext NOT NULL,
  `traceback_log` longtext NOT NULL,
  `post_data` longtext NOT NULL,
  PRIMARY KEY (`id`),
  KEY `misc_exceptiontraceback_3b1c9c31` (`created_at`),
  KEY `misc_exceptiontraceback_fbfc09f1` (`user_id`)
) ENGINE=InnoDB AUTO_INCREMENT=14 DEFAULT CHARSET=utf8;
/*!40101 SET character_set_client = @saved_cs_client */;

--
-- Dumping data for table `misc_exceptiontraceback`
--

LOCK TABLES `misc_exceptiontraceback` WRITE;
/*!40000 ALTER TABLE `misc_exceptiontraceback` DISABLE KEYS */;
INSERT INTO `misc_exceptiontraceback` VALUES (1,'2015-07-21 16:27:58','1','get_suggest','/get_suggest/?input=C%23+%5B%5D&json=true&limit=10','ParseError','no element found: line 1, column 0','Traceback (most recent call last):\n  File \"/usr/local/lib/python2.7/dist-packages/django/core/handlers/base.py\", line 111, in get_response\n    response = callback(request, *callback_args, **callback_kwargs)\n  File \"/usr/local/lib/python2.7/dist-packages/newrelic-2.50.0.39/newrelic/hooks/framework_django.py\", line 499, in wrapper\n    return wrapped(*args, **kwargs)\n  File \"/var/www/otherbu/config/../module/oauth/decorator.py\", line 48, in _wrapped_view\n    return view_func(request, *args, **kwargs)\n  File \"/var/www/otherbu/config/../module/ajax/views.py\", line 140, in get_sugetst\n    obj_xml = GetGoogleSuggest(search_text, 10)\n  File \"/var/www/otherbu/config/../module/misc/get_googlesuggest.py\", line 18, in __init__\n    obj_xml = ElementTree(XML(text))\n  File \"/usr/lib/python2.7/xml/etree/ElementTree.py\", line 1302, in XML\n    return parser.close()\n  File \"/usr/lib/python2.7/xml/etree/ElementTree.py\", line 1655, in close\n    self._raiseerror(v)\n  File \"/usr/lib/python2.7/xml/etree/ElementTree.py\", line 1507, in _raiseerror\n    raise err\nParseError: no element found: line 1, column 0\n','<QueryDict: {}>'),(2,'2015-07-21 16:28:00','1','get_suggest','/get_suggest/?input=C%23+&json=true&limit=10','ParseError','no element found: line 1, column 0','Traceback (most recent call last):\n  File \"/usr/local/lib/python2.7/dist-packages/django/core/handlers/base.py\", line 111, in get_response\n    response = callback(request, *callback_args, **callback_kwargs)\n  File \"/usr/local/lib/python2.7/dist-packages/newrelic-2.50.0.39/newrelic/hooks/framework_django.py\", line 499, in wrapper\n    return wrapped(*args, **kwargs)\n  File \"/var/www/otherbu/config/../module/oauth/decorator.py\", line 48, in _wrapped_view\n    return view_func(request, *args, **kwargs)\n  File \"/var/www/otherbu/config/../module/ajax/views.py\", line 140, in get_sugetst\n    obj_xml = GetGoogleSuggest(search_text, 10)\n  File \"/var/www/otherbu/config/../module/misc/get_googlesuggest.py\", line 18, in __init__\n    obj_xml = ElementTree(XML(text))\n  File \"/usr/lib/python2.7/xml/etree/ElementTree.py\", line 1302, in XML\n    return parser.close()\n  File \"/usr/lib/python2.7/xml/etree/ElementTree.py\", line 1655, in close\n    self._raiseerror(v)\n  File \"/usr/lib/python2.7/xml/etree/ElementTree.py\", line 1507, in _raiseerror\n    raise err\nParseError: no element found: line 1, column 0\n','<QueryDict: {}>'),(3,'2015-07-21 16:28:02','1','get_suggest','/get_suggest/?input=C%23+%E9%85%8D%E5%88%97&json=true&limit=10','ParseError','no element found: line 1, column 0','Traceback (most recent call last):\n  File \"/usr/local/lib/python2.7/dist-packages/django/core/handlers/base.py\", line 111, in get_response\n    response = callback(request, *callback_args, **callback_kwargs)\n  File \"/usr/local/lib/python2.7/dist-packages/newrelic-2.50.0.39/newrelic/hooks/framework_django.py\", line 499, in wrapper\n    return wrapped(*args, **kwargs)\n  File \"/var/www/otherbu/config/../module/oauth/decorator.py\", line 48, in _wrapped_view\n    return view_func(request, *args, **kwargs)\n  File \"/var/www/otherbu/config/../module/ajax/views.py\", line 140, in get_sugetst\n    obj_xml = GetGoogleSuggest(search_text, 10)\n  File \"/var/www/otherbu/config/../module/misc/get_googlesuggest.py\", line 18, in __init__\n    obj_xml = ElementTree(XML(text))\n  File \"/usr/lib/python2.7/xml/etree/ElementTree.py\", line 1302, in XML\n    return parser.close()\n  File \"/usr/lib/python2.7/xml/etree/ElementTree.py\", line 1655, in close\n    self._raiseerror(v)\n  File \"/usr/lib/python2.7/xml/etree/ElementTree.py\", line 1507, in _raiseerror\n    raise err\nParseError: no element found: line 1, column 0\n','<QueryDict: {}>'),(4,'2015-07-21 16:28:05','1','get_suggest','/get_suggest/?input=C%23+%E9%85%8D%E5%88%97+&json=true&limit=10','ParseError','no element found: line 1, column 0','Traceback (most recent call last):\n  File \"/usr/local/lib/python2.7/dist-packages/django/core/handlers/base.py\", line 111, in get_response\n    response = callback(request, *callback_args, **callback_kwargs)\n  File \"/usr/local/lib/python2.7/dist-packages/newrelic-2.50.0.39/newrelic/hooks/framework_django.py\", line 499, in wrapper\n    return wrapped(*args, **kwargs)\n  File \"/var/www/otherbu/config/../module/oauth/decorator.py\", line 48, in _wrapped_view\n    return view_func(request, *args, **kwargs)\n  File \"/var/www/otherbu/config/../module/ajax/views.py\", line 140, in get_sugetst\n    obj_xml = GetGoogleSuggest(search_text, 10)\n  File \"/var/www/otherbu/config/../module/misc/get_googlesuggest.py\", line 18, in __init__\n    obj_xml = ElementTree(XML(text))\n  File \"/usr/lib/python2.7/xml/etree/ElementTree.py\", line 1302, in XML\n    return parser.close()\n  File \"/usr/lib/python2.7/xml/etree/ElementTree.py\", line 1655, in close\n    self._raiseerror(v)\n  File \"/usr/lib/python2.7/xml/etree/ElementTree.py\", line 1507, in _raiseerror\n    raise err\nParseError: no element found: line 1, column 0\n','<QueryDict: {}>'),(5,'2015-07-21 16:28:08','1','get_suggest','/get_suggest/?input=C%23+%E9%85%8D%E5%88%97+%E7%B5%90%E5%90%88&json=true&limit=10','ParseError','no element found: line 1, column 0','Traceback (most recent call last):\n  File \"/usr/local/lib/python2.7/dist-packages/django/core/handlers/base.py\", line 111, in get_response\n    response = callback(request, *callback_args, **callback_kwargs)\n  File \"/usr/local/lib/python2.7/dist-packages/newrelic-2.50.0.39/newrelic/hooks/framework_django.py\", line 499, in wrapper\n    return wrapped(*args, **kwargs)\n  File \"/var/www/otherbu/config/../module/oauth/decorator.py\", line 48, in _wrapped_view\n    return view_func(request, *args, **kwargs)\n  File \"/var/www/otherbu/config/../module/ajax/views.py\", line 140, in get_sugetst\n    obj_xml = GetGoogleSuggest(search_text, 10)\n  File \"/var/www/otherbu/config/../module/misc/get_googlesuggest.py\", line 18, in __init__\n    obj_xml = ElementTree(XML(text))\n  File \"/usr/lib/python2.7/xml/etree/ElementTree.py\", line 1302, in XML\n    return parser.close()\n  File \"/usr/lib/python2.7/xml/etree/ElementTree.py\", line 1655, in close\n    self._raiseerror(v)\n  File \"/usr/lib/python2.7/xml/etree/ElementTree.py\", line 1507, in _raiseerror\n    raise err\nParseError: no element found: line 1, column 0\n','<QueryDict: {}>'),(6,'2015-07-24 15:11:35','1','get_suggest','/get_suggest/?input=c%23&json=true&limit=10','ParseError','no element found: line 1, column 0','Traceback (most recent call last):\n  File \"/usr/local/lib/python2.7/dist-packages/django/core/handlers/base.py\", line 111, in get_response\n    response = callback(request, *callback_args, **callback_kwargs)\n  File \"/usr/local/lib/python2.7/dist-packages/newrelic-2.50.0.39/newrelic/hooks/framework_django.py\", line 499, in wrapper\n    return wrapped(*args, **kwargs)\n  File \"/var/www/otherbu/config/../module/oauth/decorator.py\", line 48, in _wrapped_view\n    return view_func(request, *args, **kwargs)\n  File \"/var/www/otherbu/config/../module/ajax/views.py\", line 140, in get_sugetst\n    obj_xml = GetGoogleSuggest(search_text, 10)\n  File \"/var/www/otherbu/config/../module/misc/get_googlesuggest.py\", line 18, in __init__\n    obj_xml = ElementTree(XML(text))\n  File \"/usr/lib/python2.7/xml/etree/ElementTree.py\", line 1302, in XML\n    return parser.close()\n  File \"/usr/lib/python2.7/xml/etree/ElementTree.py\", line 1655, in close\n    self._raiseerror(v)\n  File \"/usr/lib/python2.7/xml/etree/ElementTree.py\", line 1507, in _raiseerror\n    raise err\nParseError: no element found: line 1, column 0\n','<QueryDict: {}>'),(7,'2015-07-27 10:35:54','1','get_suggest','/get_suggest/?input=c%23&json=true&limit=10','ParseError','no element found: line 1, column 0','Traceback (most recent call last):\n  File \"/usr/local/lib/python2.7/dist-packages/django/core/handlers/base.py\", line 111, in get_response\n    response = callback(request, *callback_args, **callback_kwargs)\n  File \"/usr/local/lib/python2.7/dist-packages/newrelic-2.50.0.39/newrelic/hooks/framework_django.py\", line 499, in wrapper\n    return wrapped(*args, **kwargs)\n  File \"/var/www/otherbu/config/../module/oauth/decorator.py\", line 48, in _wrapped_view\n    return view_func(request, *args, **kwargs)\n  File \"/var/www/otherbu/config/../module/ajax/views.py\", line 140, in get_sugetst\n    obj_xml = GetGoogleSuggest(search_text, 10)\n  File \"/var/www/otherbu/config/../module/misc/get_googlesuggest.py\", line 18, in __init__\n    obj_xml = ElementTree(XML(text))\n  File \"/usr/lib/python2.7/xml/etree/ElementTree.py\", line 1302, in XML\n    return parser.close()\n  File \"/usr/lib/python2.7/xml/etree/ElementTree.py\", line 1655, in close\n    self._raiseerror(v)\n  File \"/usr/lib/python2.7/xml/etree/ElementTree.py\", line 1507, in _raiseerror\n    raise err\nParseError: no element found: line 1, column 0\n','<QueryDict: {}>'),(8,'2015-07-27 10:35:55','1','get_suggest','/get_suggest/?input=c%23+&json=true&limit=10','ParseError','no element found: line 1, column 0','Traceback (most recent call last):\n  File \"/usr/local/lib/python2.7/dist-packages/django/core/handlers/base.py\", line 111, in get_response\n    response = callback(request, *callback_args, **callback_kwargs)\n  File \"/usr/local/lib/python2.7/dist-packages/newrelic-2.50.0.39/newrelic/hooks/framework_django.py\", line 499, in wrapper\n    return wrapped(*args, **kwargs)\n  File \"/var/www/otherbu/config/../module/oauth/decorator.py\", line 48, in _wrapped_view\n    return view_func(request, *args, **kwargs)\n  File \"/var/www/otherbu/config/../module/ajax/views.py\", line 140, in get_sugetst\n    obj_xml = GetGoogleSuggest(search_text, 10)\n  File \"/var/www/otherbu/config/../module/misc/get_googlesuggest.py\", line 18, in __init__\n    obj_xml = ElementTree(XML(text))\n  File \"/usr/lib/python2.7/xml/etree/ElementTree.py\", line 1302, in XML\n    return parser.close()\n  File \"/usr/lib/python2.7/xml/etree/ElementTree.py\", line 1655, in close\n    self._raiseerror(v)\n  File \"/usr/lib/python2.7/xml/etree/ElementTree.py\", line 1507, in _raiseerror\n    raise err\nParseError: no element found: line 1, column 0\n','<QueryDict: {}>'),(9,'2015-07-27 10:35:58','1','get_suggest','/get_suggest/?input=c%23+swi&json=true&limit=10','ParseError','no element found: line 1, column 0','Traceback (most recent call last):\n  File \"/usr/local/lib/python2.7/dist-packages/django/core/handlers/base.py\", line 111, in get_response\n    response = callback(request, *callback_args, **callback_kwargs)\n  File \"/usr/local/lib/python2.7/dist-packages/newrelic-2.50.0.39/newrelic/hooks/framework_django.py\", line 499, in wrapper\n    return wrapped(*args, **kwargs)\n  File \"/var/www/otherbu/config/../module/oauth/decorator.py\", line 48, in _wrapped_view\n    return view_func(request, *args, **kwargs)\n  File \"/var/www/otherbu/config/../module/ajax/views.py\", line 140, in get_sugetst\n    obj_xml = GetGoogleSuggest(search_text, 10)\n  File \"/var/www/otherbu/config/../module/misc/get_googlesuggest.py\", line 18, in __init__\n    obj_xml = ElementTree(XML(text))\n  File \"/usr/lib/python2.7/xml/etree/ElementTree.py\", line 1302, in XML\n    return parser.close()\n  File \"/usr/lib/python2.7/xml/etree/ElementTree.py\", line 1655, in close\n    self._raiseerror(v)\n  File \"/usr/lib/python2.7/xml/etree/ElementTree.py\", line 1507, in _raiseerror\n    raise err\nParseError: no element found: line 1, column 0\n','<QueryDict: {}>'),(10,'2015-07-27 10:35:59','1','get_suggest','/get_suggest/?input=c%23+switch&json=true&limit=10','ParseError','no element found: line 1, column 0','Traceback (most recent call last):\n  File \"/usr/local/lib/python2.7/dist-packages/django/core/handlers/base.py\", line 111, in get_response\n    response = callback(request, *callback_args, **callback_kwargs)\n  File \"/var/www/otherbu/config/../module/oauth/decorator.py\", line 48, in _wrapped_view\n    return view_func(request, *args, **kwargs)\n  File \"/var/www/otherbu/config/../module/ajax/views.py\", line 140, in get_sugetst\n    obj_xml = GetGoogleSuggest(search_text, 10)\n  File \"/var/www/otherbu/config/../module/misc/get_googlesuggest.py\", line 18, in __init__\n    obj_xml = ElementTree(XML(text))\n  File \"/usr/lib/python2.7/xml/etree/ElementTree.py\", line 1302, in XML\n    return parser.close()\n  File \"/usr/lib/python2.7/xml/etree/ElementTree.py\", line 1655, in close\n    self._raiseerror(v)\n  File \"/usr/lib/python2.7/xml/etree/ElementTree.py\", line 1507, in _raiseerror\n    raise err\nParseError: no element found: line 1, column 0\n','<QueryDict: {}>'),(11,'2015-07-27 10:36:00','1','get_suggest','/get_suggest/?input=c%23+switch+&json=true&limit=10','ParseError','no element found: line 1, column 0','Traceback (most recent call last):\n  File \"/usr/local/lib/python2.7/dist-packages/django/core/handlers/base.py\", line 111, in get_response\n    response = callback(request, *callback_args, **callback_kwargs)\n  File \"/var/www/otherbu/config/../module/oauth/decorator.py\", line 48, in _wrapped_view\n    return view_func(request, *args, **kwargs)\n  File \"/var/www/otherbu/config/../module/ajax/views.py\", line 140, in get_sugetst\n    obj_xml = GetGoogleSuggest(search_text, 10)\n  File \"/var/www/otherbu/config/../module/misc/get_googlesuggest.py\", line 18, in __init__\n    obj_xml = ElementTree(XML(text))\n  File \"/usr/lib/python2.7/xml/etree/ElementTree.py\", line 1302, in XML\n    return parser.close()\n  File \"/usr/lib/python2.7/xml/etree/ElementTree.py\", line 1655, in close\n    self._raiseerror(v)\n  File \"/usr/lib/python2.7/xml/etree/ElementTree.py\", line 1507, in _raiseerror\n    raise err\nParseError: no element found: line 1, column 0\n','<QueryDict: {}>'),(12,'2015-07-27 10:36:02','1','get_suggest','/get_suggest/?input=c%23+switch+%E4%BB%A3%E5%85%A5&json=true&limit=10','ParseError','no element found: line 1, column 0','Traceback (most recent call last):\n  File \"/usr/local/lib/python2.7/dist-packages/django/core/handlers/base.py\", line 111, in get_response\n    response = callback(request, *callback_args, **callback_kwargs)\n  File \"/usr/local/lib/python2.7/dist-packages/newrelic-2.50.0.39/newrelic/hooks/framework_django.py\", line 499, in wrapper\n    return wrapped(*args, **kwargs)\n  File \"/var/www/otherbu/config/../module/oauth/decorator.py\", line 48, in _wrapped_view\n    return view_func(request, *args, **kwargs)\n  File \"/var/www/otherbu/config/../module/ajax/views.py\", line 140, in get_sugetst\n    obj_xml = GetGoogleSuggest(search_text, 10)\n  File \"/var/www/otherbu/config/../module/misc/get_googlesuggest.py\", line 18, in __init__\n    obj_xml = ElementTree(XML(text))\n  File \"/usr/lib/python2.7/xml/etree/ElementTree.py\", line 1302, in XML\n    return parser.close()\n  File \"/usr/lib/python2.7/xml/etree/ElementTree.py\", line 1655, in close\n    self._raiseerror(v)\n  File \"/usr/lib/python2.7/xml/etree/ElementTree.py\", line 1507, in _raiseerror\n    raise err\nParseError: no element found: line 1, column 0\n','<QueryDict: {}>'),(13,'2015-07-28 17:32:05','1','get_suggest','/get_suggest/?input=+Argument+%60%233%27+cannot+convert+%60.Mode%27+expression+to+type+%60object%5B%5D%27&json=true&limit=10','ParseError','no element found: line 1, column 0','Traceback (most recent call last):\n  File \"/usr/local/lib/python2.7/dist-packages/django/core/handlers/base.py\", line 111, in get_response\n    response = callback(request, *callback_args, **callback_kwargs)\n  File \"/usr/local/lib/python2.7/dist-packages/newrelic-2.50.0.39/newrelic/hooks/framework_django.py\", line 499, in wrapper\n    return wrapped(*args, **kwargs)\n  File \"/var/www/otherbu/config/../module/oauth/decorator.py\", line 48, in _wrapped_view\n    return view_func(request, *args, **kwargs)\n  File \"/var/www/otherbu/config/../module/ajax/views.py\", line 140, in get_sugetst\n    obj_xml = GetGoogleSuggest(search_text, 10)\n  File \"/var/www/otherbu/config/../module/misc/get_googlesuggest.py\", line 18, in __init__\n    obj_xml = ElementTree(XML(text))\n  File \"/usr/lib/python2.7/xml/etree/ElementTree.py\", line 1302, in XML\n    return parser.close()\n  File \"/usr/lib/python2.7/xml/etree/ElementTree.py\", line 1655, in close\n    self._raiseerror(v)\n  File \"/usr/lib/python2.7/xml/etree/ElementTree.py\", line 1507, in _raiseerror\n    raise err\nParseError: no element found: line 1, column 0\n','<QueryDict: {}>');
/*!40000 ALTER TABLE `misc_exceptiontraceback` ENABLE KEYS */;
UNLOCK TABLES;

--
-- Table structure for table `oauth_passport`
--

DROP TABLE IF EXISTS `oauth_passport`;
/*!40101 SET @saved_cs_client     = @@character_set_client */;
/*!40101 SET character_set_client = utf8 */;
CREATE TABLE `oauth_passport` (
  `id` int(11) NOT NULL AUTO_INCREMENT,
  `user_id` int(11) NOT NULL,
  `passport` varchar(50) NOT NULL,
  `updated_at` datetime NOT NULL,
  PRIMARY KEY (`id`),
  UNIQUE KEY `oauth_passport_user_id_6eaf68adddbc5702_uniq` (`user_id`,`passport`),
  KEY `oauth_passport_fbfc09f1` (`user_id`),
  KEY `oauth_passport_c0fef265` (`passport`)
) ENGINE=MyISAM AUTO_INCREMENT=7 DEFAULT CHARSET=utf8;
/*!40101 SET character_set_client = @saved_cs_client */;

--
-- Dumping data for table `oauth_passport`
--

LOCK TABLES `oauth_passport` WRITE;
/*!40000 ALTER TABLE `oauth_passport` DISABLE KEYS */;
INSERT INTO `oauth_passport` VALUES (1,1,'a615ac8b-d6fc-4ef5-932e-bb92848463b3','2015-07-20 23:38:18'),(2,2,'293cbfee-9420-437c-9537-a6a61cf21892','2012-12-07 20:31:53'),(3,3,'a8338826-9b58-454e-81fb-31ea55ef4561','2015-04-01 15:55:11'),(4,4,'aa03394a-c1fd-4b50-ad82-4d38920943e9','2014-06-24 03:50:10'),(5,5,'449f7983-fefb-4a39-8719-3b7de51f5779','2015-05-25 22:33:15'),(6,6,'8a3993f2-7211-48e4-b2a5-4e05e3187a42','2015-05-08 03:16:40');
/*!40000 ALTER TABLE `oauth_passport` ENABLE KEYS */;
UNLOCK TABLES;

--
-- Table structure for table `oauth_user`
--

DROP TABLE IF EXISTS `oauth_user`;
/*!40101 SET @saved_cs_client     = @@character_set_client */;
/*!40101 SET character_set_client = utf8 */;
CREATE TABLE `oauth_user` (
  `id` int(11) NOT NULL AUTO_INCREMENT,
  `type` varchar(50) NOT NULL,
  `type_id` varchar(255) NOT NULL,
  `name` varchar(50) NOT NULL,
  `user_dir` varchar(20) NOT NULL,
  `access_token_key` varchar(255) NOT NULL,
  `access_token_secret` varchar(255) NOT NULL,
  `created_at` datetime NOT NULL,
  `page_id` int(11) NOT NULL,
  `sync_flag` tinyint(1) NOT NULL,
  `updated_at` datetime NOT NULL,
  `use_mobile` tinyint(1) NOT NULL,
  PRIMARY KEY (`id`),
  UNIQUE KEY `oauth_user_type_62c317300c26d4a8_uniq` (`type`,`type_id`)
) ENGINE=MyISAM AUTO_INCREMENT=7 DEFAULT CHARSET=utf8;
/*!40101 SET character_set_client = @saved_cs_client */;

--
-- Dumping data for table `oauth_user`
--

LOCK TABLES `oauth_user` WRITE;
/*!40000 ALTER TABLE `oauth_user` DISABLE KEYS */;
INSERT INTO `oauth_user` VALUES (1,'facebook','100002656600488','Ryo  Fujimoto','100002656600488','CAACbJuHSjFIBAHj4vnB7cZCZAqZCarJ7awxDkpYAbuUZA37oC4MQ4OpZAisM1v9KVg63GjAZB2jQzKs9xc8BkZCycrwc37DvW5O0eZBMB4qKTCxxu7WiZB9rLuwYcJEulWSfIqoyXYXG9sWCxAW2E9PQcFhplvtLI3z4ypZCeQWNQGVaVydAjFRuMU4Rni6ywySSdbXKblscYjZANZBFiAoNr5Y2','','2012-05-11 01:59:27',18,1,'2015-07-20 23:38:18',1),(2,'facebook','675442380','Youhei Nitta','youhei','AAACbJuHSjFIBAKMwnhoMQLTFPKIPB5hYGrlZBknoOOR4sZCAX3uCjZBOGcBfRPlYw5SlaZAju1Fx8TOEdcds9AZA77KwGXfzupABhJG6GdgZDZD','','2012-12-07 20:31:52',0,1,'2015-05-07 00:00:00',0),(3,'facebook','100000488645678','Atsuko Anan','atsuko.anan','CAACbJuHSjFIBAO8ZCniK4aXIZCiVZClipngZAW68JXeP30Yq4KVrpZALpgZC2GBDcR8gGMrjHaojJrJENyQqaaoy1qM7BZCKq0vJwZAJbCoASZAxZCi2ZAyKD5lXAPrYzEzTode6VwsL5ivW3czOCPD6sATph94COUc8hRVfLIT9Vjn4lHMnsAOYhaS3AxmhdPMqtZB','','2012-12-07 20:32:19',0,1,'2015-05-07 00:00:00',0),(4,'twitter','433127406','a2roo','a2roo','433127406-tC4G8yVNlX7N3CIae5oITPuAOJi2kq51RlyYiXat','bfzioNsjT8mPxeWwRPepmGLHCu1x5p8NtdPgYGZjvvE','2013-02-19 01:07:33',0,1,'2015-05-07 00:00:00',0),(5,'twitter','330627872','fujimisakari','fujimisakari','330627872-6cPB05LNO7ugdwGCuuNHJdeawyk0rGOrc8F3DtxJ','7gMCCrIyBhDhvHht1dWUZ748sHlfaLl3fpKeRMs','2013-03-31 04:44:24',0,1,'2015-05-07 00:00:00',0),(6,'twitter','1317093182','demo_otherbu','demo_otherbu','1317093182-dDP24lPpBtGoPtktsMhXIssejmeEtNAMdoF8EYa','cYvZMF71f8wsVkifHKoZYFzJyOexcpCdsNr1ZWoWc','2013-03-31 05:12:46',0,1,'2015-05-07 00:00:00',0);
/*!40000 ALTER TABLE `oauth_user` ENABLE KEYS */;
UNLOCK TABLES;

--
-- Table structure for table `portal_category`
--

DROP TABLE IF EXISTS `portal_category`;
/*!40101 SET @saved_cs_client     = @@character_set_client */;
/*!40101 SET character_set_client = utf8 */;
CREATE TABLE `portal_category` (
  `id` int(11) NOT NULL AUTO_INCREMENT,
  `name` varchar(100) COLLATE utf8_unicode_ci NOT NULL,
  `angle` int(11) NOT NULL,
  `sort` int(11) DEFAULT NULL,
  `color` varchar(10) COLLATE utf8_unicode_ci NOT NULL,
  `tag_open` tinyint(1) NOT NULL,
  `del_flg` tinyint(1) NOT NULL,
  PRIMARY KEY (`id`)
) ENGINE=MyISAM AUTO_INCREMENT=25 DEFAULT CHARSET=utf8 COLLATE=utf8_unicode_ci;
/*!40101 SET character_set_client = @saved_cs_client */;

--
-- Dumping data for table `portal_category`
--

LOCK TABLES `portal_category` WRITE;
/*!40000 ALTER TABLE `portal_category` DISABLE KEYS */;
INSERT INTO `portal_category` VALUES (1,'test',3,3,'red',0,1),(3,'',2,6,'blue',0,0),(2,'sns',2,1,'orange',1,0),(4,'',2,7,'blue',0,0),(5,'emacs',3,5,'forest',0,0),(6,'test2',3,2,'dodger',0,1),(7,'',3,1,'orange',0,1),(8,'',2,3,'purple',1,0),(9,'',2,4,'purple',1,0),(12,'python',3,4,'forest',0,0),(10,'',1,3,'dodger',1,0),(11,'gumi',1,1,'red',1,0),(13,'MySite',2,2,'purple',1,0),(14,'MAC',3,3,'forest',0,0),(15,'perl',3,8,'grey',0,0),(16,'MySQL',3,9,'grey',0,0),(17,'Screen',3,10,'grey',0,0),(18,'Network',3,11,'grey',0,0),(19,'jenkins',3,2,'forest',0,0),(20,'Django',3,1,'forest',0,0),(21,'SNS',2,5,'purple',1,0),(22,'CSS',3,6,'forest',0,0),(23,'work jenkins',1,2,'white',0,1),(24,'selenum',3,7,'forest',0,0);
/*!40000 ALTER TABLE `portal_category` ENABLE KEYS */;
UNLOCK TABLES;

--
-- Table structure for table `portal_entry`
--

DROP TABLE IF EXISTS `portal_entry`;
/*!40101 SET @saved_cs_client     = @@character_set_client */;
/*!40101 SET character_set_client = utf8 */;
CREATE TABLE `portal_entry` (
  `id` int(11) NOT NULL AUTO_INCREMENT,
  `category_id` int(11) NOT NULL,
  `name` varchar(200) COLLATE utf8_unicode_ci NOT NULL,
  `url` varchar(200) COLLATE utf8_unicode_ci NOT NULL,
  `sort` int(11) DEFAULT NULL,
  `del_flg` tinyint(1) NOT NULL,
  PRIMARY KEY (`id`),
  KEY `portal_entry_42dc49bc` (`category_id`)
) ENGINE=MyISAM AUTO_INCREMENT=44 DEFAULT CHARSET=utf8 COLLATE=utf8_unicode_ci;
/*!40101 SET character_set_client = @saved_cs_client */;

--
-- Dumping data for table `portal_entry`
--

LOCK TABLES `portal_entry` WRITE;
/*!40000 ALTER TABLE `portal_entry` DISABLE KEYS */;
INSERT INTO `portal_entry` VALUES (1,1,'','http://itjpn.co.jp',1,0),(2,2,'Facebook -  -  ()','http://facebook.com',1,0),(3,3,'YouTube - Broadcast Yourself  ','http://youtube.co.jp',1,0),(4,4,'Google','http://google.co.jp',1,0),(5,4,'Yahoo! JAPAN','http://yahoo.co.jp',2,0),(6,5,'Yahoo! JAPAN','http://yahoo.co.jp',2,1),(7,3,'()','http://nicovideo.jp',2,1),(8,1,'','http://www.torich.jp/index.php',2,0),(9,5,'Emacs23 (Cocoa Emacs)  : ','http://sakito.jp/emacs/emacs23.html',1,0),(10,8,'fujimisakari','http://d.hatena.ne.jp/fujimisakari/',1,0),(11,9,'trac','http://fujimo-net.com/trac/project',1,1),(12,10,'','http://redmine.adm.gu3.jp/projects/genjyuhime/wiki/%E7%92%B0%E5%A2%83%E6%A7%8B%E7%AF%89',1,0),(13,11,'web','https://mail.google.com/a/gu3.co.jp/#inbox',1,0),(14,11,'','https://www.biz.bit-drive.ne.jp/itr/itrview/cmn/Cmn3_0_0.jsp',2,0),(15,12,'pip','http://d.hatena.ne.jp/rudi/20110107/1294409385',1,0),(16,2,'  : ATND','http://atnd.org/',2,1),(17,2,'Twitter','https://twitter.com/',3,0),(18,8,' - fujimisakari ','http://b.hatena.ne.jp/fujimisakari',2,0),(19,13,'MEDIA SERVER','http://fujimo-net.com/media',1,0),(20,13,'trac','http://fujimo-net.com/trac/project',2,0),(21,9,'Google Reader','http://www.google.co.jp/reader/',2,0),(22,9,'  : ATND','http://atnd.org/',3,0),(23,13,'GitHub(fujimisakari)','https://github.com/fujimisakari',3,0),(24,3,'()','http://www.nicovideo.jp/video_top/',2,0),(25,13,'Tweet Quest','http://tweet-quest.com',4,0),(26,14,'Xcode4.3, Mac OS X Lion','http://d.hatena.ne.jp/yoppiblog/20120414/setting_build_tools_on_mac_osx_lion',1,0),(27,10,'','https://docs.google.com/a/gu3.co.jp/spreadsheet/ccc?key=0AvrYsYc0HlA2dE5yVHBPRkh3blB2UE43NHpkb1VvRWc#gid=4',2,0),(28,10,'Redmine','http://redmine.adm.gu3.jp/projects/genjyuhime/issues?query_id=155',3,0),(29,10,'_','http://redmine.adm.gu3.jp/projects/genjyuhime/versions/220',4,0),(30,10,'wiki','http://redmine.adm.gu3.jp/projects/genjyuhime/wiki',5,0),(31,11,'jenkins()','http://10.0.8.77:8080/',3,0),(32,14,'Homebrew | CAPH TECH','http://tech.caph.jp/2011/04/06/homebrew%E3%81%AE%E5%B0%8E%E5%85%A5%E3%81%A8%E4%BD%BF%E3%81%84%E6%96%B9/',2,0),(33,12,'gagandeep/facebook-OAuth-python-sdk  GitHub','https://github.com/gagandeep/facebook-OAuth-python-sdk',2,0),(34,19,'kmmbvnr/django-jenkins  GitHub','https://github.com/kmmbvnr/django-jenkins',1,0),(35,19,'Jenkins-Python','http://d.hatena.ne.jp/kuma8/20110204/1296828869',2,0),(36,20,'Djangoaaa','http://d.hatena.ne.jp/mi_kattun/20080823/1219329846',1,0),(37,12,'python_list','http://d.hatena.ne.jp/yumimue/20071205/1196839438',3,0),(38,21,'Facebook Developers','https://developers.facebook.com/apps',1,0),(39,21,'Twitter Developers','https://dev.twitter.com/apps',2,0),(40,22,'CSS Gradient Background Maker','http://ie.microsoft.com/testdrive/Graphics/CSSGradientBackgroundMaker/',1,0),(41,11,'jenkins()','http://jenkins-master.gu3.jp:8080/',4,0),(42,24,'FirefoxDriver Tips - CODESCRIBBLE','http://hutyao.hatenablog.com/entry/2011/12/09/153634',1,0),(43,11,'','http://localhost:8080/m/',5,0);
/*!40000 ALTER TABLE `portal_entry` ENABLE KEYS */;
UNLOCK TABLES;

--
-- Table structure for table `setting_bookmark`
--

DROP TABLE IF EXISTS `setting_bookmark`;
/*!40101 SET @saved_cs_client     = @@character_set_client */;
/*!40101 SET character_set_client = utf8 */;
CREATE TABLE `setting_bookmark` (
  `id` int(11) NOT NULL AUTO_INCREMENT,
  `user_id` int(11) NOT NULL,
  `category_id` int(11) NOT NULL,
  `name` varchar(200) NOT NULL,
  `url` varchar(200) NOT NULL,
  `sort` int(11) DEFAULT NULL,
  `mobile_id` varchar(100),
  `sync_flag` tinyint(1) NOT NULL,
  `updated_at` datetime NOT NULL,
  PRIMARY KEY (`id`),
  KEY `setting_bookmark_fbfc09f1` (`user_id`),
  KEY `setting_bookmark_user_id_347f483720b7acbc` (`user_id`,`category_id`),
  KEY `setting_bookmark_user_id_3675f83e366474e8` (`user_id`,`sync_flag`)
) ENGINE=MyISAM AUTO_INCREMENT=853 DEFAULT CHARSET=utf8;
/*!40101 SET character_set_client = @saved_cs_client */;

--
-- Dumping data for table `setting_bookmark`
--

LOCK TABLES `setting_bookmark` WRITE;
/*!40000 ALTER TABLE `setting_bookmark` DISABLE KEYS */;
INSERT INTO `setting_bookmark` VALUES (1,1,1,'YouTube - Broadcast Yourself  ','http://youtube.co.jp',1,NULL,1,'2015-05-07 00:00:00'),(2,1,1,'()','http://www.nicovideo.jp/video_top/',2,NULL,1,'2015-05-07 00:00:00'),(3,1,2,'Facebook -  -  ()','http://facebook.com',1,NULL,1,'2015-05-07 00:00:00'),(4,1,2,'Twitter','https://twitter.com/',3,NULL,1,'2015-05-07 00:00:00'),(5,1,3,'Google','http://google.co.jp',1,NULL,1,'2015-05-07 00:00:00'),(6,1,3,'Yahoo! JAPAN','http://yahoo.co.jp',2,NULL,1,'2015-05-07 00:00:00'),(7,1,7,'pip','http://d.hatena.ne.jp/rudi/20110107/1294409385',1,NULL,1,'2015-05-07 00:00:00'),(8,1,7,'gagandeep/facebook-OAuth-python-sdk  GitHub','https://github.com/gagandeep/facebook-OAuth-python-sdk',2,NULL,1,'2015-05-07 00:00:00'),(9,1,7,'python_list','http://d.hatena.ne.jp/yumimue/20071205/1196839438',3,NULL,1,'2015-05-07 00:00:00'),(10,1,4,'Emacs23 (Cocoa Emacs)  : ','http://sakito.jp/emacs/emacs23.html',1,NULL,1,'2015-05-07 00:00:00'),(685,1,150,'','http://marupeke296.com/GameMain.html',6,NULL,1,'2015-05-07 00:00:00'),(14,1,10,'trac','http://trac.fujimisakari.com',3,NULL,1,'2015-05-07 00:00:00'),(15,1,2,'GitHub(fujimisakari)','https://github.com/fujimisakari',7,NULL,1,'2015-05-07 00:00:00'),(16,1,10,'Tweet Quest','http://tweet-quest.com',5,NULL,1,'2015-05-07 00:00:00'),(172,5,45,'','http://www.sumo.or.jp/',2,NULL,1,'2015-05-07 00:00:00'),(173,5,45,' ','http://tabelog.com/',1,NULL,1,'2015-05-07 00:00:00'),(22,1,9,'web','https://mail.google.com/a/gu3.co.jp/#inbox',1,NULL,1,'2015-05-07 00:00:00'),(184,1,10,'OtherBu (dev)','http://dev.otherbu.com',4,NULL,1,'2015-05-07 00:00:00'),(26,1,19,'CSS Gradient Background Maker','http://ie.microsoft.com/testdrive/Graphics/CSSGradientBackgroundMaker/',1,NULL,1,'2015-05-07 00:00:00'),(27,1,20,'FirefoxDriver Tips - CODESCRIBBLE','http://hutyao.hatenablog.com/entry/2011/12/09/153634',1,NULL,1,'2015-05-07 00:00:00'),(163,1,8,'gree_dev02','http://genju-hime02.dev2.gu3.jp/accounts/login/?next=/survey/',6,NULL,1,'2015-05-07 00:00:00'),(164,5,42,'YouTube - Broadcast Yourself  ','http://youtube.co.jp',1,NULL,1,'2015-05-07 00:00:00'),(165,5,42,'()','http://www.nicovideo.jp/video_top/',2,NULL,1,'2015-05-07 00:00:00'),(166,5,43,'Facebook -  -  ()','http://facebook.com',1,NULL,1,'2015-05-07 00:00:00'),(167,5,43,'Twitter','https://twitter.com/',2,NULL,1,'2015-05-07 00:00:00'),(168,5,43,'  [mixi()]','http://mixi.jp/',3,NULL,1,'2015-05-07 00:00:00'),(37,1,19,'CSS Gradient Background Maker','http://ie.microsoft.com/testdrive/Graphics/CSSGradientBackgroundMaker/',1,NULL,1,'2015-05-07 00:00:00'),(38,1,20,'FirefoxDriver Tips - CODESCRIBBLE','http://hutyao.hatenablog.com/entry/2011/12/09/153634',1,NULL,1,'2015-05-07 00:00:00'),(39,1,17,'Djangoaaa','http://d.hatena.ne.jp/mi_kattun/20080823/1219329846',1,NULL,1,'2015-05-07 00:00:00'),(40,1,11,'Xcode4.3, Mac OS X Lion','http://d.hatena.ne.jp/yoppiblog/20120414/setting_build_tools_on_mac_osx_lion',1,NULL,1,'2015-05-07 00:00:00'),(41,1,11,'Homebrew | CAPH TECH','http://tech.caph.jp/2011/04/06/homebrew%E3%81%AE%E5%B0%8E%E5%85%A5%E3%81%A8%E4%BD%BF%E3%81%84%E6%96%B9/',2,NULL,1,'2015-05-07 00:00:00'),(42,1,10,'fujimisakari','http://d.hatena.ne.jp/fujimisakari/',9,NULL,1,'2015-05-07 00:00:00'),(684,1,2,'Qiita - ','http://qiita.com/',8,NULL,1,'2015-05-07 00:00:00'),(44,1,16,'kmmbvnr/django-jenkins  GitHub','https://github.com/kmmbvnr/django-jenkins',1,NULL,1,'2015-05-07 00:00:00'),(45,1,16,'Jenkins-Python','http://d.hatena.ne.jp/kuma8/20110204/1296828869',2,NULL,1,'2015-05-07 00:00:00'),(46,1,18,'Facebook Developers','https://developers.facebook.com/apps',1,NULL,1,'2015-05-07 00:00:00'),(47,1,18,'Twitter Developers','https://dev.twitter.com/apps',2,NULL,1,'2015-05-07 00:00:00'),(48,1,17,'DjangoURLview - ','http://d.hatena.ne.jp/mi_kattun/20080823/1219329846',2,NULL,1,'2015-05-07 00:00:00'),(171,5,45,'','http://www.kamisoriclub.co.jp/',3,NULL,1,'2015-05-07 00:00:00'),(51,1,20,'Selenium Documentation','http://www.storklab.com/seleniumhq.org/docs/03_webdriver.html',2,NULL,1,'2015-05-07 00:00:00'),(52,1,20,'Selenium2(WebDriver)Flash - ','http://d.hatena.ne.jp/kamatama_41/20120430/1335790004',3,NULL,1,'2015-05-07 00:00:00'),(53,1,21,'Python  (or unittest2) -- Kosei Kitahara\'s Blog','http://surgo.jp/2011/12/python-or-unittest2.html',1,NULL,1,'2015-05-07 00:00:00'),(54,1,21,'Python 2.7ja1 documentation','http://www.python.jp/doc/release/library/unittest.html',2,NULL,1,'2015-05-07 00:00:00'),(55,1,7,' | ','http://jutememo.blogspot.jp/2008/10/python-2.html',4,NULL,1,'2015-05-07 00:00:00'),(56,1,20,'webdirver useing sample','http://dhirendrajha.wordpress.com/2011/11/10/example-webdriver-using-python/',4,NULL,1,'2015-05-07 00:00:00'),(569,1,9,'google docs ','https://drive.google.com/a/gu3.co.jp/#all',7,NULL,1,'2015-05-07 00:00:00'),(59,1,22,'GREE','http://tgames.gree.jp/',1,NULL,1,'2015-05-07 00:00:00'),(62,1,22,' - GREE','http://pf.gree.jp/3392?from_tgame=myapp3392',2,NULL,1,'2015-05-07 00:00:00'),(64,1,22,'II - GREE','http://pf.gree.jp/52772',3,NULL,1,'2015-05-07 00:00:00'),(65,1,23,'','http://sp.mbga.jp/',1,NULL,1,'2015-05-07 00:00:00'),(66,1,23,'  - (Mobage) by DeNA','http://sp.pf.mbga.jp/12008305/?guid=ON',2,NULL,1,'2015-05-07 00:00:00'),(742,3,134,'Unity2d ()  - Qiita','http://qiita.com/yxuyxu/items/ffec547e9b93cfd2b99d',25,NULL,1,'2015-05-07 00:00:00'),(68,1,20,'Live - ','http://b.hatena.ne.jp/articles/201012/2098',5,NULL,1,'2015-05-07 00:00:00'),(169,5,44,'Google','http://google.co.jp',1,NULL,1,'2015-05-07 00:00:00'),(170,5,44,'Yahoo! JAPAN','http://yahoo.co.jp',2,NULL,1,'2015-05-07 00:00:00'),(70,1,20,'Selenium RC + PHPUnit','http://colo-ri.jp/develop/2008/03/selenium_rc_phpunit.html',6,NULL,1,'2015-05-07 00:00:00'),(71,1,20,'selenium/div - SandBox','http://www.ark-web.jp/sandbox/wiki/120.html',7,NULL,1,'2015-05-07 00:00:00'),(72,1,11,'Mac OS X Lion  emacs-appmigemo - ','http://d.hatena.ne.jp/ground256/20111008/1318063872',3,NULL,1,'2015-05-07 00:00:00'),(74,1,8,'gree_manage','https://gh-nfs.gu3.jp/accounts/login/?next=/survey/',1,NULL,1,'2015-05-07 00:00:00'),(75,1,22,' - GREE','http://pf.gree.jp/55446',4,NULL,1,'2015-05-07 00:00:00'),(76,1,9,'GNA','http://gna.gu3.jp/',4,NULL,1,'2015-05-07 00:00:00'),(77,1,1,' convert nicovideo to mp3 online','http://nicosound.anyap.info/',3,NULL,1,'2015-05-07 00:00:00'),(79,1,9,'','https://sites.google.com/a/gu3.co.jp/members-directory/home/fukuoka-office',9,NULL,1,'2015-05-07 00:00:00'),(80,1,7,'python()','http://php6.jp/python/basics/%E3%82%B9%E3%82%B3%E3%83%BC%E3%83%97/class/',5,NULL,1,'2015-05-07 00:00:00'),(81,1,22,' - GREE','http://tdig.gree.jp/',5,NULL,1,'2015-05-07 00:00:00'),(697,1,137,'shink_dgame','http://sink.gu3.jp/app/dgh',5,NULL,1,'2015-05-07 00:00:00'),(83,1,22,'GREE API','https://docs.developer.gree.net/ja/globaltechnicalspecs/api/',6,NULL,1,'2015-05-07 00:00:00'),(86,1,7,'Python  self  - YoshioriBlog','http://d.hatena.ne.jp/Yoshiori/20090716/1247720811',6,NULL,1,'2015-05-07 00:00:00'),(87,1,4,'wanderlust','http://quruli.ivory.ne.jp/document/wl_2.14.0/wl-ja_toc.html#SEC_Contents',2,NULL,1,'2015-05-07 00:00:00'),(162,3,33,'jQuery - NAVER ','http://matome.naver.jp/odai/2132616911530364801',2,NULL,1,'2015-05-07 00:00:00'),(90,1,24,'GREE Sandbox','http://sb.gree.jp/?action=home#group=home&action=api_app_list&developer_id=26&tab=stream_home',1,NULL,1,'2015-05-07 00:00:00'),(849,1,2,'LinkedIn','https://www.linkedin.com/profile/preview?locale=ja_JP&trk=prof-0-sb-preview-primary-button',10,NULL,1,'2015-05-07 00:00:00'),(571,3,134,'Audio Files - Unity Manual','http://ws.cis.sojo-u.ac.jp/~izumi/Unity_Documentation_jp/Documentation/Manual/Audio%20Files.html',5,NULL,1,'2015-05-07 00:00:00'),(93,1,14,'GNU Screen - blog.remora.cx','http://blog.remora.cx/2010/02/gnu-screen.html',1,NULL,1,'2015-05-07 00:00:00'),(616,3,33,'API2013 | Find Job ! Startup','http://www.find-job.net/startup/api-2013',5,NULL,1,'2015-05-07 00:00:00'),(95,1,137,'shink_gree','http://sink.gu3.jp',3,NULL,1,'2015-05-07 00:00:00'),(644,1,146,'(C# )','http://ufcpp.net/study/csharp/sp2_generics.html',6,NULL,1,'2015-05-07 00:00:00'),(97,1,3,'iGoogle','http://www.google.co.jp/ig',3,NULL,1,'2015-05-07 00:00:00'),(98,1,26,'DJ/ (Serato,Numark,UREI)) ','http://xtreme-grooves.ocnk.net/',1,NULL,1,'2015-05-07 00:00:00'),(99,1,7,'All messages - PyLint Messages','http://pylint-messages.wikidot.com/all-messages',7,NULL,1,'2015-05-07 00:00:00'),(100,1,7,'pylint','http://www.logilab.org/blogentry/78354',8,NULL,1,'2015-05-07 00:00:00'),(101,1,8,'gree_staging','http://gh-staging-app1.gu3.jp/accounts/login/?next=/survey/',14,NULL,1,'2015-05-07 00:00:00'),(102,1,13,'(): MySQLEXPLAIN!!','http://nippondanji.blogspot.jp/2009/03/mysqlexplain.html?m=1',1,NULL,1,'2015-05-07 00:00:00'),(103,1,17,'south','http://ghe.gu3.jp/gist/69',3,NULL,1,'2015-05-07 00:00:00'),(104,1,17,'Django DateTimeField  auto_now  auto_now_add - Ian Lewis','http://www.ianlewis.org/jp/django-datetimefield-auto_now-auto_now_add',4,NULL,1,'2015-05-07 00:00:00'),(725,3,134,'ppcuni/rpcoder  GitHub Unity(Ruby)','https://github.com/ppcuni/rpcoder',21,NULL,1,'2015-05-07 00:00:00'),(107,1,7,'PY with','http://pyshu.blog111.fc2.com/blog-entry-54.html',9,NULL,1,'2015-05-07 00:00:00'),(108,1,4,'magit.el  - ','http://d.hatena.ne.jp/gom68/20090524/1243170341',3,NULL,1,'2015-05-07 00:00:00'),(109,1,1,'YouTube to MP3 Converter - YoutubeMP3.tv','http://youtubemp3.tv/',4,NULL,1,'2015-05-07 00:00:00'),(110,1,4,'DDSKK - Computer Memorandum ','http://www.gfd-dennou.org/member/uwabami/cc-env/Emacs/ddskk_config.html',4,NULL,1,'2015-05-07 00:00:00'),(111,1,17,'Yahoo! JAPAN','http://yahoo.co.jp',1,NULL,1,'2015-05-07 00:00:00'),(112,3,27,'! iPhone (26) AR (1) -  | SE | ','http://news.mynavi.jp/column/iphone/026/index.html',1,NULL,1,'2015-05-07 00:00:00'),(113,2,28,' (1/2) : J-CAST','http://www.j-cast.com/mono/2012/12/04156531.html',1,NULL,1,'2015-05-07 00:00:00'),(718,3,157,'AWSrails - Qiita','http://qiita.com/dahugani/items/858b3979c0da8ecafdbb',5,NULL,1,'2015-05-07 00:00:00'),(716,3,157,'[Rails4] migration','http://namakesugi.blog42.fc2.com/blog-entry-157.html',4,NULL,1,'2015-05-07 00:00:00'),(125,3,33,'Online Programming Courses | Learn Programming Online - Learnstreet','http://www.learnstreet.com/',1,NULL,1,'2015-05-07 00:00:00'),(713,3,157,'Ruby on Rails  Rails ','http://railstutorial.jp/',3,NULL,1,'2015-05-07 00:00:00'),(127,3,34,'Emacs Vim Sublime Text ','http://funatti.hatenablog.com/entry/2012/07/13/155629',1,NULL,1,'2015-05-07 00:00:00'),(128,3,34,'Mac OS XSublime Text2 - inkdesign','http://inkdesign.jp/notes/2012/11/29/open-file-by-subl.html',2,NULL,1,'2015-05-07 00:00:00'),(712,3,34,'Vim  Ctrl  - ','http://cohama.hateblo.jp/entry/20121023/1351003586',4,NULL,1,'2015-05-07 00:00:00'),(577,3,134,'NGUI','http://d.hatena.ne.jp/shu223/20120614/1339777051',8,NULL,1,'2015-05-07 00:00:00'),(132,1,23,'! - Mobageby DeNA','http://sp.pf.mbga.jp/12008490',3,NULL,1,'2015-05-07 00:00:00'),(133,1,22,'FF','http://pf.gree.net/57737',7,NULL,1,'2015-05-07 00:00:00'),(570,3,134,'Asset Bundle - Unity Manual','http://docs-jp.unity3d.com/Documentation/Manual/abfaq.html',4,NULL,1,'2015-05-07 00:00:00'),(135,1,4,'.emacs.el - ','http://e-arrows.sakura.ne.jp/2010/03/macros-in-emacs-el.html',5,NULL,1,'2015-05-07 00:00:00'),(737,3,27,'DeployGateiOS - Qiita','http://qiita.com/k_kinukawa/items/bbb3e98239e51fc3c803',6,NULL,1,'2015-05-07 00:00:00'),(137,1,35,'.emacs.el - ','http://e-arrows.sakura.ne.jp/2010/03/macros-in-emacs-el.html',1,NULL,1,'2015-05-07 00:00:00'),(711,3,34,' - ','http://d.hatena.ne.jp/tomerun/20120310/1331397408',3,NULL,1,'2015-05-07 00:00:00'),(710,3,142,'SSHGithub - mon_sat at Co-Edo / ','http://monsat.hatenablog.com/entry/generating-ssh-keys-for-github',3,NULL,1,'2015-05-07 00:00:00'),(709,3,158,'AWSAWS  Developers.IO','http://dev.classmethod.jp/cloud/aws/aws-operational-checklist/',1,NULL,1,'2015-05-07 00:00:00'),(144,1,4,'EmacsFlymakeJavascriptHTML -  - pygo','http://d.hatena.ne.jp/CortYuming/20110920/p1',6,NULL,1,'2015-05-07 00:00:00'),(145,1,19,'HTML Tidy Configuration Options Quick Reference','http://tidy.sourceforge.net/docs/quickref.html',2,NULL,1,'2015-05-07 00:00:00'),(146,1,7,'unoh.github.com by unoh','http://unoh.github.com/2007/08/14/python_3.html',10,NULL,1,'2015-05-07 00:00:00'),(840,1,149,'PUNK Wiki (Confluence)','https://confluence.gu3.jp/pages/viewpage.action?pageId=4784372',1,NULL,1,'2015-05-07 00:00:00'),(148,1,36,'white toolbar icon set','http://gentleface.com/free_icon_set.html#geticons',1,NULL,1,'2015-05-07 00:00:00'),(149,4,37,'YouTube - Broadcast Yourself  ','http://youtube.co.jp',1,NULL,1,'2015-05-07 00:00:00'),(150,4,37,'()','http://www.nicovideo.jp/video_top/',2,NULL,1,'2015-05-07 00:00:00'),(151,4,38,'Facebook -  -  ()','http://facebook.com',1,NULL,1,'2015-05-07 00:00:00'),(152,4,38,'Twitter','https://twitter.com/',2,NULL,1,'2015-05-07 00:00:00'),(153,4,38,'  [mixi()]','http://mixi.jp/',3,NULL,1,'2015-05-07 00:00:00'),(154,4,39,'Google','http://google.co.jp',1,NULL,1,'2015-05-07 00:00:00'),(155,4,39,'Yahoo! JAPAN','http://yahoo.co.jp',2,NULL,1,'2015-05-07 00:00:00'),(156,4,40,'','http://www.kamisoriclub.co.jp/',3,NULL,1,'2015-05-07 00:00:00'),(157,4,40,'','http://www.sumo.or.jp/',2,NULL,1,'2015-05-07 00:00:00'),(158,4,40,' ','http://tabelog.com/',1,NULL,1,'2015-05-07 00:00:00'),(159,3,41,'Social Game Info','http://gamebiz.jp/',1,NULL,1,'2015-05-07 00:00:00'),(161,1,138,'','http://gree.jp/community/4123675',11,NULL,1,'2015-05-07 00:00:00'),(642,1,24,'Mobaga Sandbox','http://sb-sp.mbga.jp/',2,NULL,1,'2015-05-07 00:00:00'),(696,1,137,'shink_mobage','http://sink.gu3.jp/app/mgh',4,NULL,1,'2015-05-07 00:00:00'),(551,1,6,'Website speed test','http://tools.pingdom.com/fpt/',5,NULL,1,'2015-05-07 00:00:00'),(705,1,9,'','https://teamspirit-1216--teamspirit.ap0.visual.force.com/apex/AtkWorkTimeView?sfdc.tabName=01r10000000OEC9',8,NULL,1,'2015-05-07 00:00:00'),(591,1,138,'CS ()','https://gumi-cs.backlog.jp/projects/CSA_G',4,NULL,1,'2015-05-07 00:00:00'),(547,1,7,'UnicodeDecodeError/UnicodeEncodeErrorPython 2.x  - atsuoishimoto http://www.gembook.org','http://d.hatena.ne.jp/atsuoishimoto/20110311/1299805971',11,NULL,1,'2015-05-07 00:00:00'),(543,3,134,'Unity - Unity Manual','http://docs-jp.unity3d.com/',1,NULL,1,'2015-05-07 00:00:00'),(544,3,134,'Unity - ','http://ws.cis.sojo-u.ac.jp/~izumi/Unity_Documentation_jp/Documentation/Manual/User%20Guide.html',2,NULL,1,'2015-05-07 00:00:00'),(542,1,144,'gh()','https://933486922515.signin.aws.amazon.com/console',1,NULL,1,'2015-05-07 00:00:00'),(541,1,36,'(admin templates)Jose','http://admin-template.net/',2,NULL,1,'2015-05-07 00:00:00'),(540,1,133,'GRUB','http://www.geocities.jp/sugachan1973/doc/funto71.html',1,NULL,1,'2015-05-07 00:00:00'),(539,1,4,'nomtats.com: auto-complete.elEmacs','http://www.nomtats.com/2010/11/auto-completeelemacs.html',7,NULL,1,'2015-05-07 00:00:00'),(537,3,33,'git - Undo a merge by pull request? - Stack Overflow','http://stackoverflow.com/questions/6481575/undo-a-merge-by-pull-request',3,NULL,1,'2015-05-07 00:00:00'),(536,1,9,'','https://app02.kaonavi.jp/gu3/index.php/',3,NULL,1,'2015-05-07 00:00:00'),(545,1,36,'Free Logo Maker by GraphicSprings - Create Free Logos - Free Logo Design - Online Tool and Logo Creator to Design Professional Business Logos','http://www.graphicsprings.com/',3,NULL,1,'2015-05-07 00:00:00'),(546,1,136,'','https://docs.google.com/a/gu3.co.jp/spreadsheet/ccc?key=0AvrYsYc0HlA2dDJRbXhzaXIzNEcwVnpCRDRWTHhxVkE#gid=23',2,NULL,1,'2015-05-07 00:00:00'),(548,1,13,' MySQL INDEX + EXPLAIN | ','http://www.infiniteloop.co.jp/blog/2011/03/mysql-index-explain/',2,NULL,1,'2015-05-07 00:00:00'),(638,1,148,'Unity - mcs','http://docs-jp.unity3d.com/Documentation/Manual/UsingDLL.html',3,NULL,1,'2015-05-07 00:00:00'),(640,1,137,'NewRelic','https://rpm.newrelic.com/accounts/480443/applications/3326805',2,NULL,1,'2015-05-07 00:00:00'),(719,3,27,'Xcode5','http://d.hatena.ne.jp/shu223/20140430/1398815420',4,NULL,1,'2015-05-07 00:00:00'),(720,3,159,'T - ','http://sue445.hatenablog.com/entry/2014/07/03/111519',1,NULL,1,'2015-05-07 00:00:00'),(603,3,134,'getSystemServiceActivityclass - yife','http://yife.hateblo.jp/entry/2012/10/29/203330',13,NULL,1,'2015-05-07 00:00:00'),(550,1,10,'book server','http://book.fujimisakari.com',2,NULL,1,'2015-05-07 00:00:00'),(706,3,142,'git-flow - Qiita','http://qiita.com/note109/items/09e72c65c0a0c9e1cc10',2,NULL,1,'2015-05-07 00:00:00'),(552,1,6,'GTmetrix | Website Speed and Performance Optimization','http://gtmetrix.com/',6,NULL,1,'2015-05-07 00:00:00'),(554,1,8,'gree_dev01','http://genju-hime01.dev2.gu3.jp/accounts/login/?next=/survey/',5,NULL,1,'2015-05-07 00:00:00'),(555,1,35,'Modern Common Lisp','http://modern-cl.blogspot.jp/',2,NULL,1,'2015-05-07 00:00:00'),(556,1,35,'SLIME: The Superior Lisp Interaction Mode for Emacs','http://common-lisp.net/project/slime/',3,NULL,1,'2015-05-07 00:00:00'),(557,1,35,'SLIME - Common LISP users jp','http://cl.cddddr.org/index.cgi?SLIME',4,NULL,1,'2015-05-07 00:00:00'),(558,1,35,'M.Hiroi\'s Home Page / xyzzy Lisp Programming ','http://www.geocities.jp/m_hiroi/xyzzy_lisp.html#abclisp',5,NULL,1,'2015-05-07 00:00:00'),(559,1,35,'Emacs  Lisp Hacking','http://lispuser.net/emacs/lisphacking.html',6,NULL,1,'2015-05-07 00:00:00'),(560,1,3,'Amazon.co.jp  - ','http://www.amazon.co.jp/',4,NULL,1,'2015-05-07 00:00:00'),(561,3,135,' --  Wiki*','http://wikiwiki.jp/kancolle/',1,NULL,1,'2015-05-07 00:00:00'),(562,3,135,' DMM.com','http://www.dmm.com/netgame/social/-/gadgets/=/app_id=854854/',2,NULL,1,'2015-05-07 00:00:00'),(563,3,134,'Camera wiki ','http://docs-jp.unity3d.com/Documentation/Manual/Cameras.html',3,NULL,1,'2015-05-07 00:00:00'),(565,1,6,'Programming Languages Influence Network | Exploring Data','http://exploringdata.github.io/vis/programming-languages-influence-network/',8,NULL,1,'2015-05-07 00:00:00'),(566,1,6,'API2013 | Find Job ! Startup','http://www.find-job.net/startup/api-2013',9,NULL,1,'2015-05-07 00:00:00'),(567,1,8,'gree_dev03','http://genju-hime03.dev2.gu3.jp/accounts/login/?next=/survey/',7,NULL,1,'2015-05-07 00:00:00'),(568,1,136,' ','https://docs.google.com/a/gu3.co.jp/spreadsheet/ccc?key=0AtsjnXDadxnQdHNWQWdxNFE0ajkzckxkdUMyb2F6OWc#gid=15',1,NULL,1,'2015-05-07 00:00:00'),(572,3,134,'Text Mesh - Unity Manual','http://docs-jp.unity3d.com/Documentation/Components/class-TextMesh.html',6,NULL,1,'2015-05-07 00:00:00'),(573,3,27,'Instruments wiki','https://developer.apple.com/jp/devcenter/ios/library/documentation/InstrumentsUserGuide.pdf',2,NULL,1,'2015-05-07 00:00:00'),(574,3,134,'','http://www.slideshare.net/RyoheiTokimura/ss-14048278',7,NULL,1,'2015-05-07 00:00:00'),(576,1,134,'NGUI','http://d.hatena.ne.jp/shu223/20120614/1339777051',1,NULL,1,'2015-05-07 00:00:00'),(578,3,134,'Audio Files Unity - Unity Manual','http://docs-jp.unity3d.com/Documentation/Manual/AudioFiles.html',9,NULL,1,'2015-05-07 00:00:00'),(641,1,24,'Mobage Developers Japan','https://developer.dena.jp/mbga/admin/config',3,NULL,1,'2015-05-07 00:00:00'),(581,3,33,'','http://imasele.moritouch.net/',4,NULL,1,'2015-05-07 00:00:00'),(582,3,134,'Unity/ - WisdomSoft','http://www.wisdomsoft.jp/47.html',10,NULL,1,'2015-05-07 00:00:00'),(745,3,134,':   (C#  Visual Basic)','http://msdn.microsoft.com/ja-jp/library/3707x96z.aspx',26,NULL,1,'2015-05-07 00:00:00'),(748,3,159,'ello','https://ello.co/a2co',2,NULL,1,'2015-05-07 00:00:00'),(743,3,142,'git filter-branch | EasyRamble','http://easyramble.com/git-filter-branch.html',6,NULL,1,'2015-05-07 00:00:00'),(744,3,157,'365 | Web365','http://blog.mah-lab.com/',6,NULL,1,'2015-05-07 00:00:00'),(798,3,157,'RailsgemDeviseOmniAuth-TwitterTwitter - Rails Webook','http://ruby-rails.hatenadiary.com/entry/20140805/1407200400',9,NULL,1,'2015-05-07 00:00:00'),(796,3,134,'Unity Cloud BuildUnity - CFlat','http://cflat-inc.hatenablog.com/entry/2015/01/19/074327',33,NULL,1,'2015-05-07 00:00:00'),(609,1,13,': - 12ITpro','http://itpro.nikkeibp.co.jp/article/COLUMN/20060118/227490/?k2',3,NULL,1,'2015-05-07 00:00:00'),(592,1,138,'CS ()','https://gumi-cs.backlog.jp/projects/CSI_G',5,NULL,1,'2015-05-07 00:00:00'),(848,1,149,'(ex_admin)','http://punk-develop.dev2.gu3.jp/ex_admin/',5,NULL,1,'2015-05-07 00:00:00'),(595,1,24,'Debug','https://gumi-cs.backlog.jp/projects/DEB_G',5,NULL,1,'2015-05-07 00:00:00'),(714,3,142,'gitlab - ','http://d.hatena.ne.jp/NU_Pan/20121015/1350309471',4,NULL,1,'2015-05-07 00:00:00'),(715,3,33,'Redis Desktop Manager - Redis GUI management tool for Windows, Mac OS X, Ubuntu and Debian.','http://redisdesktop.com/',12,NULL,1,'2015-05-07 00:00:00'),(717,3,134,'Unity','http://www.slideshare.net/koppepan/unity-16450853',20,NULL,1,'2015-05-07 00:00:00'),(722,3,158,'AWSAWS    - toto_1212','http://toatoshi.hatenablog.com/entry/2014/05/30/205841',2,NULL,1,'2015-05-07 00:00:00'),(600,3,134,'UnityiOS                    - C#  Objective-C          ','http://tech.basicinc.jp/Unity/2013/08/06/unity_ios_native/',12,NULL,1,'2015-05-07 00:00:00'),(601,3,142,'Git submodule  - Qiita []    ','http://qiita.com/sotarok/items/0d525e568a6088f6f6bb',1,NULL,1,'2015-05-07 00:00:00'),(602,3,27,'iOS Dev Center(.p12)  | MUSHIKAGO APPS MEMO','http://mushikago.com/i/?p=306',3,NULL,1,'2015-05-07 00:00:00'),(604,3,134,'UnityAndroid','http://d.hatena.ne.jp/shinobu_siv/20111002/1317565492',14,NULL,1,'2015-05-07 00:00:00'),(605,3,134,'Tech Booster','http://techbooster.jpn.org/andriod/application/3839/',15,NULL,1,'2015-05-07 00:00:00'),(721,3,134,'[Unity][MiniJSON]JSON | CHO DESIGN LAB','http://www.cho-design-lab.com/2013/08/15/unity-minijson-load-json/',21,NULL,1,'2015-05-07 00:00:00'),(607,1,144,'sh()','https://203966542224.signin.aws.amazon.com/console',2,NULL,1,'2015-05-07 00:00:00'),(608,1,144,'gh(dev)','https://976850013184.signin.aws.amazon.com/console',3,NULL,1,'2015-05-07 00:00:00'),(610,1,13,'RDBMS - []51ITpro','http://itpro.nikkeibp.co.jp/article/COLUMN/20080226/294822/',4,NULL,1,'2015-05-07 00:00:00'),(611,1,137,'troll','http://gh-analytics2.gu3.jp/webapp//genju-hime/log',1,NULL,1,'2015-05-07 00:00:00'),(612,1,3,'Impress Watch Headline','http://www.watch.impress.co.jp/',5,NULL,1,'2015-05-07 00:00:00'),(613,1,3,' ','http://paper.li/jobnus_IT/1303274764',6,NULL,1,'2015-05-07 00:00:00'),(614,1,35,'Lisp  Python ','http://www.unixuser.org/~euske/doc/python/python-lisp-j.html',7,NULL,1,'2015-05-07 00:00:00'),(617,1,7,' -  - Python','http://www.pythonweb.jp/tutorial/num/index5.html',12,NULL,1,'2015-05-07 00:00:00'),(618,1,161,' 1 ','http://www.nulab.co.jp/designPatterns/designPatterns1/designPatterns1-1.html',10,NULL,1,'2015-05-07 00:00:00'),(619,1,136,'','https://docs.google.com/a/gu3.co.jp/spreadsheets/d/1lMD6y4CfC-L_FCWKPO8IfIKbsw0-Mq4VC77k1Cs2V80/edit#gid=1697060110',3,NULL,1,'2015-05-07 00:00:00'),(620,1,146,'Mono','http://mono-project.com/Main_Page',1,NULL,1,'2015-05-07 00:00:00'),(621,1,146,'Java C# / 3 - Mac OS X  Mono  - #','http://samuraism.jp/diary/2006/11/18/1163821446467.html',2,NULL,1,'2015-05-07 00:00:00'),(622,1,146,'dev .NET1.NET FrameworkUNIXMono Project (2/9) - ITmedia ','http://www.itmedia.co.jp/enterprise/articles/0406/24/news087_2.html',3,NULL,1,'2015-05-07 00:00:00'),(623,1,147,'Store Kit Framework Reference','https://developer.apple.com/library/ios/documentation/StoreKit/Reference/StoreKit_Collection/_index.html',1,NULL,1,'2015-05-07 00:00:00'),(624,1,147,'Google Play In-app Billing | Android Developers','http://developer.android.com/google/play/billing/index.html',2,NULL,1,'2015-05-07 00:00:00'),(625,3,33,'Percona Cloud Tools','https://cloud.percona.com/',6,NULL,1,'2015-05-07 00:00:00'),(626,3,33,'Monitoring | New Relic','http://newrelic.com/',7,NULL,1,'2015-05-07 00:00:00'),(627,3,33,'Login - co-meeting','https://www.co-meeting.com/g/214468886169331#!525f33c5ab5c3745750000fc',8,NULL,1,'2015-05-07 00:00:00'),(628,1,146,'@ - /CSHARP/StyleCop','http://www42.atwiki.jp/jfactory/pages/57.html',4,NULL,1,'2015-05-07 00:00:00'),(629,1,146,'C#.NET','http://www15.ocn.ne.jp/~sunsan-k/sunsank.files/sunsan/d-net/Csharp_index/mokuji.html',5,NULL,1,'2015-05-07 00:00:00'),(630,1,148,'Unity - Unity Manual','http://docs-jp.unity3d.com/',1,NULL,1,'2015-05-07 00:00:00'),(631,1,148,'Unity - Documentation','http://www.cis.sojo-u.ac.jp/~izumi/Unity_Documentation_jp/Documentation.html',2,NULL,1,'2015-05-07 00:00:00'),(632,3,134,'[Unity][Android] (In App Billing ver3) prime31 Android IAB Plugin : West Hill ','http://westhillapps.blog.jp/archives/25210270.html',16,NULL,1,'2015-05-07 00:00:00'),(633,3,134,'[Unity][iOS] prime31 iOS StoreKit Plugin : West Hill ','http://westhillapps.blog.jp/archives/21174797.html',17,NULL,1,'2015-05-07 00:00:00'),(634,3,33,'10MySQLJet Profiler - Lancers()','http://engineer.blog.lancers.jp/2012/08/jet-profiler/',9,NULL,1,'2015-05-07 00:00:00'),(635,3,134,'prime[31] - Unity plugin documentation','http://prime31.com/docs#iosStoreKit',18,NULL,1,'2015-05-07 00:00:00'),(636,3,134,'UNITY','http://japan.unity3d.com/developer/document/tutorial/basic/',19,NULL,1,'2015-05-07 00:00:00'),(738,1,21,'nosetests1 - Feeling Transfer Protocol','http://ksk.hatenadiary.com/entry/2013/04/10/021555',3,NULL,1,'2015-05-07 00:00:00'),(741,3,134,'Unity3D - UnityD - Qiita','http://qiita.com/tsubaki_t1/items/d29775e37116f6040810',24,NULL,1,'2015-05-07 00:00:00'),(645,1,150,'100%: Unity: C# - Generics','http://hamken100.blogspot.jp/2012/04/unity-c.html',1,NULL,1,'2015-05-07 00:00:00'),(646,1,146,'Visual C#','http://msdn.microsoft.com/ja-jp/library/kx37x362(v=vs.90).aspx',7,NULL,1,'2015-05-07 00:00:00'),(647,1,8,'mbage_dev01','http://dev01.west-mbga.dev2.gu3.jp/accounts/login/',8,NULL,1,'2015-05-07 00:00:00'),(648,1,3,'type - Web','http://engineer.typemag.jp/',7,NULL,1,'2015-05-07 00:00:00'),(649,1,3,' -- ','http://slashdot.jp/',8,NULL,1,'2015-05-07 00:00:00'),(650,3,41,'SkypeSkype | DX.univ','http://dx.24-7.co.jp/skype-command/',2,NULL,1,'2015-05-07 00:00:00'),(652,1,148,'Unity Scripting Reference','http://docs-jp.unity3d.com/Documentation/ScriptReference/index.html',4,NULL,1,'2015-05-07 00:00:00'),(724,3,158,'AWS   AWS  |   AWS ','http://aws.amazon.com/jp/certification/',3,NULL,1,'2015-05-07 00:00:00'),(656,3,41,'SociApp -Social App-','http://www.sociapp.net/',3,NULL,1,'2015-05-07 00:00:00'),(707,3,157,'RailsrbenvRubyBundlerRails - Qiita','http://qiita.com/emadurandal/items/a60886152a4c99ce1017',1,NULL,1,'2015-05-07 00:00:00'),(739,3,134,' | naichilab - Android iOS','http://naichilab.blogspot.jp/2013/12/unity.html',23,NULL,1,'2015-05-07 00:00:00'),(662,1,150,' ','http://terasur.blog.fc2.com/blog-category-29.html',2,NULL,1,'2015-05-07 00:00:00'),(708,3,157,'Ruby - RSpec -  - Qiita','http://qiita.com/luckypool/items/e3662170033347510c3c',2,NULL,1,'2015-05-07 00:00:00'),(740,3,142,'git filter-branch - Qiita','http://qiita.com/Spring_MT/items/f60c391b5dbf569a1d12',5,NULL,1,'2015-05-07 00:00:00'),(670,1,146,': .NET Tips: C#, VB.NET','http://dobon.net/vb/dotnet/string/regex.html',8,NULL,1,'2015-05-07 00:00:00'),(671,1,150,'Unity50Tips','http://warapuri.tumblr.com/post/28972633000/unity-50-tips',3,NULL,1,'2015-05-07 00:00:00'),(672,1,146,'Programming - ','http://smdn.jp/programming/',9,NULL,1,'2015-05-07 00:00:00'),(673,3,33,'HipChat emoticons','http://hipchat-emoticons.nyh.name/',10,NULL,1,'2015-05-07 00:00:00'),(846,1,2,'Disqus Profile - fujimisakari','https://disqus.com/by/fujimisakari/',4,NULL,1,'2015-05-07 00:00:00'),(675,1,150,'ActionScriptWiki - Unity - ','http://www40.atwiki.jp/spellbound/pages/1313.html',4,NULL,1,'2015-05-07 00:00:00'),(844,1,149,'Trello Punk','https://trello.com/b/2Z8O6RX9/punk',2,NULL,1,'2015-05-07 00:00:00'),(845,1,149,'Stash Punk','https://stash.gu3.jp/projects/PUNK',3,NULL,1,'2015-05-07 00:00:00'),(723,3,34,' #iTerm2 #tmux #zshCodeIQ MAGAZINE','https://codeiq.jp/magazine/2014/01/5143/',5,NULL,1,'2015-05-07 00:00:00'),(679,1,146,'yield ','http://wisdom.sakura.ne.jp/programming/cs/cs2_8.html',10,NULL,1,'2015-05-07 00:00:00'),(680,1,150,'Unity/ - WisdomSoft','http://www.wisdomsoft.jp/656.html',5,NULL,1,'2015-05-07 00:00:00'),(681,1,9,'GNA PW','https://docs.google.com/a/gu3.co.jp/spreadsheet/ccc?key=0AgvyQtOBCwEjdFVlT3hKaU1iQTM5aVNiYmRQd2l1UkE#gid=0',5,NULL,1,'2015-05-07 00:00:00'),(682,3,33,'Flappy Bird HTML5 Game #flappybird','http://uralozden.com/flappy/',11,NULL,1,'2015-05-07 00:00:00'),(686,1,150,'Photoshop CS with JavaScript','http://www.openspc2.org/book/PhotoshopCS/',7,NULL,1,'2015-05-07 00:00:00'),(687,1,8,'mbage_dev02','http://dev02.west-mbga.dev2.gu3.jp/accounts/login/',9,NULL,1,'2015-05-07 00:00:00'),(688,1,8,'mbage_dev03','http://dev03.west-mbga.dev2.gu3.jp/accounts/login/',10,NULL,1,'2015-05-07 00:00:00'),(746,3,33,'gumiStudyLuaAI - ','http://baba-s.hatenablog.com/entry/2014/09/27/162257',14,NULL,1,'2015-05-07 00:00:00'),(690,1,8,'mobage_staging','http://mgh-staging-app1.gu3.jp/accounts/login/?next=/survey/',15,NULL,1,'2015-05-07 00:00:00'),(691,1,8,'mobage_manage','https://mgh-manage.gu3.jp/accounts/login/?next=/survey/',2,NULL,1,'2015-05-07 00:00:00'),(692,1,8,'dgame_manage','https://dgh-manage.gu3.jp/accounts/login/?next=/survey/',3,NULL,1,'2015-05-07 00:00:00'),(693,1,8,'dgame_staging','http://dgh-staging-app1.gu3.jp/accounts/login/?next=/survey/',16,NULL,1,'2015-05-07 00:00:00'),(702,1,136,'','https://docs.google.com/a/gu3.co.jp/spreadsheets/d/1_q5bE1S3rqNuNv4QFZX_P0RXK5JkpIQBR_ZeQSSUIIQ/edit#gid=0',4,NULL,1,'2015-05-07 00:00:00'),(695,1,8,'dgame_dev01','http://dev01.dgh.dev2.gu3.jp/accounts/login/?next=/survey/',11,NULL,1,'2015-05-07 00:00:00'),(700,1,156,'/AVPanasonic','http://panasonic.jp/car/index.html',1,NULL,1,'2015-05-07 00:00:00'),(703,1,24,'DGAMS developer','https://cpsupport.dmkt-sp.jp/CpSupport/login/login.do',4,NULL,1,'2015-05-07 00:00:00'),(704,1,24,'','https://docs.google.com/a/gu3.co.jp/spreadsheets/d/1w1QlO4pRzUjpW1VR3NuRetrVFWa3x13RI_drhpAAzKY/edit#gid=0',6,NULL,1,'2015-05-07 00:00:00'),(726,3,134,'UnityiOS StoreKit In App Purchase Plugin | ','http://tech.hisasann.com/cs/192/',22,NULL,1,'2015-05-07 00:00:00'),(727,3,27,'Apple Developer','https://developer.apple.com/membercenter/index.action',5,NULL,1,'2015-05-07 00:00:00'),(728,1,24,'wiki','https://confluence.gu3.jp/pages/viewpage.action?title=Share&spaceKey=GenjuHime',7,NULL,1,'2015-05-07 00:00:00'),(729,3,33,'CSS Beautify','http://cssbeautify.com/',13,NULL,1,'2015-05-07 00:00:00'),(730,1,160,'My','http://www.ntt-west.co.jp/my/',1,NULL,1,'2015-05-07 00:00:00'),(731,1,160,' TS CUBIC  ','http://ts3card.com/',2,NULL,1,'2015-05-07 00:00:00'),(732,1,160,'','http://www.bk.mufg.jp/index.html',3,NULL,1,'2015-05-07 00:00:00'),(733,1,160,'','https://secure.goldpoint.co.jp/gpm/authentication/index.html',4,NULL,1,'2015-05-07 00:00:00'),(734,1,160,'','http://www.fukuokabank.co.jp/personal/service/directbanking/',5,NULL,1,'2015-05-07 00:00:00'),(735,1,8,'dgame_dev02','http://dev02.dgh.dev2.gu3.jp/accounts/login/?next=/survey/',12,NULL,1,'2015-05-07 00:00:00'),(736,1,8,'dgame_dev03','http://dev03.dgh.dev2.gu3.jp/accounts/login/?next=/survey/',13,NULL,1,'2015-05-07 00:00:00'),(747,3,33,'1IT Jolt Awards: The Best Books2014  Publickey','http://www.publickey1.jp/blog/14/1itjolt_awards_20146.html',15,NULL,1,'2015-05-07 00:00:00'),(749,3,134,'Twitter  OAuth 1.0  | ','http://mimumimu.net/blog/2011/11/26/twitter-%E3%81%AE-oauth-1-0-%E8%AA%8D%E8%A8%BC%E3%82%92%E8%87%AA%E5%88%86%E3%81%A7%E3%82%B3%E3%83%BC%E3%83%89%E6%9B%B8%E3%81%84%E3%81%A6%E3%82%84%E3%81%A3%E3%81%A6%',27,NULL,1,'2015-05-07 00:00:00'),(751,3,33,'ASP.NET Web API 2 RESTfulAPI (1/2) - IT','http://www.atmarkit.co.jp/ait/articles/1310/23/news078.html',17,NULL,1,'2015-05-07 00:00:00'),(750,3,33,'.NET.NET2014 - IT','http://www.atmarkit.co.jp/ait/articles/1409/26/news109.html',16,NULL,1,'2015-05-07 00:00:00'),(752,3,33,'Bash -  - Qiita','http://qiita.com/sion_cojp/items/04a2aa76a1021fe77079',18,NULL,1,'2015-05-07 00:00:00'),(753,3,159,'IBM  STEINS;GATE  | Steins;Gate Sponsored by IBM','http://www.mugendai-web.jp/steinsgate/about/',3,NULL,1,'2015-05-07 00:00:00'),(754,3,33,'Download file from google cloud storage using ruby client gets HTTP redirect - Stack Overflow','http://stackoverflow.com/questions/18197141/download-file-from-google-cloud-storage-using-ruby-client-gets-http-redirect',19,NULL,1,'2015-05-07 00:00:00'),(755,3,33,'storage-getting-started-ruby/more_samples.rb at master  GoogleCloudPlatform/storage-getting-started-ruby  GitHub','https://github.com/GoogleCloudPlatform/storage-getting-started-ruby/blob/master/more_samples.rb',20,NULL,1,'2015-05-07 00:00:00'),(756,3,33,'s predictive API in Ruby? - Stack Overflow','http://stackoverflow.com/questions/14391685/how-can-i-authorize-with-oauth-2-0-for-googles-predictive-api-in-ruby',21,NULL,1,'2015-05-07 00:00:00'),(757,3,33,'google cloud storage Authorization- Stack Overflow','http://stackoverflow.com/questions/16133939/google-cloud-storage-authorization-failed-server-message-error-invalid-s',22,NULL,1,'2015-05-07 00:00:00'),(758,3,33,'Image Gallery with Fullscreen Option | RoyalSlider','http://dimsemenov.com/plugins/royal-slider/gallery/',23,NULL,1,'2015-05-07 00:00:00'),(759,3,33,'[JS]Web -jQuery Ripple | ','http://coliss.com/articles/build-websites/operation/javascript/jquery-plugin-ripples.html',24,NULL,1,'2015-05-07 00:00:00'),(760,3,157,'RSpecBetter Specs - Qiita','http://qiita.com/muran001/items/276b3375e3e37de368e6',7,NULL,1,'2015-05-07 00:00:00'),(770,1,150,' Unity   Mobage Developers Blog','http://developers.mobage.jp/blog/true-unity-course',8,NULL,1,'2015-05-07 00:00:00'),(762,1,2,'about.me','http://about.me/fujimisakari',6,NULL,1,'2015-05-07 00:00:00'),(763,1,10,'fujimisakari blog','http://blog.fujimisakari.com',1,NULL,1,'2015-05-07 00:00:00'),(764,3,33,'JQuery ','http://www.detelu.com/blog/2011/11/jquery-selector-traversing/',25,NULL,1,'2015-05-07 00:00:00'),(765,3,33,'JQuery ','http://www.detelu.com/blog/2011/11/jquery-selector-traversing/',26,NULL,1,'2015-05-07 00:00:00'),(766,1,10,'Google Analytics','https://www.google.com/analytics/web/?et&authuser=0#report/visitors-overview/a57158248w90781068p94433797/',10,NULL,1,'2015-05-07 00:00:00'),(767,3,27,'58 CocoaXcode6Framework Template | blog.haranicle.net','http://blog.haranicle.net/cocoakansai58_framework/',7,NULL,1,'2015-05-07 00:00:00'),(768,3,27,'Xcode 5  framework  | UB Lab.','http://www.united-bears.co.jp/blog/archives/2854#comments',8,NULL,1,'2015-05-07 00:00:00'),(769,3,27,'arm64','https://developer.apple.com/jp/devcenter/ios/library/documentation/CocoaTouch64BitGuide.pdf',9,NULL,1,'2015-05-07 00:00:00'),(771,3,134,' | naichilab - Android iOS','http://naichilab.blogspot.jp/2013/12/unity.html',28,NULL,1,'2015-05-07 00:00:00'),(775,3,34,'[Mac]   - YoheiM .NET','http://www.yoheim.net/blog.php?q=20141101',6,NULL,1,'2015-05-07 00:00:00'),(772,3,134,'UnityAndroidNativePlugin | ','http://tech.hisasann.com/java/173/',29,NULL,1,'2015-05-07 00:00:00'),(773,3,134,'NativePluginsC# - ','http://tsubakit1.hateblo.jp/entry/20140326/1395783640',30,NULL,1,'2015-05-07 00:00:00'),(774,3,27,'iOSHTTP -- NSURLConnection - $ cat /var/log/shin','http://shin.hateblo.jp/entry/2014/05/04/154017',10,NULL,1,'2015-05-07 00:00:00'),(776,3,27,'NSOperation   - A Day In The Life','http://d.hatena.ne.jp/glass-_-onion/20110706/1309909082',11,NULL,1,'2015-05-07 00:00:00'),(777,3,134,'2D','http://unity-michi.com/post-328/',31,NULL,1,'2015-05-07 00:00:00'),(778,3,134,'UnityuGUI','http://ameblo.jp/chicktack123/entry-11950058880.html',32,NULL,1,'2015-05-07 00:00:00'),(779,3,33,'New Relic | ','http://inaba-serverdesign.jp/blog/20130912/newrelic.html',27,NULL,1,'2015-05-07 00:00:00'),(780,3,159,' : ','http://waranote.livedoor.biz/archives/42405667.html',4,NULL,1,'2015-05-07 00:00:00'),(781,3,33,'Ansible  | Ansible Tutorial in Japanese','http://yteraoka.github.io/ansible-tutorial/',28,NULL,1,'2015-05-07 00:00:00'),(782,3,33,'ansible ','http://www.slideshare.net/makotouehara39/ansible-42025183',29,NULL,1,'2015-05-07 00:00:00'),(783,3,33,' Ansible  - Hatena Developer Blog','http://developer.hatenastaff.com/entry/hatena-engineer-advent-calendar-01-ansible',30,NULL,1,'2015-05-07 00:00:00'),(784,3,33,'VPSWeb(1) - ','http://knowledge.sakura.ad.jp/beginner/2691/',31,NULL,1,'2015-05-07 00:00:00'),(785,3,33,'Mackerel','http://www.slideshare.net/stanaka/140929mackerel',32,NULL,1,'2015-05-07 00:00:00'),(791,1,1,'Offliberty - evidence of offline life','http://offliberty.com/',5,NULL,1,'2015-05-07 00:00:00'),(786,3,157,'give IT a try','http://blog.jnito.com/',8,NULL,1,'2015-05-07 00:00:00'),(787,3,159,' - ?','http://techkitakayu.hateblo.jp/entry/2014/10/03/123956',5,NULL,1,'2015-05-07 00:00:00'),(788,3,27,'WebP - ','http://techlife.cookpad.com/entry/2014/12/04/090000',12,NULL,1,'2015-05-07 00:00:00'),(789,3,159,'VOYAGE GROUP : 1','http://tech.voyagegroup.com/archives/7654950.html',6,NULL,1,'2015-05-07 00:00:00'),(790,1,161,'PHP -  - Do You PHP ','http://d.hatena.ne.jp/shimooka/20141211/1418298136',1,NULL,1,'2015-05-07 00:00:00'),(795,1,9,'Google ','https://www.google.com/calendar/b/1/render?action=VIEW&eid=MzF1N25kYTZvbGdxdGZsdHJiaDdmYWJmZjAgcnlvLmZ1amltb3RvQGd1My5jby5qcA&ctz=Asia/Tokyo&hl=ja&pli=1&t=AKUaPmb1fAYe9y0znWBd9oeK-CPaVBXOXe2E9INNxznJ8',6,NULL,1,'2015-05-07 00:00:00'),(797,3,33,'','http://pydiary.bitbucket.org/blog/html/2015/01/12/diary.html',33,NULL,1,'2015-05-07 00:00:00'),(799,3,33,'Python  -  blog','http://moro-archive.hatenablog.com/entry/2015/01/19/225401',34,NULL,1,'2015-05-07 00:00:00'),(800,3,33,'Google BigQuery ','http://www.slideshare.net/dragan10/google-bigquery-43678624',35,NULL,1,'2015-05-07 00:00:00'),(801,3,27,'XcodeAlcatraz  |  			','http://cocopon.me/blog/?p=4830',13,NULL,1,'2015-05-07 00:00:00'),(802,3,33,' - wyukawas blog','http://d.hatena.ne.jp/wyukawa/20131014/1381752390',36,NULL,1,'2015-05-07 00:00:00'),(805,1,163,'Clang-FormatObjective-C - ainame','http://ainame.hateblo.jp/entry/2014/04/06/022441',1,NULL,1,'2015-05-07 00:00:00'),(803,3,33,'AnsibleRails - 12FF5B8','http://hico-horiuchi.hateblo.jp/entry/20141007/1412672371',37,NULL,1,'2015-05-07 00:00:00'),(804,1,18,'GREE Platform for Feature Phone - GREE Developer Center','https://docs.developer.gree.net/ja/technicalspecs/featurephone/flow',3,NULL,1,'2015-05-07 00:00:00'),(806,1,161,':','http://pw.tech-arts.co.jp/download/design_pattern/index.html',3,NULL,1,'2015-05-07 00:00:00'),(807,1,163,' - Apple Developer','https://developer.apple.com/jp/documentation/',2,NULL,1,'2015-05-07 00:00:00'),(808,3,134,'UnityiOS64bit -  --','http://noshipu.hateblo.jp/entry/2015/02/05/055151',34,NULL,1,'2015-05-07 00:00:00'),(809,3,159,'2015 7 | freshtrax | btrax ','http://blog.btrax.com/jp/2015/01/13/2015-services/',7,NULL,1,'2015-05-07 00:00:00'),(810,3,134,'01.Canvas | naichilab - Android iOS','http://naichilab.blogspot.jp/2014/08/unityugui01-ui-canvas.html',35,NULL,1,'2015-05-07 00:00:00'),(811,3,134,'Unity GUI1 pixel','http://ameblo.jp/ca-1pixel/entry-11943422574.html',36,NULL,1,'2015-05-07 00:00:00'),(812,3,27,'iPhone6iPhone6+Web YOSHIKIMINATOYA.COM','http://www.yoshikiminatoya.com/lab/responsive/3836.html',14,NULL,1,'2015-05-07 00:00:00'),(814,1,163,'Objective-C - webmac R','http://dsuket.hatenablog.com/entry/2012/11/19/163605',3,NULL,1,'2015-05-07 00:00:00'),(813,3,27,'iPhone 6UI | dotproof','http://www.dotproof.jp/2014/09/11/iphone-6-ppi/',15,NULL,1,'2015-05-07 00:00:00'),(852,1,10,'wunderlust','https://www.wunderlist.com/#/lists/inbox',9,NULL,1,'2015-05-07 00:00:00'),(851,1,149,'Backlog','https://gumi-cs.backlog.jp/projects/PUNK_DEBUG',6,NULL,1,'2015-05-07 00:00:00'),(816,1,163,'[iOS] Auto Layout UITableViewCell  UIScrollView  - Books','http://hamasyou.com/blog/2014/10/09/ios-autolayout-scrollview-tablecell/',4,NULL,1,'2015-05-07 00:00:00'),(847,1,149,'','https://docs.google.com/spreadsheets/d/1u_NUU-QufTlqGEsBNpFwhR9Qwcmwon10pC5L_rz3nXA/edit#gid=1647690981',4,NULL,1,'2015-05-07 00:00:00'),(818,1,6,'Shorten - Bitly','https://bitly.com/shorten/',5,NULL,1,'2015-05-07 00:00:00'),(820,1,2,'Instagram','https://instagram.com/',7,NULL,1,'2015-05-07 00:00:00'),(819,1,2,'Tumblr','https://www.tumblr.com/dashboard',6,NULL,1,'2015-05-07 00:00:00'),(821,1,163,'iOS Source Code Examples. iOS App Development Libraries, Controls and Examples - Open Source iPhone/iPad Apps - Code4App.net','http://code4app.net/',5,NULL,1,'2015-05-07 00:00:00'),(823,1,163,'VimObjective-C with clang - TOKOROM BLOG','http://www.tokoro.me/2013/01/02/clang-complete-for-vim/',7,NULL,1,'2015-05-07 00:00:00'),(822,1,163,'BNNiOS ','http://download.bnn.co.jp/download/automatism/',6,NULL,1,'2015-05-07 00:00:00'),(824,1,163,'XcodeXcodeColorsCocoaLumberjack  Developers.IO','http://dev.classmethod.jp/smartphone/ios-console/',8,NULL,1,'2015-05-07 00:00:00'),(826,1,7,'Python   (__metaclass__, ) ','http://www.yunabe.jp/docs/python_metaclass.html',13,NULL,1,'2015-05-07 00:00:00'),(825,1,163,'2014 | ','http://coliss.com/articles/freebies/freebies-best-icons-for-2014.html',9,NULL,1,'2015-05-07 00:00:00'),(829,1,2,'Docker    ','https://hub.docker.com/',8,NULL,1,'2015-05-07 00:00:00'),(827,3,157,'Sinatra - maeharin log','http://maeharin.hatenablog.com/entry/20121117/p1',10,NULL,1,'2015-05-07 00:00:00'),(828,3,157,'Railsscaffold  IT','http://www.atmarkit.co.jp/fcoding/index/reading.html',11,NULL,1,'2015-05-07 00:00:00'),(833,1,164,'The Go Programming Language','http://golang-jp.org/',1,NULL,1,'2015-05-07 00:00:00'),(830,3,157,'rbenv','http://takatoshiono.hatenablog.com/entry/2015/01/09/012040',12,NULL,1,'2015-05-07 00:00:00'),(831,1,10,'s Personal Website on Strikingly','http://ryo-fujimoto.strikingly.com/',8,NULL,1,'2015-05-07 00:00:00'),(832,1,8,'colopla_manage','https://cgh-manage.gu3.jp/accounts/login/',4,NULL,1,'2015-05-07 00:00:00'),(834,1,164,' Whispering Gophers','http://whispering-gophers.appspot.com/talk.slide#1',2,NULL,1,'2015-05-07 00:00:00'),(835,1,164,'Gogihyo.jp  ','http://gihyo.jp/dev/feature/01/go_4beginners',3,NULL,1,'2015-05-07 00:00:00'),(836,1,164,'Go Playground','http://play.golang.org/',4,NULL,1,'2015-05-07 00:00:00'),(837,1,164,'M.Hiroi\'s Home Page / Go Language Programming','http://www.geocities.jp/m_hiroi/golang/index.html',5,NULL,1,'2015-05-07 00:00:00'),(842,1,165,'Stash Top','https://stash.gu3.jp/projects',2,NULL,1,'2015-05-07 00:00:00'),(841,1,165,'Trello Top','https://trello.com/gu3',1,NULL,1,'2015-05-07 00:00:00'),(843,1,165,'Confluence Top','https://confluence.gu3.jp/pages/viewpage.action?pageId=1114343',3,NULL,1,'2015-05-07 00:00:00'),(839,1,9,'','https://sites.google.com/a/gu3.co.jp/portal/?pli=1',2,NULL,1,'2015-05-07 00:00:00');
/*!40000 ALTER TABLE `setting_bookmark` ENABLE KEYS */;
UNLOCK TABLES;

--
-- Table structure for table `setting_category`
--

DROP TABLE IF EXISTS `setting_category`;
/*!40101 SET @saved_cs_client     = @@character_set_client */;
/*!40101 SET character_set_client = utf8 */;
CREATE TABLE `setting_category` (
  `id` int(11) NOT NULL AUTO_INCREMENT,
  `user_id` int(11) NOT NULL,
  `name` varchar(100) NOT NULL,
  `angle` int(11) NOT NULL,
  `sort` int(11) DEFAULT NULL,
  `color_id` int(11) NOT NULL,
  `tag_open` tinyint(1) NOT NULL,
  `mobile_id` varchar(100),
  `sync_flag` tinyint(1) NOT NULL,
  `updated_at` datetime NOT NULL,
  PRIMARY KEY (`id`),
  KEY `setting_category_fbfc09f1` (`user_id`),
  KEY `setting_category_user_id_5b6a7746cb50541b` (`user_id`,`angle`),
  KEY `setting_category_user_id_278e3a8eaad9e538` (`user_id`,`sync_flag`)
) ENGINE=MyISAM AUTO_INCREMENT=166 DEFAULT CHARSET=utf8;
/*!40101 SET character_set_client = @saved_cs_client */;

--
-- Dumping data for table `setting_category`
--

LOCK TABLES `setting_category` WRITE;
/*!40000 ALTER TABLE `setting_category` DISABLE KEYS */;
INSERT INTO `setting_category` VALUES (1,1,'',3,4,13,1,NULL,1,'2015-05-07 00:00:00'),(2,1,'sns',3,5,7,1,NULL,1,'2015-05-07 00:00:00'),(3,1,'',2,1,3,1,NULL,1,'2015-05-07 00:00:00'),(4,1,'emacs',2,2,4,1,NULL,1,'2015-05-07 00:00:00'),(6,1,'',3,2,13,0,NULL,1,'2015-05-07 00:00:00'),(7,1,'python',1,1,16,1,NULL,1,'2015-05-07 00:00:00'),(8,1,' servey',2,2,16,1,NULL,1,'2015-05-07 00:00:00'),(9,1,'gumi',2,1,3,1,NULL,1,'2015-07-23 21:01:19'),(10,1,'MySite',3,5,10,1,NULL,1,'2015-05-07 00:00:00'),(11,1,'MAC',2,1,3,1,NULL,1,'2015-05-07 00:00:00'),(12,1,'perl',3,5,16,0,NULL,1,'2015-05-07 00:00:00'),(13,1,'MySQL',3,3,4,1,NULL,1,'2015-05-07 00:00:00'),(14,1,'Screen',3,9,18,0,NULL,1,'2015-05-07 00:00:00'),(15,1,'Network',3,8,18,0,NULL,1,'2015-05-07 00:00:00'),(16,1,'jenkins',3,2,17,0,NULL,1,'2015-05-07 00:00:00'),(17,1,'Django',3,3,7,1,NULL,1,'2015-05-07 00:00:00'),(18,1,'SNS',1,3,9,1,NULL,1,'2015-05-07 00:00:00'),(19,1,'CSS',3,6,10,0,NULL,1,'2015-05-07 00:00:00'),(20,1,'selenum',3,3,18,0,NULL,1,'2015-05-07 00:00:00'),(24,1,' ',1,2,16,1,NULL,1,'2015-05-07 00:00:00'),(22,1,'GREE',3,1,10,0,NULL,1,'2015-05-07 00:00:00'),(21,1,'UnitTest',3,4,18,1,NULL,1,'2015-05-07 00:00:00'),(147,1,'',1,7,11,1,NULL,1,'2015-05-07 00:00:00'),(23,1,'mobage',3,2,4,1,NULL,1,'2015-05-07 00:00:00'),(26,1,'DJ',2,10,16,0,NULL,1,'2015-05-07 00:00:00'),(158,3,'AWS',3,2,11,1,NULL,1,'2015-05-07 00:00:00'),(35,1,'lisp',2,3,4,1,NULL,1,'2015-05-07 00:00:00'),(27,3,'iOS',2,2,11,1,NULL,1,'2015-05-07 00:00:00'),(28,2,'',3,1,14,1,NULL,1,'2015-05-07 00:00:00'),(164,1,'go',3,22,10,1,NULL,1,'2015-05-07 00:00:00'),(161,1,'DesignPattern',3,21,13,1,NULL,1,'2015-05-07 00:00:00'),(33,3,'Programing',1,1,11,1,NULL,1,'2015-05-07 00:00:00'),(34,3,'editer',1,2,11,1,NULL,1,'2015-05-07 00:00:00'),(36,1,'',3,1,18,0,NULL,1,'2015-05-07 00:00:00'),(37,4,'',2,1,8,1,NULL,1,'2015-05-07 00:00:00'),(38,4,'SNS',3,1,3,1,NULL,1,'2015-05-07 00:00:00'),(39,4,'',2,2,13,1,NULL,1,'2015-05-07 00:00:00'),(40,4,'',1,1,7,1,NULL,1,'2015-05-07 00:00:00'),(41,3,'NEWS',1,3,11,1,NULL,1,'2015-05-07 00:00:00'),(42,5,'',1,1,3,1,NULL,1,'2015-05-07 00:00:00'),(43,5,'SNS',3,1,4,1,NULL,1,'2015-05-07 00:00:00'),(44,5,'',3,2,9,0,NULL,1,'2015-05-07 00:00:00'),(45,5,'',3,3,16,1,NULL,1,'2015-05-07 00:00:00'),(134,3,'Unity',2,3,11,1,NULL,1,'2015-05-07 00:00:00'),(133,1,'Linux',3,7,18,0,NULL,1,'2015-05-07 00:00:00'),(49,6,'',1,2,16,1,NULL,1,'2015-05-07 00:00:00'),(48,6,'',1,1,9,0,NULL,1,'2015-05-07 00:00:00'),(47,6,'SNS',3,1,4,1,NULL,1,'2015-05-07 00:00:00'),(135,3,'',1,4,11,1,NULL,1,'2015-05-07 00:00:00'),(136,1,' ',1,1,16,1,NULL,1,'2015-05-07 00:00:00'),(137,1,' ',1,3,16,1,NULL,1,'2015-05-07 00:00:00'),(138,1,' CS',3,4,16,0,NULL,1,'2015-05-07 00:00:00'),(163,1,'IOS',1,10,14,1,NULL,1,'2015-05-07 00:00:00'),(46,6,'',2,2,3,1,NULL,1,'2015-05-07 00:00:00'),(142,3,'git',3,3,11,1,NULL,1,'2015-05-07 00:00:00'),(146,1,'C#',3,23,14,1,NULL,1,'2015-05-07 00:00:00'),(144,1,'AWS',1,6,12,0,NULL,1,'2015-05-07 00:00:00'),(148,1,'Unity',2,8,1,1,NULL,1,'2015-05-07 00:00:00'),(149,1,'Kill',1,8,8,1,NULL,1,'2015-05-07 00:00:00'),(150,1,'Unity tips',2,9,1,1,NULL,1,'2015-05-07 00:00:00'),(160,1,'',1,9,12,1,NULL,1,'2015-05-07 00:00:00'),(157,3,'Ruby',3,1,11,1,NULL,1,'2015-05-07 00:00:00'),(159,3,'',3,4,11,1,NULL,1,'2015-05-07 00:00:00'),(156,1,'',3,23,10,1,NULL,1,'2015-05-07 00:00:00'),(165,1,'gumi',1,11,3,1,NULL,1,'2015-05-07 00:00:00');
/*!40000 ALTER TABLE `setting_category` ENABLE KEYS */;
UNLOCK TABLES;

--
-- Table structure for table `setting_categorycolor`
--

DROP TABLE IF EXISTS `setting_categorycolor`;
/*!40101 SET @saved_cs_client     = @@character_set_client */;
/*!40101 SET character_set_client = utf8 */;
CREATE TABLE `setting_categorycolor` (
  `id` int(11) NOT NULL AUTO_INCREMENT,
  `name` varchar(30) NOT NULL,
  `font_color` varchar(10) NOT NULL,
  `icon_color` varchar(10) NOT NULL,
  `sort` int(11) NOT NULL,
  `color_code1` varchar(10) NOT NULL,
  `color_code2` varchar(10) NOT NULL,
  `color_code3` varchar(10) NOT NULL,
  `thumbnail_color_code` varchar(10) NOT NULL,
  PRIMARY KEY (`id`)
) ENGINE=MyISAM AUTO_INCREMENT=19 DEFAULT CHARSET=utf8;
/*!40101 SET character_set_client = @saved_cs_client */;

--
-- Dumping data for table `setting_categorycolor`
--

LOCK TABLES `setting_categorycolor` WRITE;
/*!40000 ALTER TABLE `setting_categorycolor` DISABLE KEYS */;
INSERT INTO `setting_categorycolor` VALUES (1,'yellow','#000','black',70,'#FFFF00','#B0B000','#ABAB00','#ffff00'),(2,'gold','#FFF','white',10,'#FFC600','#AB8400','#A37F00','#f2bc00'),(3,'red','#FFF','white',20,'#FF0000','#8F0000','#870000','#dd0000'),(4,'blue','#FFF','white',30,'#0000FF','#00008F','#000080','#0000ee'),(5,'white','#000','black',120,'#FFFFFF','#ADADAD','#A6A6A6','#eeeeee'),(6,'orange','#FFF','white',110,'#F66E00','#8C3F00','#8A3D00','#f66e00'),(7,'dodger','#FFF','white',90,'#1E90FF','#12599E','#115394','#1e90ff'),(8,'pink','#FFF','white',80,'#FF69B4','#85375E','#82365C','#ff69b4'),(9,'forest','#FFF','white',40,'#269C26','#104010','#0E3B0E','#228b22'),(10,'lime','#FFF','white',100,'#3EFC3E','#28A628','#27A127','#32cd32'),(11,'black','#FFF','white',60,'#5E5E5E','#292929','#000000','#242424'),(12,'sienna','#FFF','white',50,'#E3733E','#6B371D','#63331B','#8b4726'),(13,'purplered','#FFF','white',140,'#FF1FB4','#85105E','#82105C','#FF1FB4'),(14,'wood','#FFF','white',130,'#FFED8B','#7A7143','#7D7544','#EEDD82'),(15,'olive','#FFF','white',160,'#739140','#293316','#242E14','#556b2f'),(16,'purple','#FFF','white',150,'#9B2FFF','#591B91','#54198A','#7d26cd'),(17,'tomato','#FFF','white',170,'#FF6347','#9C3C2B','#963A2A','#ee5c42'),(18,'grey','#FFF','white',180,'#8B7B8B','#524852','#4D444D','#8b7b8b');
/*!40000 ALTER TABLE `setting_categorycolor` ENABLE KEYS */;
UNLOCK TABLES;

--
-- Table structure for table `setting_deletemanager`
--

DROP TABLE IF EXISTS `setting_deletemanager`;
/*!40101 SET @saved_cs_client     = @@character_set_client */;
/*!40101 SET character_set_client = utf8 */;
CREATE TABLE `setting_deletemanager` (
  `id` int(11) NOT NULL AUTO_INCREMENT,
  `user_id` int(11) NOT NULL,
  `bookmark` longtext,
  `category` longtext,
  `page` longtext,
  PRIMARY KEY (`id`),
  UNIQUE KEY `user_id` (`user_id`)
) ENGINE=InnoDB AUTO_INCREMENT=7 DEFAULT CHARSET=utf8;
/*!40101 SET character_set_client = @saved_cs_client */;

--
-- Dumping data for table `setting_deletemanager`
--

LOCK TABLES `setting_deletemanager` WRITE;
/*!40000 ALTER TABLE `setting_deletemanager` DISABLE KEYS */;
INSERT INTO `setting_deletemanager` VALUES (1,1,NULL,NULL,NULL),(2,2,NULL,NULL,NULL),(3,3,NULL,NULL,NULL),(4,4,NULL,NULL,NULL),(5,5,NULL,NULL,NULL),(6,6,NULL,NULL,NULL);
/*!40000 ALTER TABLE `setting_deletemanager` ENABLE KEYS */;
UNLOCK TABLES;

--
-- Table structure for table `setting_design`
--

DROP TABLE IF EXISTS `setting_design`;
/*!40101 SET @saved_cs_client     = @@character_set_client */;
/*!40101 SET character_set_client = utf8 */;
CREATE TABLE `setting_design` (
  `id` int(11) NOT NULL AUTO_INCREMENT,
  `user_id` int(11) NOT NULL,
  `linkmark_flg` tinyint(1) NOT NULL,
  `link_color` varchar(10) NOT NULL,
  `category_back_color` varchar(10) NOT NULL,
  `portal_back_kind` tinyint(1) NOT NULL,
  `portal_back_color` varchar(10) NOT NULL,
  `image_position` varchar(30) NOT NULL,
  `bk_image_ext` varchar(30) DEFAULT NULL,
  `sync_flag` tinyint(1) NOT NULL,
  `updated_at` datetime NOT NULL,
  PRIMARY KEY (`id`),
  UNIQUE KEY `user_id` (`user_id`)
) ENGINE=MyISAM AUTO_INCREMENT=7 DEFAULT CHARSET=utf8;
/*!40101 SET character_set_client = @saved_cs_client */;

--
-- Dumping data for table `setting_design`
--

LOCK TABLES `setting_design` WRITE;
/*!40000 ALTER TABLE `setting_design` DISABLE KEYS */;
INSERT INTO `setting_design` VALUES (1,1,1,'#ffffff','#1e1e1e',1,'#ffffff','no-repeat','jpg',1,'2015-08-02 22:04:17'),(2,2,0,'#005580','#ffffff',0,'#ffffff','no-repeat',NULL,1,'2015-05-07 00:00:00'),(3,3,1,'#9900ff','#000000',1,'#ffffff','original','jpg',1,'2015-05-07 00:00:00'),(4,4,0,'#444444','#ffe599 ',1,'#ffffff','no-repeat','jpg',1,'2015-05-07 00:00:00'),(5,5,0,'#444444','#ffe599 ',1,'#ffffff','no-repeat','jpg',1,'2015-05-07 00:00:00'),(6,6,0,'#444444','#ffd39b',1,'#ffffff','no-repeat','jpg',1,'2015-05-07 00:00:00');
/*!40000 ALTER TABLE `setting_design` ENABLE KEYS */;
UNLOCK TABLES;

--
-- Table structure for table `setting_page`
--

DROP TABLE IF EXISTS `setting_page`;
/*!40101 SET @saved_cs_client     = @@character_set_client */;
/*!40101 SET character_set_client = utf8 */;
CREATE TABLE `setting_page` (
  `id` int(11) NOT NULL AUTO_INCREMENT,
  `user_id` int(11) NOT NULL,
  `name` varchar(100) NOT NULL,
  `category_ids_str` longtext NOT NULL,
  `angle_ids_str` longtext,
  `sort_ids_str` longtext,
  `mobile_id` varchar(100),
  `sync_flag` tinyint(1) NOT NULL,
  `updated_at` datetime NOT NULL,
  PRIMARY KEY (`id`),
  KEY `setting_page_fbfc09f1` (`user_id`),
  KEY `setting_page_user_id_43d5d5f22b8fff65` (`user_id`,`sync_flag`)
) ENGINE=MyISAM AUTO_INCREMENT=21 DEFAULT CHARSET=utf8;
/*!40101 SET character_set_client = @saved_cs_client */;

--
-- Dumping data for table `setting_page`
--

LOCK TABLES `setting_page` WRITE;
/*!40000 ALTER TABLE `setting_page` DISABLE KEYS */;
INSERT INTO `setting_page` VALUES (1,1,'main','10,2,6,3,1,160','10:1,2:2,6:3,3:2,1:1,160:3','10:2,2:2,6:1,3:1,1:1,160:2',NULL,1,'2015-05-07 00:00:00'),(2,1,'','146,19,161,17,163,133,11,13,15,18,14,21,4,16,35,12,7,20,36','161:1,7:1,17:1,11:1,146:3,12:3,16:3,18:3,19:3,14:3,20:3,15:3,133:3,21:3,36:3,163:2,4:2,13:2,35:2','161:1,7:2,17:3,11:4,146:1,12:2,16:3,18:4,19:5,14:6,20:7,15:8,133:9,21:10,36:11,163:1,4:2,13:3,35:4',NULL,1,'2015-05-07 00:00:00'),(4,3,'','27','27:2','27:1',NULL,1,'2015-05-07 00:00:00'),(16,1,'','144,22,10,9,165,2,138,8,136,137,24','144:3,22:3,10:3,9:1,165:1,2:3,138:2,8:2,136:2,137:1,24:1','144:4,22:3,10:2,9:1,165:2,2:1,138:3,8:1,136:2,137:4,24:3',NULL,1,'2015-05-07 00:00:00'),(18,1,'kill','146,149,10,148,150,9,165,2','9:1,165:1,149:1,10:3,2:3,148:2,150:2,146:2','9:1,165:2,149:3,10:1,2:2,148:1,150:2,146:3',NULL,1,'2015-07-24 14:26:09'),(19,1,'Coustom Page','144,16,2','144:1,2:1,16:2','144:1,2:2,16:1',NULL,1,'2015-05-07 00:00:00'),(20,1,'','144,19,161,17,16,35,23,12','19:1,161:1,23:1,17:3,16:3,35:3,144:2,12:2','19:1,161:2,23:3,17:1,16:2,35:3,144:1,12:2',NULL,1,'2015-05-07 00:00:00');
/*!40000 ALTER TABLE `setting_page` ENABLE KEYS */;
UNLOCK TABLES;

--
-- Table structure for table `south_migrationhistory`
--

DROP TABLE IF EXISTS `south_migrationhistory`;
/*!40101 SET @saved_cs_client     = @@character_set_client */;
/*!40101 SET character_set_client = utf8 */;
CREATE TABLE `south_migrationhistory` (
  `id` int(11) NOT NULL AUTO_INCREMENT,
  `app_name` varchar(255) NOT NULL,
  `migration` varchar(255) NOT NULL,
  `applied` datetime NOT NULL,
  PRIMARY KEY (`id`)
) ENGINE=MyISAM AUTO_INCREMENT=18 DEFAULT CHARSET=utf8;
/*!40101 SET character_set_client = @saved_cs_client */;

--
-- Dumping data for table `south_migrationhistory`
--

LOCK TABLES `south_migrationhistory` WRITE;
/*!40000 ALTER TABLE `south_migrationhistory` DISABLE KEYS */;
INSERT INTO `south_migrationhistory` VALUES (1,'setting','0001_initial','2013-02-12 01:09:04'),(2,'setting','0002_add_multiple_indexes','2013-02-12 01:09:04'),(3,'oauth','0001_initial','2013-02-12 01:09:04'),(4,'oauth','0002_auto__del_field_user_create_at__add_field_user_created_at__del_field_p','2013-02-12 01:09:04'),(5,'setting','0003_auto__add_page','2013-02-17 04:31:50'),(6,'oauth','0003_auto__add_field_user_page_id','2013-02-17 04:31:56'),(7,'setting','0004_auto__del_field_categorycolor_color_code__add_field_categorycolor_colo','2013-03-02 11:18:36'),(8,'setting','0005_auto__add_field_categorycolor_thumbnail_color_code','2013-03-02 11:18:36'),(9,'setting','0006_auto__del_field_bookmark_del_flg__del_field_category_del_flg','2013-03-10 05:46:17'),(10,'setting','0007_auto__add_field_page_angle_ids_str__add_field_page_sort_ids_str','2013-08-15 17:08:03'),(11,'setting','0008_auto__add_field_bookmark_mobile_id__add_field_bookmark_sync_flag__add_','2015-07-11 17:25:50'),(12,'setting','0009_add_multiple_indexes','2015-07-11 17:25:50'),(13,'setting','0010_auto__add_deletemanager__del_unique_bookmark_mobile_id__del_unique_pag','2015-07-11 17:25:52'),(14,'oauth','0004_auto__chg_field_user_access_token_key__chg_field_user_access_token_sec','2015-07-11 17:25:53'),(15,'oauth','0005_auto__add_field_user_sync_flag__add_field_user_updated_at','2015-07-11 17:25:53'),(16,'oauth','0006_auto__add_field_user_use_mobile','2015-07-11 17:25:54'),(17,'misc','0001_initial','2015-07-12 23:32:05');
/*!40000 ALTER TABLE `south_migrationhistory` ENABLE KEYS */;
UNLOCK TABLES;
/*!40103 SET TIME_ZONE=@OLD_TIME_ZONE */;

/*!40101 SET SQL_MODE=@OLD_SQL_MODE */;
/*!40014 SET FOREIGN_KEY_CHECKS=@OLD_FOREIGN_KEY_CHECKS */;
/*!40014 SET UNIQUE_CHECKS=@OLD_UNIQUE_CHECKS */;
/*!40101 SET CHARACTER_SET_CLIENT=@OLD_CHARACTER_SET_CLIENT */;
/*!40101 SET CHARACTER_SET_RESULTS=@OLD_CHARACTER_SET_RESULTS */;
/*!40101 SET COLLATION_CONNECTION=@OLD_COLLATION_CONNECTION */;
/*!40111 SET SQL_NOTES=@OLD_SQL_NOTES */;

-- Dump completed on 2015-08-03 10:00:02
