-- MySQL dump 10.13  Distrib 5.6.25, for osx10.10 (x86_64)
--
-- Host: localhost    Database: otherbu
-- ------------------------------------------------------
-- Server version	5.6.25-log

/*!40101 SET @OLD_CHARACTER_SET_CLIENT=@@CHARACTER_SET_CLIENT */;
/*!40101 SET @OLD_CHARACTER_SET_RESULTS=@@CHARACTER_SET_RESULTS */;
/*!40101 SET @OLD_COLLATION_CONNECTION=@@COLLATION_CONNECTION */;
/*!40101 SET NAMES utf8 */;
/*!40103 SET @OLD_TIME_ZONE=@@TIME_ZONE */;
/*!40103 SET TIME_ZONE='+00:00' */;
/*!40014 SET @OLD_UNIQUE_CHECKS=@@UNIQUE_CHECKS, UNIQUE_CHECKS=0 */;
/*!40014 SET @OLD_FOREIGN_KEY_CHECKS=@@FOREIGN_KEY_CHECKS, FOREIGN_KEY_CHECKS=0 */;
/*!40101 SET @OLD_SQL_MODE=@@SQL_MODE, SQL_MODE='NO_AUTO_VALUE_ON_ZERO' */;
/*!40111 SET @OLD_SQL_NOTES=@@SQL_NOTES, SQL_NOTES=0 */;

--
-- Table structure for table `auth_group`
--

DROP TABLE IF EXISTS `auth_group`;
/*!40101 SET @saved_cs_client     = @@character_set_client */;
/*!40101 SET character_set_client = utf8 */;
CREATE TABLE `auth_group` (
  `id` int(11) NOT NULL AUTO_INCREMENT,
  `name` varchar(80) NOT NULL,
  PRIMARY KEY (`id`),
  UNIQUE KEY `name` (`name`)
) ENGINE=InnoDB DEFAULT CHARSET=utf8;
/*!40101 SET character_set_client = @saved_cs_client */;

--
-- Dumping data for table `auth_group`
--

LOCK TABLES `auth_group` WRITE;
/*!40000 ALTER TABLE `auth_group` DISABLE KEYS */;
/*!40000 ALTER TABLE `auth_group` ENABLE KEYS */;
UNLOCK TABLES;

--
-- Table structure for table `auth_group_permissions`
--

DROP TABLE IF EXISTS `auth_group_permissions`;
/*!40101 SET @saved_cs_client     = @@character_set_client */;
/*!40101 SET character_set_client = utf8 */;
CREATE TABLE `auth_group_permissions` (
  `id` int(11) NOT NULL AUTO_INCREMENT,
  `group_id` int(11) NOT NULL,
  `permission_id` int(11) NOT NULL,
  PRIMARY KEY (`id`),
  UNIQUE KEY `group_id` (`group_id`,`permission_id`),
  KEY `auth_group_permissions_bda51c3c` (`group_id`),
  KEY `auth_group_permissions_1e014c8f` (`permission_id`),
  CONSTRAINT `group_id_refs_id_3cea63fe` FOREIGN KEY (`group_id`) REFERENCES `auth_group` (`id`),
  CONSTRAINT `permission_id_refs_id_a7792de1` FOREIGN KEY (`permission_id`) REFERENCES `auth_permission` (`id`)
) ENGINE=InnoDB DEFAULT CHARSET=utf8;
/*!40101 SET character_set_client = @saved_cs_client */;

--
-- Dumping data for table `auth_group_permissions`
--

LOCK TABLES `auth_group_permissions` WRITE;
/*!40000 ALTER TABLE `auth_group_permissions` DISABLE KEYS */;
/*!40000 ALTER TABLE `auth_group_permissions` ENABLE KEYS */;
UNLOCK TABLES;

--
-- Table structure for table `auth_permission`
--

DROP TABLE IF EXISTS `auth_permission`;
/*!40101 SET @saved_cs_client     = @@character_set_client */;
/*!40101 SET character_set_client = utf8 */;
CREATE TABLE `auth_permission` (
  `id` int(11) NOT NULL AUTO_INCREMENT,
  `name` varchar(50) NOT NULL,
  `content_type_id` int(11) NOT NULL,
  `codename` varchar(100) NOT NULL,
  PRIMARY KEY (`id`),
  UNIQUE KEY `content_type_id` (`content_type_id`,`codename`),
  KEY `auth_permission_e4470c6e` (`content_type_id`),
  CONSTRAINT `content_type_id_refs_id_728de91f` FOREIGN KEY (`content_type_id`) REFERENCES `django_content_type` (`id`)
) ENGINE=InnoDB AUTO_INCREMENT=49 DEFAULT CHARSET=utf8;
/*!40101 SET character_set_client = @saved_cs_client */;

--
-- Dumping data for table `auth_permission`
--

LOCK TABLES `auth_permission` WRITE;
/*!40000 ALTER TABLE `auth_permission` DISABLE KEYS */;
INSERT INTO `auth_permission` VALUES (1,'Can add permission',1,'add_permission'),(2,'Can change permission',1,'change_permission'),(3,'Can delete permission',1,'delete_permission'),(4,'Can add group',2,'add_group'),(5,'Can change group',2,'change_group'),(6,'Can delete group',2,'delete_group'),(7,'Can add user',3,'add_user'),(8,'Can change user',3,'change_user'),(9,'Can delete user',3,'delete_user'),(10,'Can add content type',4,'add_contenttype'),(11,'Can change content type',4,'change_contenttype'),(12,'Can delete content type',4,'delete_contenttype'),(13,'Can add session',5,'add_session'),(14,'Can change session',5,'change_session'),(15,'Can delete session',5,'delete_session'),(16,'Can add site',6,'add_site'),(17,'Can change site',6,'change_site'),(18,'Can delete site',6,'delete_site'),(19,'Can add migration history',7,'add_migrationhistory'),(20,'Can change migration history',7,'change_migrationhistory'),(21,'Can delete migration history',7,'delete_migrationhistory'),(22,'Can add category',8,'add_category'),(23,'Can change category',8,'change_category'),(24,'Can delete category',8,'delete_category'),(25,'Can add category color',9,'add_categorycolor'),(26,'Can change category color',9,'change_categorycolor'),(27,'Can delete category color',9,'delete_categorycolor'),(28,'Can add page',10,'add_page'),(29,'Can change page',10,'change_page'),(30,'Can delete page',10,'delete_page'),(31,'Can add bookmark',11,'add_bookmark'),(32,'Can change bookmark',11,'change_bookmark'),(33,'Can delete bookmark',11,'delete_bookmark'),(34,'Can add design',12,'add_design'),(35,'Can change design',12,'change_design'),(36,'Can delete design',12,'delete_design'),(37,'Can add delete manager',13,'add_deletemanager'),(38,'Can change delete manager',13,'change_deletemanager'),(39,'Can delete delete manager',13,'delete_deletemanager'),(40,'Can add user',14,'add_user'),(41,'Can change user',14,'change_user'),(42,'Can delete user',14,'delete_user'),(43,'Can add passport',15,'add_passport'),(44,'Can change passport',15,'change_passport'),(45,'Can delete passport',15,'delete_passport'),(46,'Can add exception traceback',16,'add_exceptiontraceback'),(47,'Can change exception traceback',16,'change_exceptiontraceback'),(48,'Can delete exception traceback',16,'delete_exceptiontraceback');
/*!40000 ALTER TABLE `auth_permission` ENABLE KEYS */;
UNLOCK TABLES;

--
-- Table structure for table `auth_user`
--

DROP TABLE IF EXISTS `auth_user`;
/*!40101 SET @saved_cs_client     = @@character_set_client */;
/*!40101 SET character_set_client = utf8 */;
CREATE TABLE `auth_user` (
  `id` int(11) NOT NULL AUTO_INCREMENT,
  `username` varchar(30) NOT NULL,
  `first_name` varchar(30) NOT NULL,
  `last_name` varchar(30) NOT NULL,
  `email` varchar(75) NOT NULL,
  `password` varchar(128) NOT NULL,
  `is_staff` tinyint(1) NOT NULL,
  `is_active` tinyint(1) NOT NULL,
  `is_superuser` tinyint(1) NOT NULL,
  `last_login` datetime NOT NULL,
  `date_joined` datetime NOT NULL,
  PRIMARY KEY (`id`),
  UNIQUE KEY `username` (`username`)
) ENGINE=InnoDB DEFAULT CHARSET=utf8;
/*!40101 SET character_set_client = @saved_cs_client */;

--
-- Dumping data for table `auth_user`
--

LOCK TABLES `auth_user` WRITE;
/*!40000 ALTER TABLE `auth_user` DISABLE KEYS */;
/*!40000 ALTER TABLE `auth_user` ENABLE KEYS */;
UNLOCK TABLES;

--
-- Table structure for table `auth_user_groups`
--

DROP TABLE IF EXISTS `auth_user_groups`;
/*!40101 SET @saved_cs_client     = @@character_set_client */;
/*!40101 SET character_set_client = utf8 */;
CREATE TABLE `auth_user_groups` (
  `id` int(11) NOT NULL AUTO_INCREMENT,
  `user_id` int(11) NOT NULL,
  `group_id` int(11) NOT NULL,
  PRIMARY KEY (`id`),
  UNIQUE KEY `user_id` (`user_id`,`group_id`),
  KEY `auth_user_groups_fbfc09f1` (`user_id`),
  KEY `auth_user_groups_bda51c3c` (`group_id`),
  CONSTRAINT `group_id_refs_id_f0ee9890` FOREIGN KEY (`group_id`) REFERENCES `auth_group` (`id`),
  CONSTRAINT `user_id_refs_id_831107f1` FOREIGN KEY (`user_id`) REFERENCES `auth_user` (`id`)
) ENGINE=InnoDB DEFAULT CHARSET=utf8;
/*!40101 SET character_set_client = @saved_cs_client */;

--
-- Dumping data for table `auth_user_groups`
--

LOCK TABLES `auth_user_groups` WRITE;
/*!40000 ALTER TABLE `auth_user_groups` DISABLE KEYS */;
/*!40000 ALTER TABLE `auth_user_groups` ENABLE KEYS */;
UNLOCK TABLES;

--
-- Table structure for table `auth_user_user_permissions`
--

DROP TABLE IF EXISTS `auth_user_user_permissions`;
/*!40101 SET @saved_cs_client     = @@character_set_client */;
/*!40101 SET character_set_client = utf8 */;
CREATE TABLE `auth_user_user_permissions` (
  `id` int(11) NOT NULL AUTO_INCREMENT,
  `user_id` int(11) NOT NULL,
  `permission_id` int(11) NOT NULL,
  PRIMARY KEY (`id`),
  UNIQUE KEY `user_id` (`user_id`,`permission_id`),
  KEY `auth_user_user_permissions_fbfc09f1` (`user_id`),
  KEY `auth_user_user_permissions_1e014c8f` (`permission_id`),
  CONSTRAINT `permission_id_refs_id_67e79cb` FOREIGN KEY (`permission_id`) REFERENCES `auth_permission` (`id`),
  CONSTRAINT `user_id_refs_id_f2045483` FOREIGN KEY (`user_id`) REFERENCES `auth_user` (`id`)
) ENGINE=InnoDB DEFAULT CHARSET=utf8;
/*!40101 SET character_set_client = @saved_cs_client */;

--
-- Dumping data for table `auth_user_user_permissions`
--

LOCK TABLES `auth_user_user_permissions` WRITE;
/*!40000 ALTER TABLE `auth_user_user_permissions` DISABLE KEYS */;
/*!40000 ALTER TABLE `auth_user_user_permissions` ENABLE KEYS */;
UNLOCK TABLES;

--
-- Table structure for table `django_content_type`
--

DROP TABLE IF EXISTS `django_content_type`;
/*!40101 SET @saved_cs_client     = @@character_set_client */;
/*!40101 SET character_set_client = utf8 */;
CREATE TABLE `django_content_type` (
  `id` int(11) NOT NULL AUTO_INCREMENT,
  `name` varchar(100) NOT NULL,
  `app_label` varchar(100) NOT NULL,
  `model` varchar(100) NOT NULL,
  PRIMARY KEY (`id`),
  UNIQUE KEY `app_label` (`app_label`,`model`)
) ENGINE=InnoDB AUTO_INCREMENT=17 DEFAULT CHARSET=utf8;
/*!40101 SET character_set_client = @saved_cs_client */;

--
-- Dumping data for table `django_content_type`
--

LOCK TABLES `django_content_type` WRITE;
/*!40000 ALTER TABLE `django_content_type` DISABLE KEYS */;
INSERT INTO `django_content_type` VALUES (1,'permission','auth','permission'),(2,'group','auth','group'),(3,'user','auth','user'),(4,'content type','contenttypes','contenttype'),(5,'session','sessions','session'),(6,'site','sites','site'),(7,'migration history','south','migrationhistory'),(8,'category','setting','category'),(9,'category color','setting','categorycolor'),(10,'page','setting','page'),(11,'bookmark','setting','bookmark'),(12,'design','setting','design'),(13,'delete manager','setting','deletemanager'),(14,'user','oauth','user'),(15,'passport','oauth','passport'),(16,'exception traceback','misc','exceptiontraceback');
/*!40000 ALTER TABLE `django_content_type` ENABLE KEYS */;
UNLOCK TABLES;

--
-- Table structure for table `django_session`
--

DROP TABLE IF EXISTS `django_session`;
/*!40101 SET @saved_cs_client     = @@character_set_client */;
/*!40101 SET character_set_client = utf8 */;
CREATE TABLE `django_session` (
  `session_key` varchar(40) NOT NULL,
  `session_data` longtext NOT NULL,
  `expire_date` datetime NOT NULL,
  PRIMARY KEY (`session_key`),
  KEY `django_session_c25c2c28` (`expire_date`)
) ENGINE=InnoDB DEFAULT CHARSET=utf8;
/*!40101 SET character_set_client = @saved_cs_client */;

--
-- Dumping data for table `django_session`
--

LOCK TABLES `django_session` WRITE;
/*!40000 ALTER TABLE `django_session` DISABLE KEYS */;
/*!40000 ALTER TABLE `django_session` ENABLE KEYS */;
UNLOCK TABLES;

--
-- Table structure for table `django_site`
--

DROP TABLE IF EXISTS `django_site`;
/*!40101 SET @saved_cs_client     = @@character_set_client */;
/*!40101 SET character_set_client = utf8 */;
CREATE TABLE `django_site` (
  `id` int(11) NOT NULL AUTO_INCREMENT,
  `domain` varchar(100) NOT NULL,
  `name` varchar(50) NOT NULL,
  PRIMARY KEY (`id`)
) ENGINE=InnoDB AUTO_INCREMENT=2 DEFAULT CHARSET=utf8;
/*!40101 SET character_set_client = @saved_cs_client */;

--
-- Dumping data for table `django_site`
--

LOCK TABLES `django_site` WRITE;
/*!40000 ALTER TABLE `django_site` DISABLE KEYS */;
INSERT INTO `django_site` VALUES (1,'example.com','example.com');
/*!40000 ALTER TABLE `django_site` ENABLE KEYS */;
UNLOCK TABLES;

--
-- Table structure for table `misc_exceptiontraceback`
--

DROP TABLE IF EXISTS `misc_exceptiontraceback`;
/*!40101 SET @saved_cs_client     = @@character_set_client */;
/*!40101 SET character_set_client = utf8 */;
CREATE TABLE `misc_exceptiontraceback` (
  `id` int(11) NOT NULL AUTO_INCREMENT,
  `created_at` datetime NOT NULL,
  `user_id` varchar(255) NOT NULL,
  `view_name` varchar(255) NOT NULL,
  `request_path` varchar(1024) NOT NULL,
  `exception_type` varchar(255) NOT NULL,
  `exception_message` longtext NOT NULL,
  `traceback_log` longtext NOT NULL,
  `post_data` longtext NOT NULL,
  PRIMARY KEY (`id`),
  KEY `misc_exceptiontraceback_3b1c9c31` (`created_at`),
  KEY `misc_exceptiontraceback_fbfc09f1` (`user_id`)
) ENGINE=InnoDB DEFAULT CHARSET=utf8;
/*!40101 SET character_set_client = @saved_cs_client */;

--
-- Dumping data for table `misc_exceptiontraceback`
--

LOCK TABLES `misc_exceptiontraceback` WRITE;
/*!40000 ALTER TABLE `misc_exceptiontraceback` DISABLE KEYS */;
/*!40000 ALTER TABLE `misc_exceptiontraceback` ENABLE KEYS */;
UNLOCK TABLES;

--
-- Table structure for table `oauth_passport`
--

DROP TABLE IF EXISTS `oauth_passport`;
/*!40101 SET @saved_cs_client     = @@character_set_client */;
/*!40101 SET character_set_client = utf8 */;
CREATE TABLE `oauth_passport` (
  `id` int(11) NOT NULL AUTO_INCREMENT,
  `user_id` int(11) NOT NULL,
  `passport` varchar(50) NOT NULL,
  `updated_at` datetime NOT NULL,
  PRIMARY KEY (`id`),
  UNIQUE KEY `oauth_passport_user_id_6eaf68adddbc5702_uniq` (`user_id`,`passport`),
  KEY `oauth_passport_fbfc09f1` (`user_id`),
  KEY `oauth_passport_c0fef265` (`passport`)
) ENGINE=InnoDB AUTO_INCREMENT=2 DEFAULT CHARSET=utf8;
/*!40101 SET character_set_client = @saved_cs_client */;

--
-- Dumping data for table `oauth_passport`
--

LOCK TABLES `oauth_passport` WRITE;
/*!40000 ALTER TABLE `oauth_passport` DISABLE KEYS */;
INSERT INTO `oauth_passport` VALUES (1,1,'6ad8bf8d-379f-40b0-815a-9bb2e5b54082','2012-05-11 01:59:27');
/*!40000 ALTER TABLE `oauth_passport` ENABLE KEYS */;
UNLOCK TABLES;

--
-- Table structure for table `oauth_user`
--

DROP TABLE IF EXISTS `oauth_user`;
/*!40101 SET @saved_cs_client     = @@character_set_client */;
/*!40101 SET character_set_client = utf8 */;
CREATE TABLE `oauth_user` (
  `id` int(11) NOT NULL AUTO_INCREMENT,
  `type` varchar(50) NOT NULL,
  `type_id` varchar(255) NOT NULL,
  `name` varchar(50) NOT NULL,
  `user_dir` varchar(20) NOT NULL,
  `access_token_key` varchar(255) NOT NULL,
  `access_token_secret` varchar(255) NOT NULL,
  `created_at` datetime NOT NULL,
  `page_id` int(11) NOT NULL,
  `sync_flag` tinyint(1) NOT NULL,
  `updated_at` datetime NOT NULL,
  `use_mobile` tinyint(1) NOT NULL,
  PRIMARY KEY (`id`),
  UNIQUE KEY `oauth_user_type_62c317300c26d4a8_uniq` (`type`,`type_id`)
) ENGINE=InnoDB AUTO_INCREMENT=2 DEFAULT CHARSET=utf8;
/*!40101 SET character_set_client = @saved_cs_client */;

--
-- Dumping data for table `oauth_user`
--

LOCK TABLES `oauth_user` WRITE;
/*!40000 ALTER TABLE `oauth_user` DISABLE KEYS */;
INSERT INTO `oauth_user` VALUES (1,'facebook','100000000000000','debug user','debug.user','AAACbJuimgFIBAMtwe15nPjyXImczsxtimgNgDjyK7URk1xnatfAmmMfISiimdgN5Yz0R2mqj5evwMuZAFUwLTJ9ls7nTWkwpwufagZDZD','','2012-05-11 01:59:27',0,0,'2012-05-11 01:59:27',0);
/*!40000 ALTER TABLE `oauth_user` ENABLE KEYS */;
UNLOCK TABLES;

--
-- Table structure for table `setting_bookmark`
--

DROP TABLE IF EXISTS `setting_bookmark`;
/*!40101 SET @saved_cs_client     = @@character_set_client */;
/*!40101 SET character_set_client = utf8 */;
CREATE TABLE `setting_bookmark` (
  `id` int(11) NOT NULL AUTO_INCREMENT,
  `user_id` int(11) NOT NULL,
  `category_id` int(11) NOT NULL,
  `name` varchar(200) NOT NULL,
  `url` varchar(200) NOT NULL,
  `sort` int(11) DEFAULT NULL,
  `mobile_id` varchar(100),
  `sync_flag` tinyint(1) NOT NULL,
  `updated_at` datetime NOT NULL,
  PRIMARY KEY (`id`),
  KEY `setting_bookmark_fbfc09f1` (`user_id`),
  KEY `setting_bookmark_user_id_347f483720b7acbc` (`user_id`,`category_id`),
  KEY `setting_bookmark_user_id_3675f83e366474e8` (`user_id`,`sync_flag`)
) ENGINE=InnoDB AUTO_INCREMENT=11 DEFAULT CHARSET=utf8;
/*!40101 SET character_set_client = @saved_cs_client */;

--
-- Dumping data for table `setting_bookmark`
--

LOCK TABLES `setting_bookmark` WRITE;
/*!40000 ALTER TABLE `setting_bookmark` DISABLE KEYS */;
INSERT INTO `setting_bookmark` VALUES (1,1,1,'YouTube - Broadcast Yourself  ','http://youtube.co.jp',1,'',1,'2012-05-11 01:59:27'),(2,1,1,'ニコニコ動画(原宿)','http://www.nicovideo.jp/video_top/',2,'',1,'2012-05-11 01:59:27'),(3,1,2,'Facebook - フェイスブック - ログイン (日本語)','http://facebook.com',1,'',1,'2012-05-11 01:59:27'),(4,1,2,'Twitter','https://twitter.com/',2,'',1,'2012-05-11 01:59:27'),(5,1,2,'ソーシャル・ネットワーキング サービス [mixi(ミクシィ)]','http://mixi.jp/',3,'',1,'2012-05-11 01:59:27'),(6,1,3,'Google','http://google.co.jp',1,'',1,'2012-05-11 01:59:27'),(7,1,3,'Yahoo! JAPAN','http://yahoo.co.jp',2,'',1,'2012-05-11 01:59:27'),(8,1,4,'カミソリ・髭剃りとメンズグルーミングの専門店　｜　カミソリ倶楽部','http://www.kamisoriclub.co.jp/',3,'',1,'2012-05-11 01:59:27'),(9,1,4,'日本大相撲協会公式サイト','http://www.sumo.or.jp/',2,'',1,'2012-05-11 01:59:27'),(10,1,4,'グルメ・レストランガイド [食べログ]','http://tabelog.com/',1,'',1,'2012-05-11 01:59:27');
/*!40000 ALTER TABLE `setting_bookmark` ENABLE KEYS */;
UNLOCK TABLES;

--
-- Table structure for table `setting_category`
--

DROP TABLE IF EXISTS `setting_category`;
/*!40101 SET @saved_cs_client     = @@character_set_client */;
/*!40101 SET character_set_client = utf8 */;
CREATE TABLE `setting_category` (
  `id` int(11) NOT NULL AUTO_INCREMENT,
  `user_id` int(11) NOT NULL,
  `name` varchar(100) NOT NULL,
  `angle` int(11) NOT NULL,
  `sort` int(11) DEFAULT NULL,
  `color_id` int(11) NOT NULL,
  `tag_open` tinyint(1) NOT NULL,
  `mobile_id` varchar(100),
  `sync_flag` tinyint(1) NOT NULL,
  `updated_at` datetime NOT NULL,
  PRIMARY KEY (`id`),
  KEY `setting_category_fbfc09f1` (`user_id`),
  KEY `setting_category_user_id_5b6a7746cb50541b` (`user_id`,`angle`),
  KEY `setting_category_user_id_278e3a8eaad9e538` (`user_id`,`sync_flag`)
) ENGINE=InnoDB AUTO_INCREMENT=5 DEFAULT CHARSET=utf8;
/*!40101 SET character_set_client = @saved_cs_client */;

--
-- Dumping data for table `setting_category`
--

LOCK TABLES `setting_category` WRITE;
/*!40000 ALTER TABLE `setting_category` DISABLE KEYS */;
INSERT INTO `setting_category` VALUES (1,1,'動画サイト',2,2,3,1,'',1,'2012-05-11 01:59:27'),(2,1,'SNS',3,1,4,1,'',1,'2012-05-11 01:59:27'),(3,1,'ポータルサイト',1,1,9,0,'',1,'2012-05-11 01:59:27'),(4,1,'お気に入り',1,2,16,1,'',1,'2012-05-11 01:59:27');
/*!40000 ALTER TABLE `setting_category` ENABLE KEYS */;
UNLOCK TABLES;

--
-- Table structure for table `setting_categorycolor`
--

DROP TABLE IF EXISTS `setting_categorycolor`;
/*!40101 SET @saved_cs_client     = @@character_set_client */;
/*!40101 SET character_set_client = utf8 */;
CREATE TABLE `setting_categorycolor` (
  `id` int(11) NOT NULL AUTO_INCREMENT,
  `name` varchar(30) NOT NULL,
  `font_color` varchar(10) NOT NULL,
  `icon_color` varchar(10) NOT NULL,
  `sort` int(11) NOT NULL,
  `color_code1` varchar(10) NOT NULL,
  `color_code2` varchar(10) NOT NULL,
  `color_code3` varchar(10) NOT NULL,
  `thumbnail_color_code` varchar(10) NOT NULL,
  PRIMARY KEY (`id`)
) ENGINE=InnoDB AUTO_INCREMENT=19 DEFAULT CHARSET=utf8;
/*!40101 SET character_set_client = @saved_cs_client */;

--
-- Dumping data for table `setting_categorycolor`
--

LOCK TABLES `setting_categorycolor` WRITE;
/*!40000 ALTER TABLE `setting_categorycolor` DISABLE KEYS */;
INSERT INTO `setting_categorycolor` VALUES (1,'yellow','#000','black',70,'#FFFF00','#B0B000','#ABAB00','#ffff00'),(2,'gold','#FFF','white',10,'#FFC600','#AB8400','#A37F00','#f2bc00'),(3,'red','#FFF','white',20,'#FF0000','#8F0000','#870000','#dd0000'),(4,'blue','#FFF','white',30,'#0000FF','#00008F','#000080','#0000ee'),(5,'white','#000','black',120,'#FFFFFF','#ADADAD','#A6A6A6','#eeeeee'),(6,'orange','#FFF','white',110,'#F66E00','#8C3F00','#8A3D00','#f66e00'),(7,'dodger','#FFF','white',90,'#1E90FF','#12599E','#115394','#1e90ff'),(8,'pink','#FFF','white',80,'#FF69B4','#85375E','#82365C','#ff69b4'),(9,'forest','#FFF','white',40,'#269C26','#104010','#0E3B0E','#228b22'),(10,'lime','#FFF','white',100,'#3EFC3E','#28A628','#27A127','#32cd32'),(11,'black','#FFF','white',60,'#5E5E5E','#292929','#000000','#242424'),(12,'sienna','#FFF','white',50,'#E3733E','#6B371D','#63331B','#8b4726'),(13,'purplered','#FFF','white',140,'#FF1FB4','#85105E','#82105C','#FF1FB4'),(14,'wood','#FFF','white',130,'#FFED8B','#7A7143','#7D7544','#EEDD82'),(15,'olive','#FFF','white',160,'#739140','#293316','#242E14','#556b2f'),(16,'purple','#FFF','white',150,'#9B2FFF','#591B91','#54198A','#7d26cd'),(17,'tomato','#FFF','white',170,'#FF6347','#9C3C2B','#963A2A','#ee5c42'),(18,'grey','#FFF','white',180,'#8B7B8B','#524852','#4D444D','#8b7b8b');
/*!40000 ALTER TABLE `setting_categorycolor` ENABLE KEYS */;
UNLOCK TABLES;

--
-- Table structure for table `setting_deletemanager`
--

DROP TABLE IF EXISTS `setting_deletemanager`;
/*!40101 SET @saved_cs_client     = @@character_set_client */;
/*!40101 SET character_set_client = utf8 */;
CREATE TABLE `setting_deletemanager` (
  `id` int(11) NOT NULL AUTO_INCREMENT,
  `user_id` int(11) NOT NULL,
  `bookmark` longtext,
  `category` longtext,
  `page` longtext,
  PRIMARY KEY (`id`),
  UNIQUE KEY `user_id` (`user_id`)
) ENGINE=InnoDB AUTO_INCREMENT=2 DEFAULT CHARSET=utf8;
/*!40101 SET character_set_client = @saved_cs_client */;

--
-- Dumping data for table `setting_deletemanager`
--

LOCK TABLES `setting_deletemanager` WRITE;
/*!40000 ALTER TABLE `setting_deletemanager` DISABLE KEYS */;
INSERT INTO `setting_deletemanager` VALUES (1,1,'','','');
/*!40000 ALTER TABLE `setting_deletemanager` ENABLE KEYS */;
UNLOCK TABLES;

--
-- Table structure for table `setting_design`
--

DROP TABLE IF EXISTS `setting_design`;
/*!40101 SET @saved_cs_client     = @@character_set_client */;
/*!40101 SET character_set_client = utf8 */;
CREATE TABLE `setting_design` (
  `id` int(11) NOT NULL AUTO_INCREMENT,
  `user_id` int(11) NOT NULL,
  `linkmark_flg` tinyint(1) NOT NULL,
  `link_color` varchar(10) NOT NULL,
  `category_back_color` varchar(10) NOT NULL,
  `portal_back_kind` tinyint(1) NOT NULL,
  `portal_back_color` varchar(10) NOT NULL,
  `image_position` varchar(30) NOT NULL,
  `bk_image_ext` varchar(30) DEFAULT NULL,
  `sync_flag` tinyint(1) NOT NULL,
  `updated_at` datetime NOT NULL,
  PRIMARY KEY (`id`),
  UNIQUE KEY `user_id` (`user_id`)
) ENGINE=InnoDB AUTO_INCREMENT=2 DEFAULT CHARSET=utf8;
/*!40101 SET character_set_client = @saved_cs_client */;

--
-- Dumping data for table `setting_design`
--

LOCK TABLES `setting_design` WRITE;
/*!40000 ALTER TABLE `setting_design` DISABLE KEYS */;
INSERT INTO `setting_design` VALUES (1,1,0,'#444444','#ffd39b',1,'#ffffff','no-repeat','jpg',1,'2012-05-11 01:59:27');
/*!40000 ALTER TABLE `setting_design` ENABLE KEYS */;
UNLOCK TABLES;

--
-- Table structure for table `setting_page`
--

DROP TABLE IF EXISTS `setting_page`;
/*!40101 SET @saved_cs_client     = @@character_set_client */;
/*!40101 SET character_set_client = utf8 */;
CREATE TABLE `setting_page` (
  `id` int(11) NOT NULL AUTO_INCREMENT,
  `user_id` int(11) NOT NULL,
  `name` varchar(100) NOT NULL,
  `category_ids_str` longtext NOT NULL,
  `angle_ids_str` longtext,
  `sort_ids_str` longtext,
  `mobile_id` varchar(100),
  `sync_flag` tinyint(1) NOT NULL,
  `updated_at` datetime NOT NULL,
  PRIMARY KEY (`id`),
  KEY `setting_page_fbfc09f1` (`user_id`),
  KEY `setting_page_user_id_43d5d5f22b8fff65` (`user_id`,`sync_flag`)
) ENGINE=InnoDB DEFAULT CHARSET=utf8;
/*!40101 SET character_set_client = @saved_cs_client */;

--
-- Dumping data for table `setting_page`
--

LOCK TABLES `setting_page` WRITE;
/*!40000 ALTER TABLE `setting_page` DISABLE KEYS */;
/*!40000 ALTER TABLE `setting_page` ENABLE KEYS */;
UNLOCK TABLES;

--
-- Table structure for table `south_migrationhistory`
--

DROP TABLE IF EXISTS `south_migrationhistory`;
/*!40101 SET @saved_cs_client     = @@character_set_client */;
/*!40101 SET character_set_client = utf8 */;
CREATE TABLE `south_migrationhistory` (
  `id` int(11) NOT NULL AUTO_INCREMENT,
  `app_name` varchar(255) NOT NULL,
  `migration` varchar(255) NOT NULL,
  `applied` datetime NOT NULL,
  PRIMARY KEY (`id`)
) ENGINE=InnoDB AUTO_INCREMENT=18 DEFAULT CHARSET=utf8;
/*!40101 SET character_set_client = @saved_cs_client */;

--
-- Dumping data for table `south_migrationhistory`
--

LOCK TABLES `south_migrationhistory` WRITE;
/*!40000 ALTER TABLE `south_migrationhistory` DISABLE KEYS */;
INSERT INTO `south_migrationhistory` VALUES (1,'setting','0001_initial','2015-07-13 15:48:30'),(2,'setting','0002_add_multiple_indexes','2015-07-13 15:48:30'),(3,'setting','0003_auto__add_page','2015-07-13 15:48:30'),(4,'setting','0004_auto__del_field_categorycolor_color_code__add_field_categorycolor_colo','2015-07-13 15:48:31'),(5,'setting','0005_auto__add_field_categorycolor_thumbnail_color_code','2015-07-13 15:48:31'),(6,'setting','0006_auto__del_field_bookmark_del_flg__del_field_category_del_flg','2015-07-13 15:48:31'),(7,'setting','0007_auto__add_field_page_angle_ids_str__add_field_page_sort_ids_str','2015-07-13 15:48:31'),(8,'setting','0008_auto__add_field_bookmark_mobile_id__add_field_bookmark_sync_flag__add_','2015-07-13 15:48:32'),(9,'setting','0009_add_multiple_indexes','2015-07-13 15:48:32'),(10,'setting','0010_auto__add_deletemanager__del_unique_bookmark_mobile_id__del_unique_pag','2015-07-13 15:48:32'),(11,'oauth','0001_initial','2015-07-13 15:48:32'),(12,'oauth','0002_auto__del_field_user_create_at__add_field_user_created_at__del_field_p','2015-07-13 15:48:33'),(13,'oauth','0003_auto__add_field_user_page_id','2015-07-13 15:48:33'),(14,'oauth','0004_auto__chg_field_user_access_token_key__chg_field_user_access_token_sec','2015-07-13 15:48:33'),(15,'oauth','0005_auto__add_field_user_sync_flag__add_field_user_updated_at','2015-07-13 15:48:33'),(16,'oauth','0006_auto__add_field_user_use_mobile','2015-07-13 15:48:33'),(17,'misc','0001_initial','2015-07-13 15:48:33');
/*!40000 ALTER TABLE `south_migrationhistory` ENABLE KEYS */;
UNLOCK TABLES;
/*!40103 SET TIME_ZONE=@OLD_TIME_ZONE */;

/*!40101 SET SQL_MODE=@OLD_SQL_MODE */;
/*!40014 SET FOREIGN_KEY_CHECKS=@OLD_FOREIGN_KEY_CHECKS */;
/*!40014 SET UNIQUE_CHECKS=@OLD_UNIQUE_CHECKS */;
/*!40101 SET CHARACTER_SET_CLIENT=@OLD_CHARACTER_SET_CLIENT */;
/*!40101 SET CHARACTER_SET_RESULTS=@OLD_CHARACTER_SET_RESULTS */;
/*!40101 SET COLLATION_CONNECTION=@OLD_COLLATION_CONNECTION */;
/*!40111 SET SQL_NOTES=@OLD_SQL_NOTES */;

-- Dump completed on 2015-08-03 11:53:17
